[23Jul2025 23:49:00.414] [main/INFO] [cpw.mods.modlauncher.Launcher/MODLAUNCHER]: ModLauncher running: args [--launchTarget, forgeserver, --fml.forgeVersion, 47.4.0, --fml.mcVersion, 1.20.1, --fml.forgeGroup, net.minecraftforge, --fml.mcpVersion, 20230612.114412, nogui]
[23Jul2025 23:49:00.419] [main/INFO] [cpw.mods.modlauncher.Launcher/MODLAUNCHER]: ModLauncher 10.0.9+10.0.9+main.dcd20f30 starting: java version 17.0.15 by Ubuntu; OS Linux arch amd64 version 6.8.0-1027-azure
[23Jul2025 23:49:00.442] [main/DEBUG] [cpw.mods.modlauncher.LaunchServiceHandler/MODLAUNCHER]: Found launch services [fmlclientdev,forgeclient,minecraft,forgegametestserverdev,fmlserveruserdev,fmlclient,fmldatauserdev,forgeserverdev,forgeserveruserdev,forgeclientdev,forgeclientuserdev,forgeserver,forgedatadev,fmlserver,fmlclientuserdev,fmlserverdev,forgedatauserdev,testharness,forgegametestserveruserdev]
[23Jul2025 23:49:00.452] [main/DEBUG] [cpw.mods.modlauncher.NameMappingServiceHandler/MODLAUNCHER]: Found naming services : [srgtomcp]
[23Jul2025 23:49:00.466] [main/DEBUG] [cpw.mods.modlauncher.LaunchPluginHandler/MODLAUNCHER]: Found launch plugins: [mixin,eventbus,slf4jfixer,object_holder_definalize,runtime_enum_extender,capability_token_subclass,accesstransformer,runtimedistcleaner]
[23Jul2025 23:49:00.476] [main/DEBUG] [cpw.mods.modlauncher.TransformationServicesHandler/MODLAUNCHER]: Discovering transformation services
[23Jul2025 23:49:00.481] [main/DEBUG] [net.minecraftforge.fml.loading.FMLPaths/CORE]: Path GAMEDIR is /workspaces/MinecraftServer/servidor_minecraft
[23Jul2025 23:49:00.481] [main/DEBUG] [net.minecraftforge.fml.loading.FMLPaths/CORE]: Path MODSDIR is /workspaces/MinecraftServer/servidor_minecraft/mods
[23Jul2025 23:49:00.481] [main/DEBUG] [net.minecraftforge.fml.loading.FMLPaths/CORE]: Path CONFIGDIR is /workspaces/MinecraftServer/servidor_minecraft/config
[23Jul2025 23:49:00.481] [main/DEBUG] [net.minecraftforge.fml.loading.FMLPaths/CORE]: Path FMLCONFIG is /workspaces/MinecraftServer/servidor_minecraft/config/fml.toml
[23Jul2025 23:49:01.617] [main/DEBUG] [cpw.mods.modlauncher.TransformationServicesHandler/MODLAUNCHER]: Found additional transformation services from discovery services: 
[23Jul2025 23:49:01.624] [main/INFO] [net.minecraftforge.fml.loading.ImmediateWindowHandler/]: ImmediateWindowProvider not loading because launch target is forgeserver
[23Jul2025 23:49:01.635] [main/DEBUG] [cpw.mods.modlauncher.TransformationServicesHandler/MODLAUNCHER]: Found transformer services : [mixin,fml]
[23Jul2025 23:49:01.636] [main/DEBUG] [cpw.mods.modlauncher.TransformationServicesHandler/MODLAUNCHER]: Transformation services loading
[23Jul2025 23:49:01.636] [main/DEBUG] [cpw.mods.modlauncher.TransformationServiceDecorator/MODLAUNCHER]: Loading service mixin
[23Jul2025 23:49:01.636] [main/DEBUG] [cpw.mods.modlauncher.TransformationServiceDecorator/MODLAUNCHER]: Loaded service mixin
[23Jul2025 23:49:01.637] [main/DEBUG] [cpw.mods.modlauncher.TransformationServiceDecorator/MODLAUNCHER]: Loading service fml
[23Jul2025 23:49:01.638] [main/DEBUG] [net.minecraftforge.fml.loading.LauncherVersion/CORE]: Found FMLLauncher version 1.0
[23Jul2025 23:49:01.638] [main/DEBUG] [net.minecraftforge.fml.loading.FMLLoader/CORE]: FML 1.0 loading
[23Jul2025 23:49:01.639] [main/DEBUG] [net.minecraftforge.fml.loading.FMLLoader/CORE]: FML found ModLauncher version : 10.0.9+10.0.9+main.dcd20f30
[23Jul2025 23:49:01.639] [main/DEBUG] [net.minecraftforge.fml.loading.FMLLoader/CORE]: Requesting CoreMods to not apply the fix for ASMAPI.findFirstInstructionBefore by default
[23Jul2025 23:49:01.640] [main/DEBUG] [net.minecraftforge.fml.loading.FMLLoader/CORE]: FML found AccessTransformer version : 8.0.4+66+master.c09db6d7
[23Jul2025 23:49:01.640] [main/DEBUG] [net.minecraftforge.fml.loading.FMLLoader/CORE]: FML found EventBus version : 6.0.5+6.0.5+master.eb8e549b
[23Jul2025 23:49:01.640] [main/DEBUG] [net.minecraftforge.fml.loading.FMLLoader/CORE]: Found Runtime Dist Cleaner
[23Jul2025 23:49:01.642] [main/DEBUG] [net.minecraftforge.coremod.CoreModEngine/]: CoreMods will preserve legacy behavior of ASMAPI.findFirstInstructionBefore for backwards-compatibility
[23Jul2025 23:49:01.642] [main/DEBUG] [net.minecraftforge.fml.loading.FMLLoader/CORE]: FML found CoreMod version : 5.2.4
[23Jul2025 23:49:01.643] [main/DEBUG] [net.minecraftforge.fml.loading.FMLLoader/CORE]: Found ForgeSPI package implementation version 7.0.1+7.0.1+master.d2b38bf6
[23Jul2025 23:49:01.643] [main/DEBUG] [net.minecraftforge.fml.loading.FMLLoader/CORE]: Found ForgeSPI package specification 5
[23Jul2025 23:49:01.643] [main/DEBUG] [cpw.mods.modlauncher.TransformationServiceDecorator/MODLAUNCHER]: Loaded service fml
[23Jul2025 23:49:01.644] [main/DEBUG] [cpw.mods.modlauncher.TransformationServicesHandler/MODLAUNCHER]: Configuring option handling for services
[23Jul2025 23:49:01.653] [main/DEBUG] [cpw.mods.modlauncher.TransformationServicesHandler/MODLAUNCHER]: Transformation services initializing
[23Jul2025 23:49:01.653] [main/DEBUG] [cpw.mods.modlauncher.TransformationServiceDecorator/MODLAUNCHER]: Initializing transformation service mixin
[23Jul2025 23:49:01.668] [main/DEBUG] [mixin/]: MixinService [ModLauncher] was successfully booted in cpw.mods.cl.ModuleClassLoader@1e7c7811
[23Jul2025 23:49:01.689] [main/INFO] [mixin/]: SpongePowered MIXIN Subsystem Version=0.8.5 Source=union:/workspaces/MinecraftServer/servidor_minecraft/libraries/org/spongepowered/mixin/0.8.5/mixin-0.8.5.jar%2365!/ Service=ModLauncher Env=SERVER
[23Jul2025 23:49:01.692] [main/DEBUG] [mixin/]: Initialising Mixin Platform Manager
[23Jul2025 23:49:01.692] [main/DEBUG] [mixin/]: Adding mixin platform agents for container ModLauncher Root Container(ModLauncher:4f56a0a2)
[23Jul2025 23:49:01.693] [main/DEBUG] [mixin/]: Instancing new MixinPlatformAgentMinecraftForge for ModLauncher Root Container(ModLauncher:4f56a0a2)
[23Jul2025 23:49:01.693] [main/DEBUG] [mixin/]: MixinPlatformAgentMinecraftForge rejected container ModLauncher Root Container(ModLauncher:4f56a0a2)
[23Jul2025 23:49:01.694] [main/DEBUG] [mixin/]: Instancing new MixinPlatformAgentDefault for ModLauncher Root Container(ModLauncher:4f56a0a2)
[23Jul2025 23:49:01.694] [main/DEBUG] [mixin/]: MixinPlatformAgentDefault accepted container ModLauncher Root Container(ModLauncher:4f56a0a2)
[23Jul2025 23:49:01.698] [main/DEBUG] [cpw.mods.modlauncher.TransformationServiceDecorator/MODLAUNCHER]: Initialized transformation service mixin
[23Jul2025 23:49:01.698] [main/DEBUG] [cpw.mods.modlauncher.TransformationServiceDecorator/MODLAUNCHER]: Initializing transformation service fml
[23Jul2025 23:49:01.698] [main/DEBUG] [net.minecraftforge.fml.loading.FMLServiceProvider/CORE]: Setting up basic FML game directories
[23Jul2025 23:49:01.698] [main/DEBUG] [net.minecraftforge.fml.loading.FMLPaths/CORE]: Path GAMEDIR is /workspaces/MinecraftServer/servidor_minecraft
[23Jul2025 23:49:01.699] [main/DEBUG] [net.minecraftforge.fml.loading.FMLPaths/CORE]: Path MODSDIR is /workspaces/MinecraftServer/servidor_minecraft/mods
[23Jul2025 23:49:01.699] [main/DEBUG] [net.minecraftforge.fml.loading.FMLPaths/CORE]: Path CONFIGDIR is /workspaces/MinecraftServer/servidor_minecraft/config
[23Jul2025 23:49:01.699] [main/DEBUG] [net.minecraftforge.fml.loading.FMLPaths/CORE]: Path FMLCONFIG is /workspaces/MinecraftServer/servidor_minecraft/config/fml.toml
[23Jul2025 23:49:01.699] [main/DEBUG] [net.minecraftforge.fml.loading.FMLServiceProvider/CORE]: Loading configuration
[23Jul2025 23:49:01.701] [main/DEBUG] [net.minecraftforge.fml.loading.FMLServiceProvider/CORE]: Preparing ModFile
[23Jul2025 23:49:01.703] [main/DEBUG] [net.minecraftforge.fml.loading.FMLServiceProvider/CORE]: Preparing launch handler
[23Jul2025 23:49:01.704] [main/DEBUG] [net.minecraftforge.fml.loading.FMLLoader/CORE]: Using forgeserver as launch service
[23Jul2025 23:49:01.715] [main/DEBUG] [net.minecraftforge.fml.loading.FMLLoader/CORE]: Received command line version data  : VersionInfo[forgeVersion=47.4.0, mcVersion=1.20.1, mcpVersion=20230612.114412, forgeGroup=net.minecraftforge]
[23Jul2025 23:49:01.717] [main/DEBUG] [cpw.mods.modlauncher.TransformationServiceDecorator/MODLAUNCHER]: Initialized transformation service fml
[23Jul2025 23:49:01.717] [main/DEBUG] [cpw.mods.modlauncher.NameMappingServiceHandler/MODLAUNCHER]: Current naming domain is 'srg'
[23Jul2025 23:49:01.717] [main/DEBUG] [cpw.mods.modlauncher.NameMappingServiceHandler/MODLAUNCHER]: Identified name mapping providers {}
[23Jul2025 23:49:01.717] [main/DEBUG] [cpw.mods.modlauncher.TransformationServicesHandler/MODLAUNCHER]: Transformation services begin scanning
[23Jul2025 23:49:01.718] [main/DEBUG] [cpw.mods.modlauncher.TransformationServiceDecorator/MODLAUNCHER]: Beginning scan trigger - transformation service mixin
[23Jul2025 23:49:01.718] [main/DEBUG] [cpw.mods.modlauncher.TransformationServiceDecorator/MODLAUNCHER]: End scan trigger - transformation service mixin
[23Jul2025 23:49:01.719] [main/DEBUG] [cpw.mods.modlauncher.TransformationServiceDecorator/MODLAUNCHER]: Beginning scan trigger - transformation service fml
[23Jul2025 23:49:01.719] [main/DEBUG] [net.minecraftforge.fml.loading.FMLServiceProvider/CORE]: Initiating mod scan
[23Jul2025 23:49:01.729] [main/DEBUG] [net.minecraftforge.fml.loading.moddiscovery.ModListHandler/CORE]: Found mod coordinates from lists: []
[23Jul2025 23:49:01.732] [main/DEBUG] [net.minecraftforge.fml.loading.moddiscovery.ModDiscoverer/CORE]: Found Mod Locators : (mods folder:null),(maven libs:null),(exploded directory:null),(minecraft:null),(userdev classpath:null)
[23Jul2025 23:49:01.732] [main/DEBUG] [net.minecraftforge.fml.loading.moddiscovery.ModDiscoverer/CORE]: Found Dependency Locators : (JarInJar:null)
[23Jul2025 23:49:01.738] [main/DEBUG] [net.minecraftforge.fml.loading.moddiscovery.ModFileParser/LOADING]: Considering mod file candidate /workspaces/MinecraftServer/servidor_minecraft/mods/AmbientSounds_FORGE_v6.1.8_mc1.20.1.jar
[23Jul2025 23:49:01.773] [main/DEBUG] [net.minecraftforge.fml.loading.moddiscovery.ModFileInfo/LOADING]: Found valid mod file AmbientSounds_FORGE_v6.1.8_mc1.20.1.jar with {ambientsounds} mods - versions {6.1.8}
[23Jul2025 23:49:01.774] [main/DEBUG] [net.minecraftforge.fml.loading.moddiscovery.ModFileParser/LOADING]: Considering mod file candidate /workspaces/MinecraftServer/servidor_minecraft/mods/architectury-9.2.14-forge.jar
[23Jul2025 23:49:01.775] [main/DEBUG] [net.minecraftforge.fml.loading.moddiscovery.ModFileInfo/LOADING]: Found valid mod file architectury-9.2.14-forge.jar with {architectury} mods - versions {9.2.14}
[23Jul2025 23:49:01.776] [main/DEBUG] [net.minecraftforge.fml.loading.moddiscovery.ModFileParser/LOADING]: Considering mod file candidate /workspaces/MinecraftServer/servidor_minecraft/mods/artifacts-forge-9.5.16.jar
[23Jul2025 23:49:01.778] [main/DEBUG] [net.minecraftforge.fml.loading.moddiscovery.ModFileInfo/LOADING]: Found valid mod file artifacts-forge-9.5.16.jar with {artifacts} mods - versions {9.5.16}
[23Jul2025 23:49:01.778] [main/DEBUG] [net.minecraftforge.fml.loading.moddiscovery.ModFileParser/LOADING]: Considering mod file candidate /workspaces/MinecraftServer/servidor_minecraft/mods/balm-forge-1.20.1-7.3.27-all.jar
[23Jul2025 23:49:01.780] [main/DEBUG] [net.minecraftforge.fml.loading.moddiscovery.ModFileInfo/LOADING]: Found valid mod file balm-forge-1.20.1-7.3.27-all.jar with {balm} mods - versions {7.3.27}
[23Jul2025 23:49:01.780] [main/DEBUG] [net.minecraftforge.fml.loading.moddiscovery.ModFileParser/LOADING]: Considering mod file candidate /workspaces/MinecraftServer/servidor_minecraft/mods/bettervillage-forge-1.20.1-3.3.0-all.jar
[23Jul2025 23:49:01.782] [main/DEBUG] [net.minecraftforge.fml.loading.moddiscovery.ModFileInfo/LOADING]: Found valid mod file bettervillage-forge-1.20.1-3.3.0-all.jar with {bettervillage} mods - versions {3.3.0}
[23Jul2025 23:49:01.782] [main/DEBUG] [net.minecraftforge.fml.loading.moddiscovery.ModFileParser/LOADING]: Considering mod file candidate /workspaces/MinecraftServer/servidor_minecraft/mods/carryon-forge-1.20.1-2.1.2.7.jar
[23Jul2025 23:49:01.785] [main/DEBUG] [net.minecraftforge.fml.loading.moddiscovery.ModFileInfo/LOADING]: Found valid mod file carryon-forge-1.20.1-2.1.2.7.jar with {carryon} mods - versions {2.1.2.7}
[23Jul2025 23:49:01.805] [main/DEBUG] [net.minecraftforge.fml.loading.moddiscovery.ModFileParser/LOADING]: Considering mod file candidate /workspaces/MinecraftServer/servidor_minecraft/mods/cfm-forge-1.20.1-7.0.0-pre36.jar
[23Jul2025 23:49:01.807] [main/DEBUG] [net.minecraftforge.fml.loading.moddiscovery.ModFileInfo/LOADING]: Found valid mod file cfm-forge-1.20.1-7.0.0-pre36.jar with {cfm} mods - versions {7.0.0-pre36}
[23Jul2025 23:49:01.808] [main/DEBUG] [net.minecraftforge.fml.loading.moddiscovery.ModFileParser/LOADING]: Considering mod file candidate /workspaces/MinecraftServer/servidor_minecraft/mods/citadel-2.6.1-1.20.1.jar
[23Jul2025 23:49:01.810] [main/DEBUG] [net.minecraftforge.fml.loading.moddiscovery.ModFileInfo/LOADING]: Found valid mod file citadel-2.6.1-1.20.1.jar with {citadel} mods - versions {2.6.1}
[23Jul2025 23:49:01.811] [main/DEBUG] [net.minecraftforge.fml.loading.moddiscovery.ModFileParser/LOADING]: Considering mod file candidate /workspaces/MinecraftServer/servidor_minecraft/mods/cloth-config-11.1.136-forge.jar
[23Jul2025 23:49:01.812] [main/DEBUG] [net.minecraftforge.fml.loading.moddiscovery.ModFileInfo/LOADING]: Found valid mod file cloth-config-11.1.136-forge.jar with {cloth_config} mods - versions {11.1.136}
[23Jul2025 23:49:01.813] [main/DEBUG] [net.minecraftforge.fml.loading.moddiscovery.ModFileParser/LOADING]: Considering mod file candidate /workspaces/MinecraftServer/servidor_minecraft/mods/collective-1.20.1-8.1.jar
[23Jul2025 23:49:01.814] [main/DEBUG] [net.minecraftforge.fml.loading.moddiscovery.ModFileInfo/LOADING]: Found valid mod file collective-1.20.1-8.1.jar with {collective} mods - versions {8.1}
[23Jul2025 23:49:01.814] [main/DEBUG] [net.minecraftforge.fml.loading.moddiscovery.ModFileParser/LOADING]: Considering mod file candidate /workspaces/MinecraftServer/servidor_minecraft/mods/CreativeCore_FORGE_v2.12.32_mc1.20.1.jar
[23Jul2025 23:49:01.815] [main/DEBUG] [net.minecraftforge.fml.loading.moddiscovery.ModFileInfo/LOADING]: Found valid mod file CreativeCore_FORGE_v2.12.32_mc1.20.1.jar with {creativecore} mods - versions {2.12.32}
[23Jul2025 23:49:01.816] [main/DEBUG] [net.minecraftforge.fml.loading.moddiscovery.ModFileParser/LOADING]: Considering mod file candidate /workspaces/MinecraftServer/servidor_minecraft/mods/curios-forge-5.14.1+1.20.1.jar
[23Jul2025 23:49:01.817] [main/DEBUG] [net.minecraftforge.fml.loading.moddiscovery.ModFileInfo/LOADING]: Found valid mod file curios-forge-5.14.1+1.20.1.jar with {curios} mods - versions {5.14.1+1.20.1}
[23Jul2025 23:49:01.818] [main/DEBUG] [net.minecraftforge.fml.loading.moddiscovery.ModFileParser/LOADING]: Considering mod file candidate /workspaces/MinecraftServer/servidor_minecraft/mods/dungeons_enhanced-1.20.1-5.4.2.jar
[23Jul2025 23:49:01.819] [main/DEBUG] [net.minecraftforge.fml.loading.moddiscovery.ModFileInfo/LOADING]: Found valid mod file dungeons_enhanced-1.20.1-5.4.2.jar with {dungeons_enhanced} mods - versions {5.4.2}
[23Jul2025 23:49:01.822] [main/DEBUG] [net.minecraftforge.fml.loading.moddiscovery.ModFileParser/LOADING]: Considering mod file candidate /workspaces/MinecraftServer/servidor_minecraft/mods/EasyMagic-v8.0.1-1.20.1-Forge.jar
[23Jul2025 23:49:01.823] [main/DEBUG] [net.minecraftforge.fml.loading.moddiscovery.ModFileInfo/LOADING]: Found valid mod file EasyMagic-v8.0.1-1.20.1-Forge.jar with {easymagic} mods - versions {8.0.1}
[23Jul2025 23:49:01.823] [main/DEBUG] [net.minecraftforge.fml.loading.moddiscovery.ModFileParser/LOADING]: Considering mod file candidate /workspaces/MinecraftServer/servidor_minecraft/mods/endrem_forge-5.3.3-R-1.20.1.jar
[23Jul2025 23:49:01.824] [main/DEBUG] [net.minecraftforge.fml.loading.moddiscovery.ModFileInfo/LOADING]: Found valid mod file endrem_forge-5.3.3-R-1.20.1.jar with {endrem} mods - versions {5.3.3-R-1.20.1}
[23Jul2025 23:49:01.825] [main/DEBUG] [net.minecraftforge.fml.loading.moddiscovery.ModFileParser/LOADING]: Considering mod file candidate /workspaces/MinecraftServer/servidor_minecraft/mods/fallingleaves-1.20.1-2.1.2.jar
[23Jul2025 23:49:01.825] [main/DEBUG] [net.minecraftforge.fml.loading.moddiscovery.ModFileInfo/LOADING]: Found valid mod file fallingleaves-1.20.1-2.1.2.jar with {fallingleaves} mods - versions {2.1.2}
[23Jul2025 23:49:01.828] [main/DEBUG] [net.minecraftforge.fml.loading.moddiscovery.ModFileParser/LOADING]: Considering mod file candidate /workspaces/MinecraftServer/servidor_minecraft/mods/FallingTree-1.20.1-4.3.2.jar
[23Jul2025 23:49:01.828] [main/DEBUG] [net.minecraftforge.fml.loading.moddiscovery.ModFileInfo/LOADING]: Found valid mod file FallingTree-1.20.1-4.3.2.jar with {fallingtree} mods - versions {4.3.2}
[23Jul2025 23:49:01.830] [main/DEBUG] [net.minecraftforge.fml.loading.moddiscovery.ModFileParser/LOADING]: Considering mod file candidate /workspaces/MinecraftServer/servidor_minecraft/mods/FarmersDelight-1.20.1-1.2.7.jar
[23Jul2025 23:49:01.831] [main/DEBUG] [net.minecraftforge.fml.loading.moddiscovery.ModFileInfo/LOADING]: Found valid mod file FarmersDelight-1.20.1-1.2.7.jar with {farmersdelight} mods - versions {1.20.1-1.2.7}
[23Jul2025 23:49:01.833] [main/DEBUG] [net.minecraftforge.fml.loading.moddiscovery.ModFileParser/LOADING]: Considering mod file candidate /workspaces/MinecraftServer/servidor_minecraft/mods/flib-1.20.1-0.0.15.jar
[23Jul2025 23:49:01.834] [main/DEBUG] [net.minecraftforge.fml.loading.moddiscovery.ModFileInfo/LOADING]: Found valid mod file flib-1.20.1-0.0.15.jar with {flib} mods - versions {0.0.15}
[23Jul2025 23:49:01.838] [main/DEBUG] [net.minecraftforge.fml.loading.moddiscovery.ModFileParser/LOADING]: Considering mod file candidate /workspaces/MinecraftServer/servidor_minecraft/mods/iceandfire-2.1.13-1.20.1-beta-5.jar
[23Jul2025 23:49:01.839] [main/DEBUG] [net.minecraftforge.fml.loading.moddiscovery.ModFileInfo/LOADING]: Found valid mod file iceandfire-2.1.13-1.20.1-beta-5.jar with {iceandfire} mods - versions {2.1.13-1.20.1}
[23Jul2025 23:49:01.841] [main/DEBUG] [net.minecraftforge.fml.loading.moddiscovery.ModFileParser/LOADING]: Considering mod file candidate /workspaces/MinecraftServer/servidor_minecraft/mods/Incendium_1.20.x_v5.3.5.jar
[23Jul2025 23:49:01.842] [main/DEBUG] [net.minecraftforge.fml.loading.moddiscovery.ModFileInfo/LOADING]: Found valid mod file Incendium_1.20.x_v5.3.5.jar with {incendium} mods - versions {5.3.5}
[23Jul2025 23:49:01.843] [main/DEBUG] [net.minecraftforge.fml.loading.moddiscovery.ModFileParser/LOADING]: Considering mod file candidate /workspaces/MinecraftServer/servidor_minecraft/mods/inventoryhud.forge.1.20.1-3.4.26.jar
[23Jul2025 23:49:01.844] [main/DEBUG] [net.minecraftforge.fml.loading.moddiscovery.ModFileInfo/LOADING]: Found valid mod file inventoryhud.forge.1.20.1-3.4.26.jar with {inventoryhud} mods - versions {3.4.26}
[23Jul2025 23:49:01.844] [main/DEBUG] [net.minecraftforge.fml.loading.moddiscovery.ModFileParser/LOADING]: Considering mod file candidate /workspaces/MinecraftServer/servidor_minecraft/mods/Jade-1.20.1-Forge-11.13.1.jar
[23Jul2025 23:49:01.845] [main/DEBUG] [net.minecraftforge.fml.loading.moddiscovery.ModFileInfo/LOADING]: Found valid mod file Jade-1.20.1-Forge-11.13.1.jar with {jade} mods - versions {11.13.1+forge}
[23Jul2025 23:49:01.845] [main/DEBUG] [net.minecraftforge.fml.loading.moddiscovery.ModFileParser/LOADING]: Considering mod file candidate /workspaces/MinecraftServer/servidor_minecraft/mods/jamlib-forge-1.3.5+1.20.1.jar
[23Jul2025 23:49:01.846] [main/DEBUG] [net.minecraftforge.fml.loading.moddiscovery.ModFileInfo/LOADING]: Found valid mod file jamlib-forge-1.3.5+1.20.1.jar with {jamlib} mods - versions {1.3.5+1.20.1}
[23Jul2025 23:49:01.847] [main/DEBUG] [net.minecraftforge.fml.loading.moddiscovery.ModFileParser/LOADING]: Considering mod file candidate /workspaces/MinecraftServer/servidor_minecraft/mods/jei-1.20.1-forge-15.20.0.106.jar
[23Jul2025 23:49:01.848] [main/DEBUG] [net.minecraftforge.fml.loading.moddiscovery.ModFileInfo/LOADING]: Found valid mod file jei-1.20.1-forge-15.20.0.106.jar with {jei} mods - versions {15.20.0.106}
[23Jul2025 23:49:01.848] [main/DEBUG] [net.minecraftforge.fml.loading.moddiscovery.ModFileParser/LOADING]: Considering mod file candidate /workspaces/MinecraftServer/servidor_minecraft/mods/libraryferret-forge-1.20.1-4.0.0.jar
[23Jul2025 23:49:01.849] [main/DEBUG] [net.minecraftforge.fml.loading.moddiscovery.ModFileInfo/LOADING]: Found valid mod file libraryferret-forge-1.20.1-4.0.0.jar with {libraryferret} mods - versions {4.0.0}
[23Jul2025 23:49:01.850] [main/DEBUG] [net.minecraftforge.fml.loading.moddiscovery.ModFileParser/LOADING]: Considering mod file candidate /workspaces/MinecraftServer/servidor_minecraft/mods/mcw-windows-2.3.0-mc1.20.1forge.jar
[23Jul2025 23:49:01.851] [main/DEBUG] [net.minecraftforge.fml.loading.moddiscovery.ModFileInfo/LOADING]: Found valid mod file mcw-windows-2.3.0-mc1.20.1forge.jar with {mcwwindows} mods - versions {2.3.0}
[23Jul2025 23:49:01.852] [main/DEBUG] [net.minecraftforge.fml.loading.moddiscovery.ModFileParser/LOADING]: Considering mod file candidate /workspaces/MinecraftServer/servidor_minecraft/mods/moonlight-1.20-2.13.81-forge.jar
[23Jul2025 23:49:01.853] [main/DEBUG] [net.minecraftforge.fml.loading.moddiscovery.ModFileInfo/LOADING]: Found valid mod file moonlight-1.20-2.13.81-forge.jar with {moonlight} mods - versions {1.20-2.13.81}
[23Jul2025 23:49:01.854] [main/DEBUG] [net.minecraftforge.fml.loading.moddiscovery.ModFileParser/LOADING]: Considering mod file candidate /workspaces/MinecraftServer/servidor_minecraft/mods/mvs-4.1.4-1.20-forge.jar
[23Jul2025 23:49:01.854] [main/DEBUG] [net.minecraftforge.fml.loading.moddiscovery.ModFileInfo/LOADING]: Found valid mod file mvs-4.1.4-1.20-forge.jar with {mvs} mods - versions {4.1.4-1.20-forge}
[23Jul2025 23:49:01.855] [main/DEBUG] [net.minecraftforge.fml.loading.moddiscovery.ModFileParser/LOADING]: Considering mod file candidate /workspaces/MinecraftServer/servidor_minecraft/mods/notenoughanimations-forge-1.9.3-mc1.20.1.jar
[23Jul2025 23:49:01.856] [main/DEBUG] [net.minecraftforge.fml.loading.moddiscovery.ModFileInfo/LOADING]: Found valid mod file notenoughanimations-forge-1.9.3-mc1.20.1.jar with {notenoughanimations} mods - versions {1.9.3}
[23Jul2025 23:49:01.856] [main/DEBUG] [net.minecraftforge.fml.loading.moddiscovery.ModFileParser/LOADING]: Considering mod file candidate /workspaces/MinecraftServer/servidor_minecraft/mods/PlayerRevive_FORGE_v2.0.26_mc1.20.1.jar
[23Jul2025 23:49:01.857] [main/DEBUG] [net.minecraftforge.fml.loading.moddiscovery.ModFileInfo/LOADING]: Found valid mod file PlayerRevive_FORGE_v2.0.26_mc1.20.1.jar with {playerrevive} mods - versions {2.0.26}
[23Jul2025 23:49:01.865] [main/DEBUG] [net.minecraftforge.fml.loading.moddiscovery.ModFileParser/LOADING]: Considering mod file candidate /workspaces/MinecraftServer/servidor_minecraft/mods/PuzzlesLib-v8.1.32-1.20.1-Forge.jar
[23Jul2025 23:49:01.866] [main/DEBUG] [net.minecraftforge.fml.loading.moddiscovery.ModFileInfo/LOADING]: Found valid mod file PuzzlesLib-v8.1.32-1.20.1-Forge.jar with {puzzleslib} mods - versions {8.1.32}
[23Jul2025 23:49:01.866] [main/DEBUG] [net.minecraftforge.fml.loading.moddiscovery.ModFileParser/LOADING]: Considering mod file candidate /workspaces/MinecraftServer/servidor_minecraft/mods/rightclickharvest-forge-4.5.3+1.20.1.jar
[23Jul2025 23:49:01.867] [main/DEBUG] [net.minecraftforge.fml.loading.moddiscovery.ModFileInfo/LOADING]: Found valid mod file rightclickharvest-forge-4.5.3+1.20.1.jar with {rightclickharvest} mods - versions {4.5.3+1.20.1}
[23Jul2025 23:49:01.868] [main/DEBUG] [net.minecraftforge.fml.loading.moddiscovery.ModFileParser/LOADING]: Considering mod file candidate /workspaces/MinecraftServer/servidor_minecraft/mods/sbblacklist-1.20.1-1.0.2.jar
[23Jul2025 23:49:01.868] [main/DEBUG] [net.minecraftforge.fml.loading.moddiscovery.ModFileInfo/LOADING]: Found valid mod file sbblacklist-1.20.1-1.0.2.jar with {sbblacklist} mods - versions {1.0.2}
[23Jul2025 23:49:01.869] [main/DEBUG] [net.minecraftforge.fml.loading.moddiscovery.ModFileParser/LOADING]: Considering mod file candidate /workspaces/MinecraftServer/servidor_minecraft/mods/scaffoldingdropsnearby-1.20.1-3.4.jar
[23Jul2025 23:49:01.869] [main/DEBUG] [net.minecraftforge.fml.loading.moddiscovery.ModFileInfo/LOADING]: Found valid mod file scaffoldingdropsnearby-1.20.1-3.4.jar with {scaffoldingdropsnearby} mods - versions {3.4}
[23Jul2025 23:49:01.872] [main/DEBUG] [net.minecraftforge.fml.loading.moddiscovery.ModFileParser/LOADING]: Considering mod file candidate /workspaces/MinecraftServer/servidor_minecraft/mods/simpletomb-1.20.1-1.3.0.jar
[23Jul2025 23:49:01.873] [main/DEBUG] [net.minecraftforge.fml.loading.moddiscovery.ModFileInfo/LOADING]: Found valid mod file simpletomb-1.20.1-1.3.0.jar with {simpletomb} mods - versions {1.20.1-1.3.0}
[23Jul2025 23:49:01.874] [main/DEBUG] [net.minecraftforge.fml.loading.moddiscovery.ModFileParser/LOADING]: Considering mod file candidate /workspaces/MinecraftServer/servidor_minecraft/mods/sophisticatedbackpacks-1.20.1-3.23.11.1222.jar
[23Jul2025 23:49:01.874] [main/DEBUG] [net.minecraftforge.fml.loading.moddiscovery.ModFileInfo/LOADING]: Found valid mod file sophisticatedbackpacks-1.20.1-3.23.11.1222.jar with {sophisticatedbackpacks} mods - versions {3.23.11.1222}
[23Jul2025 23:49:01.875] [main/DEBUG] [net.minecraftforge.fml.loading.moddiscovery.ModFileParser/LOADING]: Considering mod file candidate /workspaces/MinecraftServer/servidor_minecraft/mods/sophisticatedcore-1.20.1-1.2.43.949.jar
[23Jul2025 23:49:01.876] [main/DEBUG] [net.minecraftforge.fml.loading.moddiscovery.ModFileInfo/LOADING]: Found valid mod file sophisticatedcore-1.20.1-1.2.43.949.jar with {sophisticatedcore} mods - versions {1.2.43.949}
[23Jul2025 23:49:01.877] [main/DEBUG] [net.minecraftforge.fml.loading.moddiscovery.ModFileParser/LOADING]: Considering mod file candidate /workspaces/MinecraftServer/servidor_minecraft/mods/structure_gel-1.20.1-2.16.2.jar
[23Jul2025 23:49:01.877] [main/DEBUG] [net.minecraftforge.fml.loading.moddiscovery.ModFileInfo/LOADING]: Found valid mod file structure_gel-1.20.1-2.16.2.jar with {structure_gel} mods - versions {2.16.2}
[23Jul2025 23:49:01.880] [main/DEBUG] [net.minecraftforge.fml.loading.moddiscovery.ModFileParser/LOADING]: Considering mod file candidate /workspaces/MinecraftServer/servidor_minecraft/mods/supplementaries-1.20-3.1.26.jar
[23Jul2025 23:49:01.881] [main/DEBUG] [net.minecraftforge.fml.loading.moddiscovery.ModFileInfo/LOADING]: Found valid mod file supplementaries-1.20-3.1.26.jar with {supplementaries} mods - versions {1.20-3.1.26}
[23Jul2025 23:49:01.882] [main/DEBUG] [net.minecraftforge.fml.loading.moddiscovery.ModFileParser/LOADING]: Considering mod file candidate /workspaces/MinecraftServer/servidor_minecraft/mods/takesapillage-1.0.3-1.20.1.jar
[23Jul2025 23:49:01.883] [main/DEBUG] [net.minecraftforge.fml.loading.moddiscovery.ModFileInfo/LOADING]: Found valid mod file takesapillage-1.0.3-1.20.1.jar with {takesapillage} mods - versions {1.0.3}
[23Jul2025 23:49:01.884] [main/DEBUG] [net.minecraftforge.fml.loading.moddiscovery.ModFileParser/LOADING]: Considering mod file candidate /workspaces/MinecraftServer/servidor_minecraft/mods/tectonic-forge-1.20.1-2.4.1.jar
[23Jul2025 23:49:01.884] [main/DEBUG] [net.minecraftforge.fml.loading.moddiscovery.ModFileInfo/LOADING]: Found valid mod file tectonic-forge-1.20.1-2.4.1.jar with {tectonic} mods - versions {2.4.1}
[23Jul2025 23:49:01.889] [main/DEBUG] [net.minecraftforge.fml.loading.moddiscovery.ModFileParser/LOADING]: Considering mod file candidate /workspaces/MinecraftServer/servidor_minecraft/mods/twilightforest-1.20.1-4.3.2508-universal.jar
[23Jul2025 23:49:01.889] [main/DEBUG] [net.minecraftforge.fml.loading.moddiscovery.ModFileInfo/LOADING]: Found valid mod file twilightforest-1.20.1-4.3.2508-universal.jar with {twilightforest} mods - versions {4.3.2508}
[23Jul2025 23:49:01.890] [main/DEBUG] [net.minecraftforge.fml.loading.moddiscovery.ModFileParser/LOADING]: Considering mod file candidate /workspaces/MinecraftServer/servidor_minecraft/mods/villagernames-1.20.1-8.2.jar
[23Jul2025 23:49:01.891] [main/DEBUG] [net.minecraftforge.fml.loading.moddiscovery.ModFileInfo/LOADING]: Found valid mod file villagernames-1.20.1-8.2.jar with {villagernames} mods - versions {8.2}
[23Jul2025 23:49:01.891] [main/DEBUG] [net.minecraftforge.fml.loading.moddiscovery.ModFileParser/LOADING]: Considering mod file candidate /workspaces/MinecraftServer/servidor_minecraft/mods/waystones-forge-1.20.1-14.1.11.jar
[23Jul2025 23:49:01.892] [main/DEBUG] [net.minecraftforge.fml.loading.moddiscovery.ModFileInfo/LOADING]: Found valid mod file waystones-forge-1.20.1-14.1.11.jar with {waystones} mods - versions {14.1.11}
[23Jul2025 23:49:01.893] [main/DEBUG] [net.minecraftforge.fml.loading.moddiscovery.ModFileParser/LOADING]: Considering mod file candidate /workspaces/MinecraftServer/servidor_minecraft/mods/Xaeros_Minimap_25.2.0_Forge_1.20.jar
[23Jul2025 23:49:01.894] [main/DEBUG] [net.minecraftforge.fml.loading.moddiscovery.ModFileInfo/LOADING]: Found valid mod file Xaeros_Minimap_25.2.0_Forge_1.20.jar with {xaerominimap} mods - versions {25.2.0}
[23Jul2025 23:49:01.895] [main/WARN] [net.minecraftforge.fml.loading.moddiscovery.ModDiscoverer/SCAN]: Locator {mods folder locator at /workspaces/MinecraftServer/servidor_minecraft/mods} returned 1 files which are client-side-only mods, but we're on a dedicated server. They will be skipped!
[23Jul2025 23:49:02.001] [main/DEBUG] [net.minecraftforge.fml.loading.moddiscovery.ModFileInfo/LOADING]: Found valid mod file server-1.20.1-20230612.114412-srg.jar with {minecraft} mods - versions {1.20.1}
[23Jul2025 23:49:02.005] [main/DEBUG] [net.minecraftforge.fml.loading.moddiscovery.ModFileParser/LOADING]: Considering mod file candidate /workspaces/MinecraftServer/servidor_minecraft/libraries/net/minecraftforge/fmlcore/1.20.1-47.4.0/fmlcore-1.20.1-47.4.0.jar
[23Jul2025 23:49:02.005] [main/WARN] [net.minecraftforge.fml.loading.moddiscovery.ModFileParser/LOADING]: Mod file /workspaces/MinecraftServer/servidor_minecraft/libraries/net/minecraftforge/fmlcore/1.20.1-47.4.0/fmlcore-1.20.1-47.4.0.jar is missing mods.toml file
[23Jul2025 23:49:02.007] [main/DEBUG] [net.minecraftforge.fml.loading.moddiscovery.ModFileParser/LOADING]: Considering mod file candidate /workspaces/MinecraftServer/servidor_minecraft/libraries/net/minecraftforge/javafmllanguage/1.20.1-47.4.0/javafmllanguage-1.20.1-47.4.0.jar
[23Jul2025 23:49:02.007] [main/WARN] [net.minecraftforge.fml.loading.moddiscovery.ModFileParser/LOADING]: Mod file /workspaces/MinecraftServer/servidor_minecraft/libraries/net/minecraftforge/javafmllanguage/1.20.1-47.4.0/javafmllanguage-1.20.1-47.4.0.jar is missing mods.toml file
[23Jul2025 23:49:02.009] [main/DEBUG] [net.minecraftforge.fml.loading.moddiscovery.ModFileParser/LOADING]: Considering mod file candidate /workspaces/MinecraftServer/servidor_minecraft/libraries/net/minecraftforge/lowcodelanguage/1.20.1-47.4.0/lowcodelanguage-1.20.1-47.4.0.jar
[23Jul2025 23:49:02.009] [main/WARN] [net.minecraftforge.fml.loading.moddiscovery.ModFileParser/LOADING]: Mod file /workspaces/MinecraftServer/servidor_minecraft/libraries/net/minecraftforge/lowcodelanguage/1.20.1-47.4.0/lowcodelanguage-1.20.1-47.4.0.jar is missing mods.toml file
[23Jul2025 23:49:02.011] [main/DEBUG] [net.minecraftforge.fml.loading.moddiscovery.ModFileParser/LOADING]: Considering mod file candidate /workspaces/MinecraftServer/servidor_minecraft/libraries/net/minecraftforge/mclanguage/1.20.1-47.4.0/mclanguage-1.20.1-47.4.0.jar
[23Jul2025 23:49:02.011] [main/WARN] [net.minecraftforge.fml.loading.moddiscovery.ModFileParser/LOADING]: Mod file /workspaces/MinecraftServer/servidor_minecraft/libraries/net/minecraftforge/mclanguage/1.20.1-47.4.0/mclanguage-1.20.1-47.4.0.jar is missing mods.toml file
[23Jul2025 23:49:02.044] [main/DEBUG] [net.minecraftforge.fml.loading.moddiscovery.ModFileParser/LOADING]: Considering mod file candidate /workspaces/MinecraftServer/servidor_minecraft/libraries/net/minecraftforge/forge/1.20.1-47.4.0/forge-1.20.1-47.4.0-universal.jar
[23Jul2025 23:49:02.045] [main/DEBUG] [net.minecraftforge.fml.loading.moddiscovery.ModFileInfo/LOADING]: Found valid mod file forge-1.20.1-47.4.0-universal.jar with {forge} mods - versions {47.4.0}
[23Jul2025 23:49:02.056] [main/DEBUG] [net.minecraftforge.fml.loading.moddiscovery.AbstractJarFileDependencyLocator/]: Failed to load resource META-INF/jarjar/metadata.json from server-1.20.1-20230612.114412-srg.jar, it does not contain dependency information.
[23Jul2025 23:49:02.057] [main/DEBUG] [net.minecraftforge.fml.loading.moddiscovery.AbstractJarFileDependencyLocator/]: Failed to load resource META-INF/jarjar/metadata.json from FarmersDelight-1.20.1-1.2.7.jar, it does not contain dependency information.
[23Jul2025 23:49:02.057] [main/DEBUG] [net.minecraftforge.fml.loading.moddiscovery.AbstractJarFileDependencyLocator/]: Failed to load resource META-INF/jarjar/metadata.json from AmbientSounds_FORGE_v6.1.8_mc1.20.1.jar, it does not contain dependency information.
[23Jul2025 23:49:02.057] [main/DEBUG] [net.minecraftforge.fml.loading.moddiscovery.AbstractJarFileDependencyLocator/]: Failed to load resource META-INF/jarjar/metadata.json from Jade-1.20.1-Forge-11.13.1.jar, it does not contain dependency information.
[23Jul2025 23:49:02.057] [main/DEBUG] [net.minecraftforge.fml.loading.moddiscovery.AbstractJarFileDependencyLocator/]: Failed to load resource META-INF/jarjar/metadata.json from endrem_forge-5.3.3-R-1.20.1.jar, it does not contain dependency information.
[23Jul2025 23:49:02.057] [main/DEBUG] [net.minecraftforge.fml.loading.moddiscovery.AbstractJarFileDependencyLocator/]: Failed to load resource META-INF/jarjar/metadata.json from CreativeCore_FORGE_v2.12.32_mc1.20.1.jar, it does not contain dependency information.
[23Jul2025 23:49:02.057] [main/DEBUG] [net.minecraftforge.fml.loading.moddiscovery.AbstractJarFileDependencyLocator/]: Failed to load resource META-INF/jarjar/metadata.json from jei-1.20.1-forge-15.20.0.106.jar, it does not contain dependency information.
[23Jul2025 23:49:02.057] [main/DEBUG] [net.minecraftforge.fml.loading.moddiscovery.AbstractJarFileDependencyLocator/]: Failed to load resource META-INF/jarjar/metadata.json from dungeons_enhanced-1.20.1-5.4.2.jar, it does not contain dependency information.
[23Jul2025 23:49:02.058] [main/DEBUG] [net.minecraftforge.fml.loading.moddiscovery.AbstractJarFileDependencyLocator/]: Failed to load resource META-INF/jarjar/metadata.json from libraryferret-forge-1.20.1-4.0.0.jar, it does not contain dependency information.
[23Jul2025 23:49:02.058] [main/DEBUG] [net.minecraftforge.fml.loading.moddiscovery.AbstractJarFileDependencyLocator/]: Failed to load resource META-INF/jarjar/metadata.json from mcw-windows-2.3.0-mc1.20.1forge.jar, it does not contain dependency information.
[23Jul2025 23:49:02.058] [main/DEBUG] [net.minecraftforge.fml.loading.moddiscovery.AbstractJarFileDependencyLocator/]: Failed to load resource META-INF/jarjar/metadata.json from Incendium_1.20.x_v5.3.5.jar, it does not contain dependency information.
[23Jul2025 23:49:02.058] [main/DEBUG] [net.minecraftforge.fml.loading.moddiscovery.AbstractJarFileDependencyLocator/]: Failed to load resource META-INF/jarjar/metadata.json from sophisticatedcore-1.20.1-1.2.43.949.jar, it does not contain dependency information.
[23Jul2025 23:49:02.058] [main/DEBUG] [net.minecraftforge.fml.loading.moddiscovery.AbstractJarFileDependencyLocator/]: Failed to load resource META-INF/jarjar/metadata.json from curios-forge-5.14.1+1.20.1.jar, it does not contain dependency information.
[23Jul2025 23:49:02.058] [main/DEBUG] [net.minecraftforge.fml.loading.moddiscovery.AbstractJarFileDependencyLocator/]: Failed to load resource META-INF/jarjar/metadata.json from Xaeros_Minimap_25.2.0_Forge_1.20.jar, it does not contain dependency information.
[23Jul2025 23:49:02.058] [main/DEBUG] [net.minecraftforge.fml.loading.moddiscovery.AbstractJarFileDependencyLocator/]: Failed to load resource META-INF/jarjar/metadata.json from waystones-forge-1.20.1-14.1.11.jar, it does not contain dependency information.
[23Jul2025 23:49:02.059] [main/DEBUG] [net.minecraftforge.fml.loading.moddiscovery.AbstractJarFileDependencyLocator/]: Failed to load resource META-INF/jarjar/metadata.json from rightclickharvest-forge-4.5.3+1.20.1.jar, it does not contain dependency information.
[23Jul2025 23:49:02.059] [main/DEBUG] [net.minecraftforge.fml.loading.moddiscovery.AbstractJarFileDependencyLocator/]: Failed to load resource META-INF/jarjar/metadata.json from villagernames-1.20.1-8.2.jar, it does not contain dependency information.
[23Jul2025 23:49:02.059] [main/DEBUG] [net.minecraftforge.fml.loading.moddiscovery.AbstractJarFileDependencyLocator/]: Failed to load resource META-INF/jarjar/metadata.json from fallingleaves-1.20.1-2.1.2.jar, it does not contain dependency information.
[23Jul2025 23:49:02.059] [main/DEBUG] [net.minecraftforge.fml.loading.moddiscovery.AbstractJarFileDependencyLocator/]: Failed to load resource META-INF/jarjar/metadata.json from collective-1.20.1-8.1.jar, it does not contain dependency information.
[23Jul2025 23:49:02.059] [main/DEBUG] [net.minecraftforge.fml.loading.moddiscovery.AbstractJarFileDependencyLocator/]: Failed to load resource META-INF/jarjar/metadata.json from citadel-2.6.1-1.20.1.jar, it does not contain dependency information.
[23Jul2025 23:49:02.059] [main/DEBUG] [net.minecraftforge.fml.loading.moddiscovery.AbstractJarFileDependencyLocator/]: Failed to load resource META-INF/jarjar/metadata.json from sbblacklist-1.20.1-1.0.2.jar, it does not contain dependency information.
[23Jul2025 23:49:02.060] [main/DEBUG] [net.minecraftforge.fml.loading.moddiscovery.AbstractJarFileDependencyLocator/]: Failed to load resource META-INF/jarjar/metadata.json from inventoryhud.forge.1.20.1-3.4.26.jar, it does not contain dependency information.
[23Jul2025 23:49:02.060] [main/DEBUG] [net.minecraftforge.fml.loading.moddiscovery.AbstractJarFileDependencyLocator/]: Failed to load resource META-INF/jarjar/metadata.json from sophisticatedbackpacks-1.20.1-3.23.11.1222.jar, it does not contain dependency information.
[23Jul2025 23:49:02.060] [main/DEBUG] [net.minecraftforge.fml.loading.moddiscovery.AbstractJarFileDependencyLocator/]: Failed to load resource META-INF/jarjar/metadata.json from takesapillage-1.0.3-1.20.1.jar, it does not contain dependency information.
[23Jul2025 23:49:02.060] [main/DEBUG] [net.minecraftforge.fml.loading.moddiscovery.AbstractJarFileDependencyLocator/]: Failed to load resource META-INF/jarjar/metadata.json from mvs-4.1.4-1.20-forge.jar, it does not contain dependency information.
[23Jul2025 23:49:02.060] [main/DEBUG] [net.minecraftforge.fml.loading.moddiscovery.AbstractJarFileDependencyLocator/]: Failed to load resource META-INF/jarjar/metadata.json from cfm-forge-1.20.1-7.0.0-pre36.jar, it does not contain dependency information.
[23Jul2025 23:49:02.060] [main/DEBUG] [net.minecraftforge.fml.loading.moddiscovery.AbstractJarFileDependencyLocator/]: Failed to load resource META-INF/jarjar/metadata.json from architectury-9.2.14-forge.jar, it does not contain dependency information.
[23Jul2025 23:49:02.061] [main/DEBUG] [net.minecraftforge.fml.loading.moddiscovery.AbstractJarFileDependencyLocator/]: Failed to load resource META-INF/jarjar/metadata.json from iceandfire-2.1.13-1.20.1-beta-5.jar, it does not contain dependency information.
[23Jul2025 23:49:02.061] [main/DEBUG] [net.minecraftforge.fml.loading.moddiscovery.AbstractJarFileDependencyLocator/]: Failed to load resource META-INF/jarjar/metadata.json from flib-1.20.1-0.0.15.jar, it does not contain dependency information.
[23Jul2025 23:49:02.061] [main/DEBUG] [net.minecraftforge.fml.loading.moddiscovery.AbstractJarFileDependencyLocator/]: Failed to load resource META-INF/jarjar/metadata.json from FallingTree-1.20.1-4.3.2.jar, it does not contain dependency information.
[23Jul2025 23:49:02.061] [main/DEBUG] [net.minecraftforge.fml.loading.moddiscovery.AbstractJarFileDependencyLocator/]: Failed to load resource META-INF/jarjar/metadata.json from cloth-config-11.1.136-forge.jar, it does not contain dependency information.
[23Jul2025 23:49:02.061] [main/DEBUG] [net.minecraftforge.fml.loading.moddiscovery.AbstractJarFileDependencyLocator/]: Failed to load resource META-INF/jarjar/metadata.json from forge-1.20.1-47.4.0-universal.jar, it does not contain dependency information.
[23Jul2025 23:49:02.061] [main/DEBUG] [net.minecraftforge.fml.loading.moddiscovery.AbstractJarFileDependencyLocator/]: Failed to load resource META-INF/jarjar/metadata.json from simpletomb-1.20.1-1.3.0.jar, it does not contain dependency information.
[23Jul2025 23:49:02.062] [main/DEBUG] [net.minecraftforge.fml.loading.moddiscovery.AbstractJarFileDependencyLocator/]: Failed to load resource META-INF/jarjar/metadata.json from twilightforest-1.20.1-4.3.2508-universal.jar, it does not contain dependency information.
[23Jul2025 23:49:02.062] [main/DEBUG] [net.minecraftforge.fml.loading.moddiscovery.AbstractJarFileDependencyLocator/]: Failed to load resource META-INF/jarjar/metadata.json from PlayerRevive_FORGE_v2.0.26_mc1.20.1.jar, it does not contain dependency information.
[23Jul2025 23:49:02.062] [main/DEBUG] [net.minecraftforge.fml.loading.moddiscovery.AbstractJarFileDependencyLocator/]: Failed to load resource META-INF/jarjar/metadata.json from scaffoldingdropsnearby-1.20.1-3.4.jar, it does not contain dependency information.
[23Jul2025 23:49:02.062] [main/DEBUG] [net.minecraftforge.fml.loading.moddiscovery.AbstractJarFileDependencyLocator/]: Failed to load resource META-INF/jarjar/metadata.json from structure_gel-1.20.1-2.16.2.jar, it does not contain dependency information.
[23Jul2025 23:49:02.062] [main/DEBUG] [net.minecraftforge.fml.loading.moddiscovery.AbstractJarFileDependencyLocator/]: Failed to load resource META-INF/jarjar/metadata.json from tectonic-forge-1.20.1-2.4.1.jar, it does not contain dependency information.
[23Jul2025 23:49:02.062] [main/DEBUG] [net.minecraftforge.fml.loading.moddiscovery.AbstractJarFileDependencyLocator/]: Failed to load resource META-INF/jarjar/metadata.json from mclanguage-1.20.1-47.4.0.jar, it does not contain dependency information.
[23Jul2025 23:49:02.062] [main/DEBUG] [net.minecraftforge.fml.loading.moddiscovery.AbstractJarFileDependencyLocator/]: Failed to load resource META-INF/jarjar/metadata.json from javafmllanguage-1.20.1-47.4.0.jar, it does not contain dependency information.
[23Jul2025 23:49:02.063] [main/DEBUG] [net.minecraftforge.fml.loading.moddiscovery.AbstractJarFileDependencyLocator/]: Failed to load resource META-INF/jarjar/metadata.json from fmlcore-1.20.1-47.4.0.jar, it does not contain dependency information.
[23Jul2025 23:49:02.063] [main/DEBUG] [net.minecraftforge.fml.loading.moddiscovery.AbstractJarFileDependencyLocator/]: Failed to load resource META-INF/jarjar/metadata.json from lowcodelanguage-1.20.1-47.4.0.jar, it does not contain dependency information.
[23Jul2025 23:49:02.104] [main/DEBUG] [net.minecraftforge.fml.loading.moddiscovery.ModFileParser/LOADING]: Considering mod file candidate 
[23Jul2025 23:49:02.104] [main/DEBUG] [net.minecraftforge.fml.loading.moddiscovery.ModFileInfo/LOADING]: Found valid mod file puzzlesaccessapi-forge-20.1.1.jar with {puzzlesaccessapi} mods - versions {20.1.1}
[23Jul2025 23:49:02.106] [main/DEBUG] [net.minecraftforge.fml.loading.moddiscovery.ModFileParser/LOADING]: Considering mod file candidate 
[23Jul2025 23:49:02.106] [main/DEBUG] [net.minecraftforge.fml.loading.moddiscovery.ModFileInfo/LOADING]: Found valid mod file mixinextras-forge-0.4.1.jar with {mixinextras} mods - versions {0.4.1}
[23Jul2025 23:49:02.108] [main/DEBUG] [net.minecraftforge.fml.loading.moddiscovery.ModFileParser/LOADING]: Considering mod file candidate 
[23Jul2025 23:49:02.109] [main/DEBUG] [net.minecraftforge.fml.loading.moddiscovery.ModFileInfo/LOADING]: Found valid mod file expandability-forge-9.0.4.jar with {expandability} mods - versions {9.0.4}
[23Jul2025 23:49:02.111] [main/DEBUG] [net.minecraftforge.fml.loading.moddiscovery.ModFileParser/LOADING]: Considering mod file candidate 
[23Jul2025 23:49:02.112] [main/DEBUG] [net.minecraftforge.fml.loading.moddiscovery.ModFileInfo/LOADING]: Found valid mod file mixinextras-forge-0.3.5.jar with {mixinextras} mods - versions {0.3.5}
[23Jul2025 23:49:02.113] [main/DEBUG] [net.minecraftforge.fml.loading.moddiscovery.ModFileParser/LOADING]: Considering mod file candidate 
[23Jul2025 23:49:02.114] [main/DEBUG] [net.minecraftforge.fml.loading.moddiscovery.ModFileInfo/LOADING]: Found valid mod file kuma-api-forge-20.1.10+1.20.1.jar with {kuma_api} mods - versions {20.1.10}
[23Jul2025 23:49:02.116] [main/DEBUG] [net.minecraftforge.fml.loading.moddiscovery.ModFileParser/LOADING]: Considering mod file candidate 
[23Jul2025 23:49:02.117] [main/DEBUG] [net.minecraftforge.fml.loading.moddiscovery.ModFileInfo/LOADING]: Found valid mod file mixinextras-forge-0.2.0-beta.6.jar with {mixinextras} mods - versions {0.2.0-beta.6}
[23Jul2025 23:49:02.119] [main/DEBUG] [net.minecraftforge.fml.loading.moddiscovery.ModFileParser/LOADING]: Considering mod file candidate 
[23Jul2025 23:49:02.120] [main/DEBUG] [net.minecraftforge.fml.loading.moddiscovery.ModFileInfo/LOADING]: Found valid mod file mixinextras-forge-0.4.1.jar with {mixinextras} mods - versions {0.4.1}
[23Jul2025 23:49:02.128] [main/DEBUG] [net.minecraftforge.fml.loading.moddiscovery.ModFileParser/LOADING]: Considering mod file candidate 
[23Jul2025 23:49:02.128] [main/DEBUG] [net.minecraftforge.fml.loading.moddiscovery.ModFileInfo/LOADING]: Found valid mod file mixinextras-forge-0.3.6.jar with {mixinextras} mods - versions {0.3.6}
[23Jul2025 23:49:02.129] [main/DEBUG] [net.minecraftforge.fml.loading.moddiscovery.ModFileParser/LOADING]: Considering mod file candidate 
[23Jul2025 23:49:02.130] [main/DEBUG] [net.minecraftforge.fml.loading.moddiscovery.ModFileInfo/LOADING]: Found valid mod file mixinsquared-forge-0.1.1.jar with {mixinsquared} mods - versions {0.1.1}
[23Jul2025 23:49:02.132] [main/DEBUG] [net.minecraftforge.fml.loading.moddiscovery.ModFileParser/LOADING]: Considering mod file candidate 
[23Jul2025 23:49:02.132] [main/DEBUG] [net.minecraftforge.fml.loading.moddiscovery.ModFileInfo/LOADING]: Found valid mod file mixinextras-forge-0.3.6.jar with {mixinextras} mods - versions {0.3.6}
[23Jul2025 23:49:02.133] [main/DEBUG] [net.minecraftforge.fml.loading.moddiscovery.AbstractJarFileDependencyLocator/]: Failed to load resource META-INF/jarjar/metadata.json from puzzlesaccessapi-forge-20.1.1.jar, it does not contain dependency information.
[23Jul2025 23:49:02.146] [main/DEBUG] [net.minecraftforge.fml.loading.moddiscovery.AbstractJarFileDependencyLocator/]: Failed to load resource META-INF/jarjar/metadata.json from kuma-api-forge-20.1.10+1.20.1.jar, it does not contain dependency information.
[23Jul2025 23:49:02.152] [main/DEBUG] [net.minecraftforge.fml.loading.moddiscovery.AbstractJarFileDependencyLocator/]: Failed to load resource META-INF/jarjar/metadata.json from jankson-1.2.3.jar, it does not contain dependency information.
[23Jul2025 23:49:02.161] [main/DEBUG] [net.minecraftforge.fml.loading.moddiscovery.AbstractJarFileDependencyLocator/]: Failed to load resource META-INF/jarjar/metadata.json from MixinExtras-0.4.1.jar, it does not contain dependency information.
[23Jul2025 23:49:02.161] [main/DEBUG] [net.minecraftforge.fml.loading.moddiscovery.AbstractJarFileDependencyLocator/]: Failed to load resource META-INF/jarjar/metadata.json from MixinExtras-0.1.1.jar, it does not contain dependency information.
[23Jul2025 23:49:02.161] [main/DEBUG] [net.minecraftforge.fml.loading.moddiscovery.AbstractJarFileDependencyLocator/]: Failed to load resource META-INF/jarjar/metadata.json from MixinExtras-0.3.5.jar, it does not contain dependency information.
[23Jul2025 23:49:02.161] [main/DEBUG] [net.minecraftforge.fml.loading.moddiscovery.AbstractJarFileDependencyLocator/]: Failed to load resource META-INF/jarjar/metadata.json from MixinExtras-0.2.0-beta.6.jar, it does not contain dependency information.
[23Jul2025 23:49:02.161] [main/DEBUG] [net.minecraftforge.fml.loading.moddiscovery.AbstractJarFileDependencyLocator/]: Failed to load resource META-INF/jarjar/metadata.json from MixinExtras-0.4.1.jar, it does not contain dependency information.
[23Jul2025 23:49:02.162] [main/DEBUG] [net.minecraftforge.fml.loading.moddiscovery.AbstractJarFileDependencyLocator/]: Failed to load resource META-INF/jarjar/metadata.json from MixinExtras-0.3.6.jar, it does not contain dependency information.
[23Jul2025 23:49:02.162] [main/DEBUG] [net.minecraftforge.fml.loading.moddiscovery.AbstractJarFileDependencyLocator/]: Failed to load resource META-INF/jarjar/metadata.json from MixinSquared-0.1.1.jar, it does not contain dependency information.
[23Jul2025 23:49:02.162] [main/DEBUG] [net.minecraftforge.fml.loading.moddiscovery.AbstractJarFileDependencyLocator/]: Failed to load resource META-INF/jarjar/metadata.json from MixinExtras-0.3.6.jar, it does not contain dependency information.
[23Jul2025 23:49:02.182] [main/DEBUG] [net.minecraftforge.fml.loading.moddiscovery.ModFileParser/LOADING]: Considering mod file candidate 
[23Jul2025 23:49:02.182] [main/DEBUG] [net.minecraftforge.fml.loading.moddiscovery.ModFileInfo/LOADING]: Found valid mod file puzzlesaccessapi-forge-20.1.1.jar with {puzzlesaccessapi} mods - versions {20.1.1}
[23Jul2025 23:49:02.183] [main/DEBUG] [net.minecraftforge.fml.loading.moddiscovery.ModFileParser/LOADING]: Considering mod file candidate 
[23Jul2025 23:49:02.184] [main/DEBUG] [net.minecraftforge.fml.loading.moddiscovery.ModFileInfo/LOADING]: Found valid mod file mixinextras-forge-0.4.1.jar with {mixinextras} mods - versions {0.4.1}
[23Jul2025 23:49:02.187] [main/DEBUG] [net.minecraftforge.fml.loading.moddiscovery.ModFileParser/LOADING]: Considering mod file candidate 
[23Jul2025 23:49:02.187] [main/DEBUG] [net.minecraftforge.fml.loading.moddiscovery.ModFileInfo/LOADING]: Found valid mod file mixinsquared-forge-0.1.1.jar with {mixinsquared} mods - versions {0.1.1}
[23Jul2025 23:49:02.190] [main/DEBUG] [net.minecraftforge.fml.loading.moddiscovery.ModFileParser/LOADING]: Considering mod file candidate 
[23Jul2025 23:49:02.190] [main/DEBUG] [net.minecraftforge.fml.loading.moddiscovery.ModFileInfo/LOADING]: Found valid mod file expandability-forge-9.0.4.jar with {expandability} mods - versions {9.0.4}
[23Jul2025 23:49:02.191] [main/DEBUG] [net.minecraftforge.fml.loading.moddiscovery.ModFileParser/LOADING]: Considering mod file candidate 
[23Jul2025 23:49:02.192] [main/DEBUG] [net.minecraftforge.fml.loading.moddiscovery.ModFileInfo/LOADING]: Found valid mod file kuma-api-forge-20.1.10+1.20.1.jar with {kuma_api} mods - versions {20.1.10}
[23Jul2025 23:49:02.192] [main/DEBUG] [net.minecraftforge.fml.loading.moddiscovery.ModFileParser/LOADING]: Considering mod file candidate 
[23Jul2025 23:49:02.193] [main/DEBUG] [net.minecraftforge.fml.loading.moddiscovery.ModFileInfo/LOADING]: Found valid mod file mixinextras-forge-0.2.0-beta.6.jar with {mixinextras} mods - versions {0.2.0-beta.6}
[23Jul2025 23:49:02.193] [main/WARN] [net.minecraftforge.jarjar.selection.JarSelector/]: Attempted to select two dependency jars from JarJar which have the same identification: Mod File:  and Mod File: . Using Mod File: 
[23Jul2025 23:49:02.195] [main/INFO] [net.minecraftforge.fml.loading.moddiscovery.JarInJarDependencyLocator/]: Found 8 dependencies adding them to mods collection
[23Jul2025 23:49:02.196] [main/DEBUG] [net.minecraftforge.fml.loading.moddiscovery.ModFileParser/LOADING]: Considering mod file candidate 
[23Jul2025 23:49:02.197] [main/DEBUG] [net.minecraftforge.fml.loading.moddiscovery.ModFileInfo/LOADING]: Found valid mod file kuma-api-forge-20.1.10+1.20.1.jar with {kuma_api} mods - versions {20.1.10}
[23Jul2025 23:49:02.200] [main/DEBUG] [net.minecraftforge.fml.loading.moddiscovery.ModFile/LOADING]: Loading mod file  with languages [LanguageSpec[languageName=javafml, acceptedVersions=[47,)]]
[23Jul2025 23:49:02.201] [main/DEBUG] [net.minecraftforge.fml.loading.moddiscovery.ModFileParser/LOADING]: Considering mod file candidate /workspaces/MinecraftServer/servidor_minecraft/mods/EasyMagic-v8.0.1-1.20.1-Forge.jar
[23Jul2025 23:49:02.202] [main/DEBUG] [net.minecraftforge.fml.loading.moddiscovery.ModFileInfo/LOADING]: Found valid mod file EasyMagic-v8.0.1-1.20.1-Forge.jar with {easymagic} mods - versions {8.0.1}
[23Jul2025 23:49:02.202] [main/DEBUG] [net.minecraftforge.fml.loading.moddiscovery.ModFile/LOADING]: Loading mod file /workspaces/MinecraftServer/servidor_minecraft/mods/EasyMagic-v8.0.1-1.20.1-Forge.jar with languages [LanguageSpec[languageName=javafml, acceptedVersions=[47,)]]
[23Jul2025 23:49:02.202] [main/DEBUG] [net.minecraftforge.fml.loading.moddiscovery.ModFileParser/LOADING]: Considering mod file candidate /workspaces/MinecraftServer/servidor_minecraft/mods/jei-1.20.1-forge-15.20.0.106.jar
[23Jul2025 23:49:02.203] [main/DEBUG] [net.minecraftforge.fml.loading.moddiscovery.ModFileInfo/LOADING]: Found valid mod file jei-1.20.1-forge-15.20.0.106.jar with {jei} mods - versions {15.20.0.106}
[23Jul2025 23:49:02.203] [main/DEBUG] [net.minecraftforge.fml.loading.moddiscovery.ModFile/LOADING]: Loading mod file /workspaces/MinecraftServer/servidor_minecraft/mods/jei-1.20.1-forge-15.20.0.106.jar with languages [LanguageSpec[languageName=javafml, acceptedVersions=[47,)]]
[23Jul2025 23:49:02.203] [main/DEBUG] [net.minecraftforge.fml.loading.moddiscovery.ModFileParser/LOADING]: Considering mod file candidate /workspaces/MinecraftServer/servidor_minecraft/mods/libraryferret-forge-1.20.1-4.0.0.jar
[23Jul2025 23:49:02.203] [main/DEBUG] [net.minecraftforge.fml.loading.moddiscovery.ModFileInfo/LOADING]: Found valid mod file libraryferret-forge-1.20.1-4.0.0.jar with {libraryferret} mods - versions {4.0.0}
[23Jul2025 23:49:02.203] [main/DEBUG] [net.minecraftforge.fml.loading.moddiscovery.ModFile/LOADING]: Loading mod file /workspaces/MinecraftServer/servidor_minecraft/mods/libraryferret-forge-1.20.1-4.0.0.jar with languages [LanguageSpec[languageName=javafml, acceptedVersions=[47,)]]
[23Jul2025 23:49:02.204] [main/DEBUG] [net.minecraftforge.fml.loading.moddiscovery.ModFileParser/LOADING]: Considering mod file candidate /workspaces/MinecraftServer/servidor_minecraft/mods/mcw-windows-2.3.0-mc1.20.1forge.jar
[23Jul2025 23:49:02.204] [main/DEBUG] [net.minecraftforge.fml.loading.moddiscovery.ModFileInfo/LOADING]: Found valid mod file mcw-windows-2.3.0-mc1.20.1forge.jar with {mcwwindows} mods - versions {2.3.0}
[23Jul2025 23:49:02.204] [main/DEBUG] [net.minecraftforge.fml.loading.moddiscovery.ModFile/LOADING]: Loading mod file /workspaces/MinecraftServer/servidor_minecraft/mods/mcw-windows-2.3.0-mc1.20.1forge.jar with languages [LanguageSpec[languageName=javafml, acceptedVersions=[28,)]]
[23Jul2025 23:49:02.204] [main/DEBUG] [net.minecraftforge.fml.loading.moddiscovery.ModFileParser/LOADING]: Considering mod file candidate /workspaces/MinecraftServer/servidor_minecraft/mods/Incendium_1.20.x_v5.3.5.jar
[23Jul2025 23:49:02.205] [main/DEBUG] [net.minecraftforge.fml.loading.moddiscovery.ModFileInfo/LOADING]: Found valid mod file Incendium_1.20.x_v5.3.5.jar with {incendium} mods - versions {5.3.5}
[23Jul2025 23:49:02.205] [main/DEBUG] [net.minecraftforge.fml.loading.moddiscovery.ModFile/LOADING]: Loading mod file /workspaces/MinecraftServer/servidor_minecraft/mods/Incendium_1.20.x_v5.3.5.jar with languages [LanguageSpec[languageName=lowcodefml, acceptedVersions=[1,)]]
[23Jul2025 23:49:02.205] [main/DEBUG] [net.minecraftforge.fml.loading.moddiscovery.ModFileParser/LOADING]: Considering mod file candidate /workspaces/MinecraftServer/servidor_minecraft/mods/sophisticatedcore-1.20.1-1.2.43.949.jar
[23Jul2025 23:49:02.206] [main/DEBUG] [net.minecraftforge.fml.loading.moddiscovery.ModFileInfo/LOADING]: Found valid mod file sophisticatedcore-1.20.1-1.2.43.949.jar with {sophisticatedcore} mods - versions {1.2.43.949}
[23Jul2025 23:49:02.206] [main/DEBUG] [net.minecraftforge.fml.loading.moddiscovery.ModFile/LOADING]: Loading mod file /workspaces/MinecraftServer/servidor_minecraft/mods/sophisticatedcore-1.20.1-1.2.43.949.jar with languages [LanguageSpec[languageName=javafml, acceptedVersions=[47,)]]
[23Jul2025 23:49:02.206] [main/DEBUG] [net.minecraftforge.fml.loading.moddiscovery.ModFileParser/LOADING]: Considering mod file candidate /workspaces/MinecraftServer/servidor_minecraft/mods/waystones-forge-1.20.1-14.1.11.jar
[23Jul2025 23:49:02.207] [main/DEBUG] [net.minecraftforge.fml.loading.moddiscovery.ModFileInfo/LOADING]: Found valid mod file waystones-forge-1.20.1-14.1.11.jar with {waystones} mods - versions {14.1.11}
[23Jul2025 23:49:02.207] [main/DEBUG] [net.minecraftforge.fml.loading.moddiscovery.ModFile/LOADING]: Loading mod file /workspaces/MinecraftServer/servidor_minecraft/mods/waystones-forge-1.20.1-14.1.11.jar with languages [LanguageSpec[languageName=javafml, acceptedVersions=[46,)]]
[23Jul2025 23:49:02.207] [main/DEBUG] [net.minecraftforge.fml.loading.moddiscovery.ModFileParser/LOADING]: Considering mod file candidate /workspaces/MinecraftServer/servidor_minecraft/mods/fallingleaves-1.20.1-2.1.2.jar
[23Jul2025 23:49:02.208] [main/DEBUG] [net.minecraftforge.fml.loading.moddiscovery.ModFileInfo/LOADING]: Found valid mod file fallingleaves-1.20.1-2.1.2.jar with {fallingleaves} mods - versions {2.1.2}
[23Jul2025 23:49:02.208] [main/DEBUG] [net.minecraftforge.fml.loading.moddiscovery.ModFile/LOADING]: Loading mod file /workspaces/MinecraftServer/servidor_minecraft/mods/fallingleaves-1.20.1-2.1.2.jar with languages [LanguageSpec[languageName=javafml, acceptedVersions=[47,)]]
[23Jul2025 23:49:02.208] [main/DEBUG] [net.minecraftforge.fml.loading.moddiscovery.ModFileParser/LOADING]: Considering mod file candidate /workspaces/MinecraftServer/servidor_minecraft/mods/villagernames-1.20.1-8.2.jar
[23Jul2025 23:49:02.209] [main/DEBUG] [net.minecraftforge.fml.loading.moddiscovery.ModFileInfo/LOADING]: Found valid mod file villagernames-1.20.1-8.2.jar with {villagernames} mods - versions {8.2}
[23Jul2025 23:49:02.209] [main/DEBUG] [net.minecraftforge.fml.loading.moddiscovery.ModFile/LOADING]: Loading mod file /workspaces/MinecraftServer/servidor_minecraft/mods/villagernames-1.20.1-8.2.jar with languages [LanguageSpec[languageName=javafml, acceptedVersions=*]]
[23Jul2025 23:49:02.209] [main/DEBUG] [net.minecraftforge.fml.loading.moddiscovery.ModFileParser/LOADING]: Considering mod file candidate /workspaces/MinecraftServer/servidor_minecraft/mods/citadel-2.6.1-1.20.1.jar
[23Jul2025 23:49:02.210] [main/DEBUG] [net.minecraftforge.fml.loading.moddiscovery.ModFileInfo/LOADING]: Found valid mod file citadel-2.6.1-1.20.1.jar with {citadel} mods - versions {2.6.1}
[23Jul2025 23:49:02.210] [main/DEBUG] [net.minecraftforge.fml.loading.moddiscovery.ModFile/LOADING]: Loading mod file /workspaces/MinecraftServer/servidor_minecraft/mods/citadel-2.6.1-1.20.1.jar with languages [LanguageSpec[languageName=javafml, acceptedVersions=[47,)]]
[23Jul2025 23:49:02.210] [main/DEBUG] [net.minecraftforge.fml.loading.moddiscovery.ModFileParser/LOADING]: Considering mod file candidate /workspaces/MinecraftServer/servidor_minecraft/mods/artifacts-forge-9.5.16.jar
[23Jul2025 23:49:02.214] [main/DEBUG] [net.minecraftforge.fml.loading.moddiscovery.ModFileInfo/LOADING]: Found valid mod file artifacts-forge-9.5.16.jar with {artifacts} mods - versions {9.5.16}
[23Jul2025 23:49:02.214] [main/DEBUG] [net.minecraftforge.fml.loading.moddiscovery.ModFile/LOADING]: Loading mod file /workspaces/MinecraftServer/servidor_minecraft/mods/artifacts-forge-9.5.16.jar with languages [LanguageSpec[languageName=javafml, acceptedVersions=[47,)]]
[23Jul2025 23:49:02.214] [main/DEBUG] [net.minecraftforge.fml.loading.moddiscovery.ModFileParser/LOADING]: Considering mod file candidate /workspaces/MinecraftServer/servidor_minecraft/mods/sophisticatedbackpacks-1.20.1-3.23.11.1222.jar
[23Jul2025 23:49:02.215] [main/DEBUG] [net.minecraftforge.fml.loading.moddiscovery.ModFileInfo/LOADING]: Found valid mod file sophisticatedbackpacks-1.20.1-3.23.11.1222.jar with {sophisticatedbackpacks} mods - versions {3.23.11.1222}
[23Jul2025 23:49:02.215] [main/DEBUG] [net.minecraftforge.fml.loading.moddiscovery.ModFile/LOADING]: Loading mod file /workspaces/MinecraftServer/servidor_minecraft/mods/sophisticatedbackpacks-1.20.1-3.23.11.1222.jar with languages [LanguageSpec[languageName=javafml, acceptedVersions=[47,)]]
[23Jul2025 23:49:02.215] [main/DEBUG] [net.minecraftforge.fml.loading.moddiscovery.ModFileParser/LOADING]: Considering mod file candidate /workspaces/MinecraftServer/servidor_minecraft/mods/takesapillage-1.0.3-1.20.1.jar
[23Jul2025 23:49:02.216] [main/DEBUG] [net.minecraftforge.fml.loading.moddiscovery.ModFileInfo/LOADING]: Found valid mod file takesapillage-1.0.3-1.20.1.jar with {takesapillage} mods - versions {1.0.3}
[23Jul2025 23:49:02.216] [main/DEBUG] [net.minecraftforge.fml.loading.moddiscovery.ModFile/LOADING]: Loading mod file /workspaces/MinecraftServer/servidor_minecraft/mods/takesapillage-1.0.3-1.20.1.jar with languages [LanguageSpec[languageName=javafml, acceptedVersions=[46,)]]
[23Jul2025 23:49:02.216] [main/DEBUG] [net.minecraftforge.fml.loading.moddiscovery.ModFileParser/LOADING]: Considering mod file candidate /workspaces/MinecraftServer/servidor_minecraft/mods/iceandfire-2.1.13-1.20.1-beta-5.jar
[23Jul2025 23:49:02.217] [main/DEBUG] [net.minecraftforge.fml.loading.moddiscovery.ModFileInfo/LOADING]: Found valid mod file iceandfire-2.1.13-1.20.1-beta-5.jar with {iceandfire} mods - versions {2.1.13-1.20.1}
[23Jul2025 23:49:02.217] [main/DEBUG] [net.minecraftforge.fml.loading.moddiscovery.ModFile/LOADING]: Loading mod file /workspaces/MinecraftServer/servidor_minecraft/mods/iceandfire-2.1.13-1.20.1-beta-5.jar with languages [LanguageSpec[languageName=javafml, acceptedVersions=[37.0,)]]
[23Jul2025 23:49:02.217] [main/DEBUG] [net.minecraftforge.fml.loading.moddiscovery.ModFileParser/LOADING]: Considering mod file candidate /workspaces/MinecraftServer/servidor_minecraft/mods/balm-forge-1.20.1-7.3.27-all.jar
[23Jul2025 23:49:02.218] [main/DEBUG] [net.minecraftforge.fml.loading.moddiscovery.ModFileInfo/LOADING]: Found valid mod file balm-forge-1.20.1-7.3.27-all.jar with {balm} mods - versions {7.3.27}
[23Jul2025 23:49:02.218] [main/DEBUG] [net.minecraftforge.fml.loading.moddiscovery.ModFile/LOADING]: Loading mod file /workspaces/MinecraftServer/servidor_minecraft/mods/balm-forge-1.20.1-7.3.27-all.jar with languages [LanguageSpec[languageName=javafml, acceptedVersions=[46,)]]
[23Jul2025 23:49:02.218] [main/DEBUG] [net.minecraftforge.fml.loading.moddiscovery.ModFileParser/LOADING]: Considering mod file candidate /workspaces/MinecraftServer/servidor_minecraft/mods/carryon-forge-1.20.1-2.1.2.7.jar
[23Jul2025 23:49:02.219] [main/DEBUG] [net.minecraftforge.fml.loading.moddiscovery.ModFileInfo/LOADING]: Found valid mod file carryon-forge-1.20.1-2.1.2.7.jar with {carryon} mods - versions {2.1.2.7}
[23Jul2025 23:49:02.219] [main/DEBUG] [net.minecraftforge.fml.loading.moddiscovery.ModFile/LOADING]: Loading mod file /workspaces/MinecraftServer/servidor_minecraft/mods/carryon-forge-1.20.1-2.1.2.7.jar with languages [LanguageSpec[languageName=javafml, acceptedVersions=[46,)]]
[23Jul2025 23:49:02.219] [main/DEBUG] [net.minecraftforge.fml.loading.moddiscovery.ModFileParser/LOADING]: Considering mod file candidate 
[23Jul2025 23:49:02.220] [main/DEBUG] [net.minecraftforge.fml.loading.moddiscovery.ModFileInfo/LOADING]: Found valid mod file puzzlesaccessapi-forge-20.1.1.jar with {puzzlesaccessapi} mods - versions {20.1.1}
[23Jul2025 23:49:02.220] [main/DEBUG] [net.minecraftforge.fml.loading.moddiscovery.ModFile/LOADING]: Loading mod file  with languages [LanguageSpec[languageName=javafml, acceptedVersions=*]]
[23Jul2025 23:49:02.220] [main/DEBUG] [net.minecraftforge.fml.loading.moddiscovery.ModFileParser/LOADING]: Considering mod file candidate /workspaces/MinecraftServer/servidor_minecraft/mods/cloth-config-11.1.136-forge.jar
[23Jul2025 23:49:02.220] [main/DEBUG] [net.minecraftforge.fml.loading.moddiscovery.ModFileInfo/LOADING]: Found valid mod file cloth-config-11.1.136-forge.jar with {cloth_config} mods - versions {11.1.136}
[23Jul2025 23:49:02.221] [main/DEBUG] [net.minecraftforge.fml.loading.moddiscovery.ModFile/LOADING]: Loading mod file /workspaces/MinecraftServer/servidor_minecraft/mods/cloth-config-11.1.136-forge.jar with languages [LanguageSpec[languageName=javafml, acceptedVersions=[34,)]]
[23Jul2025 23:49:02.221] [main/DEBUG] [net.minecraftforge.fml.loading.moddiscovery.ModFileParser/LOADING]: Considering mod file candidate /workspaces/MinecraftServer/servidor_minecraft/libraries/net/minecraftforge/forge/1.20.1-47.4.0/forge-1.20.1-47.4.0-universal.jar
[23Jul2025 23:49:02.221] [main/DEBUG] [net.minecraftforge.fml.loading.moddiscovery.ModFileInfo/LOADING]: Found valid mod file forge-1.20.1-47.4.0-universal.jar with {forge} mods - versions {47.4.0}
[23Jul2025 23:49:02.221] [main/DEBUG] [net.minecraftforge.fml.loading.moddiscovery.ModFile/LOADING]: Loading mod file /workspaces/MinecraftServer/servidor_minecraft/libraries/net/minecraftforge/forge/1.20.1-47.4.0/forge-1.20.1-47.4.0-universal.jar with languages [LanguageSpec[languageName=javafml, acceptedVersions=[24,]]]
[23Jul2025 23:49:02.224] [main/DEBUG] [net.minecraftforge.fml.loading.moddiscovery.ModFileParser/LOADING]: Found coremod field_to_method with Javascript path coremods/field_to_method.js
[23Jul2025 23:49:02.224] [main/DEBUG] [net.minecraftforge.fml.loading.moddiscovery.ModFileParser/LOADING]: Found coremod field_to_instanceof with Javascript path coremods/field_to_instanceof.js
[23Jul2025 23:49:02.224] [main/DEBUG] [net.minecraftforge.fml.loading.moddiscovery.ModFileParser/LOADING]: Found coremod add_bouncer_method with Javascript path coremods/add_bouncer_method.js
[23Jul2025 23:49:02.224] [main/DEBUG] [net.minecraftforge.fml.loading.moddiscovery.ModFileParser/LOADING]: Found coremod method_redirector with Javascript path coremods/method_redirector.js
[23Jul2025 23:49:02.224] [main/DEBUG] [net.minecraftforge.fml.loading.moddiscovery.ModFile/LOADING]: Found coremod coremods/field_to_method.js
[23Jul2025 23:49:02.224] [main/DEBUG] [net.minecraftforge.fml.loading.moddiscovery.ModFile/LOADING]: Found coremod coremods/field_to_instanceof.js
[23Jul2025 23:49:02.224] [main/DEBUG] [net.minecraftforge.fml.loading.moddiscovery.ModFile/LOADING]: Found coremod coremods/add_bouncer_method.js
[23Jul2025 23:49:02.224] [main/DEBUG] [net.minecraftforge.fml.loading.moddiscovery.ModFile/LOADING]: Found coremod coremods/method_redirector.js
[23Jul2025 23:49:02.224] [main/DEBUG] [net.minecraftforge.fml.loading.moddiscovery.ModFileParser/LOADING]: Considering mod file candidate /workspaces/MinecraftServer/servidor_minecraft/mods/simpletomb-1.20.1-1.3.0.jar
[23Jul2025 23:49:02.225] [main/DEBUG] [net.minecraftforge.fml.loading.moddiscovery.ModFileInfo/LOADING]: Found valid mod file simpletomb-1.20.1-1.3.0.jar with {simpletomb} mods - versions {1.20.1-1.3.0}
[23Jul2025 23:49:02.225] [main/DEBUG] [net.minecraftforge.fml.loading.moddiscovery.ModFile/LOADING]: Loading mod file /workspaces/MinecraftServer/servidor_minecraft/mods/simpletomb-1.20.1-1.3.0.jar with languages [LanguageSpec[languageName=javafml, acceptedVersions=[46,)]]
[23Jul2025 23:49:02.226] [main/DEBUG] [net.minecraftforge.fml.loading.moddiscovery.ModFileParser/LOADING]: Considering mod file candidate /workspaces/MinecraftServer/servidor_minecraft/mods/supplementaries-1.20-3.1.26.jar
[23Jul2025 23:49:02.226] [main/DEBUG] [net.minecraftforge.fml.loading.moddiscovery.ModFileInfo/LOADING]: Found valid mod file supplementaries-1.20-3.1.26.jar with {supplementaries} mods - versions {1.20-3.1.26}
[23Jul2025 23:49:02.226] [main/DEBUG] [net.minecraftforge.fml.loading.moddiscovery.ModFile/LOADING]: Loading mod file /workspaces/MinecraftServer/servidor_minecraft/mods/supplementaries-1.20-3.1.26.jar with languages [LanguageSpec[languageName=javafml, acceptedVersions=[4,)]]
[23Jul2025 23:49:02.226] [main/DEBUG] [net.minecraftforge.fml.loading.moddiscovery.ModFileParser/LOADING]: Considering mod file candidate /workspaces/MinecraftServer/servidor_minecraft/mods/twilightforest-1.20.1-4.3.2508-universal.jar
[23Jul2025 23:49:02.227] [main/DEBUG] [net.minecraftforge.fml.loading.moddiscovery.ModFileInfo/LOADING]: Found valid mod file twilightforest-1.20.1-4.3.2508-universal.jar with {twilightforest} mods - versions {4.3.2508}
[23Jul2025 23:49:02.227] [main/DEBUG] [net.minecraftforge.fml.loading.moddiscovery.ModFile/LOADING]: Loading mod file /workspaces/MinecraftServer/servidor_minecraft/mods/twilightforest-1.20.1-4.3.2508-universal.jar with languages [LanguageSpec[languageName=javafml, acceptedVersions=[47,)]]
[23Jul2025 23:49:02.227] [main/DEBUG] [net.minecraftforge.fml.loading.moddiscovery.ModFileParser/LOADING]: Found coremod seed with Javascript path META-INF/asm/seed.js
[23Jul2025 23:49:02.228] [main/DEBUG] [net.minecraftforge.fml.loading.moddiscovery.ModFileParser/LOADING]: Found coremod maprendercontext with Javascript path META-INF/asm/maprendercontext.js
[23Jul2025 23:49:02.228] [main/DEBUG] [net.minecraftforge.fml.loading.moddiscovery.ModFileParser/LOADING]: Found coremod music with Javascript path META-INF/asm/music.js
[23Jul2025 23:49:02.228] [main/DEBUG] [net.minecraftforge.fml.loading.moddiscovery.ModFileParser/LOADING]: Found coremod multipart with Javascript path META-INF/asm/multipart.js
[23Jul2025 23:49:02.228] [main/DEBUG] [net.minecraftforge.fml.loading.moddiscovery.ModFileParser/LOADING]: Found coremod foliage with Javascript path META-INF/asm/foliage.js
[23Jul2025 23:49:02.228] [main/DEBUG] [net.minecraftforge.fml.loading.moddiscovery.ModFileParser/LOADING]: Found coremod mount with Javascript path META-INF/asm/mount.js
[23Jul2025 23:49:02.228] [main/DEBUG] [net.minecraftforge.fml.loading.moddiscovery.ModFileParser/LOADING]: Found coremod book with Javascript path META-INF/asm/book.js
[23Jul2025 23:49:02.228] [main/DEBUG] [net.minecraftforge.fml.loading.moddiscovery.ModFileParser/LOADING]: Found coremod conquered with Javascript path META-INF/asm/conquered.js
[23Jul2025 23:49:02.228] [main/DEBUG] [net.minecraftforge.fml.loading.moddiscovery.ModFileParser/LOADING]: Found coremod reach with Javascript path META-INF/asm/reach.js
[23Jul2025 23:49:02.228] [main/DEBUG] [net.minecraftforge.fml.loading.moddiscovery.ModFileParser/LOADING]: Found coremod shroom with Javascript path META-INF/asm/shroom.js
[23Jul2025 23:49:02.228] [main/DEBUG] [net.minecraftforge.fml.loading.moddiscovery.ModFileParser/LOADING]: Found coremod cloud with Javascript path META-INF/asm/cloud.js
[23Jul2025 23:49:02.228] [main/DEBUG] [net.minecraftforge.fml.loading.moddiscovery.ModFileParser/LOADING]: Found coremod lead with Javascript path META-INF/asm/lead.js
[23Jul2025 23:49:02.228] [main/DEBUG] [net.minecraftforge.fml.loading.moddiscovery.ModFile/LOADING]: Found coremod META-INF/asm/seed.js
[23Jul2025 23:49:02.229] [main/DEBUG] [net.minecraftforge.fml.loading.moddiscovery.ModFile/LOADING]: Found coremod META-INF/asm/maprendercontext.js
[23Jul2025 23:49:02.229] [main/DEBUG] [net.minecraftforge.fml.loading.moddiscovery.ModFile/LOADING]: Found coremod META-INF/asm/music.js
[23Jul2025 23:49:02.229] [main/DEBUG] [net.minecraftforge.fml.loading.moddiscovery.ModFile/LOADING]: Found coremod META-INF/asm/multipart.js
[23Jul2025 23:49:02.229] [main/DEBUG] [net.minecraftforge.fml.loading.moddiscovery.ModFile/LOADING]: Found coremod META-INF/asm/foliage.js
[23Jul2025 23:49:02.229] [main/DEBUG] [net.minecraftforge.fml.loading.moddiscovery.ModFile/LOADING]: Found coremod META-INF/asm/mount.js
[23Jul2025 23:49:02.229] [main/DEBUG] [net.minecraftforge.fml.loading.moddiscovery.ModFile/LOADING]: Found coremod META-INF/asm/book.js
[23Jul2025 23:49:02.229] [main/DEBUG] [net.minecraftforge.fml.loading.moddiscovery.ModFile/LOADING]: Found coremod META-INF/asm/conquered.js
[23Jul2025 23:49:02.229] [main/DEBUG] [net.minecraftforge.fml.loading.moddiscovery.ModFile/LOADING]: Found coremod META-INF/asm/reach.js
[23Jul2025 23:49:02.229] [main/DEBUG] [net.minecraftforge.fml.loading.moddiscovery.ModFile/LOADING]: Found coremod META-INF/asm/shroom.js
[23Jul2025 23:49:02.229] [main/DEBUG] [net.minecraftforge.fml.loading.moddiscovery.ModFile/LOADING]: Found coremod META-INF/asm/cloud.js
[23Jul2025 23:49:02.229] [main/DEBUG] [net.minecraftforge.fml.loading.moddiscovery.ModFile/LOADING]: Found coremod META-INF/asm/lead.js
[23Jul2025 23:49:02.230] [main/DEBUG] [net.minecraftforge.fml.loading.moddiscovery.ModFileParser/LOADING]: Considering mod file candidate /workspaces/MinecraftServer/servidor_minecraft/mods/structure_gel-1.20.1-2.16.2.jar
[23Jul2025 23:49:02.230] [main/DEBUG] [net.minecraftforge.fml.loading.moddiscovery.ModFileInfo/LOADING]: Found valid mod file structure_gel-1.20.1-2.16.2.jar with {structure_gel} mods - versions {2.16.2}
[23Jul2025 23:49:02.230] [main/DEBUG] [net.minecraftforge.fml.loading.moddiscovery.ModFile/LOADING]: Loading mod file /workspaces/MinecraftServer/servidor_minecraft/mods/structure_gel-1.20.1-2.16.2.jar with languages [LanguageSpec[languageName=javafml, acceptedVersions=[47,)]]
[23Jul2025 23:49:02.231] [main/DEBUG] [net.minecraftforge.fml.loading.moddiscovery.ModFileParser/LOADING]: Considering mod file candidate /workspaces/MinecraftServer/servidor_minecraft/mods/tectonic-forge-1.20.1-2.4.1.jar
[23Jul2025 23:49:02.231] [main/DEBUG] [net.minecraftforge.fml.loading.moddiscovery.ModFileInfo/LOADING]: Found valid mod file tectonic-forge-1.20.1-2.4.1.jar with {tectonic} mods - versions {2.4.1}
[23Jul2025 23:49:02.231] [main/DEBUG] [net.minecraftforge.fml.loading.moddiscovery.ModFile/LOADING]: Loading mod file /workspaces/MinecraftServer/servidor_minecraft/mods/tectonic-forge-1.20.1-2.4.1.jar with languages [LanguageSpec[languageName=javafml, acceptedVersions=[44,)]]
[23Jul2025 23:49:02.231] [main/DEBUG] [net.minecraftforge.fml.loading.moddiscovery.ModFileParser/LOADING]: Considering mod file candidate /workspaces/MinecraftServer/servidor_minecraft/mods/FarmersDelight-1.20.1-1.2.7.jar
[23Jul2025 23:49:02.232] [main/DEBUG] [net.minecraftforge.fml.loading.moddiscovery.ModFileInfo/LOADING]: Found valid mod file FarmersDelight-1.20.1-1.2.7.jar with {farmersdelight} mods - versions {1.20.1-1.2.7}
[23Jul2025 23:49:02.232] [main/DEBUG] [net.minecraftforge.fml.loading.moddiscovery.ModFile/LOADING]: Loading mod file /workspaces/MinecraftServer/servidor_minecraft/mods/FarmersDelight-1.20.1-1.2.7.jar with languages [LanguageSpec[languageName=javafml, acceptedVersions=[46,)]]
[23Jul2025 23:49:02.232] [main/DEBUG] [net.minecraftforge.fml.loading.moddiscovery.ModFileInfo/LOADING]: Found valid mod file server-1.20.1-20230612.114412-srg.jar with {minecraft} mods - versions {1.20.1}
[23Jul2025 23:49:02.232] [main/DEBUG] [net.minecraftforge.fml.loading.moddiscovery.ModFile/LOADING]: Loading mod file /workspaces/MinecraftServer/servidor_minecraft/libraries/net/minecraft/server/1.20.1-20230612.114412/server-1.20.1-20230612.114412-srg.jar with languages [LanguageSpec[languageName=minecraft, acceptedVersions=1]]
[23Jul2025 23:49:02.233] [main/DEBUG] [net.minecraftforge.fml.loading.moddiscovery.ModFileParser/LOADING]: Considering mod file candidate /workspaces/MinecraftServer/servidor_minecraft/mods/AmbientSounds_FORGE_v6.1.8_mc1.20.1.jar
[23Jul2025 23:49:02.233] [main/DEBUG] [net.minecraftforge.fml.loading.moddiscovery.ModFileInfo/LOADING]: Found valid mod file AmbientSounds_FORGE_v6.1.8_mc1.20.1.jar with {ambientsounds} mods - versions {6.1.8}
[23Jul2025 23:49:02.233] [main/DEBUG] [net.minecraftforge.fml.loading.moddiscovery.ModFile/LOADING]: Loading mod file /workspaces/MinecraftServer/servidor_minecraft/mods/AmbientSounds_FORGE_v6.1.8_mc1.20.1.jar with languages [LanguageSpec[languageName=javafml, acceptedVersions=[46,)]]
[23Jul2025 23:49:02.233] [main/DEBUG] [net.minecraftforge.fml.loading.moddiscovery.ModFileParser/LOADING]: Considering mod file candidate /workspaces/MinecraftServer/servidor_minecraft/mods/jamlib-forge-1.3.5+1.20.1.jar
[23Jul2025 23:49:02.234] [main/DEBUG] [net.minecraftforge.fml.loading.moddiscovery.ModFileInfo/LOADING]: Found valid mod file jamlib-forge-1.3.5+1.20.1.jar with {jamlib} mods - versions {1.3.5+1.20.1}
[23Jul2025 23:49:02.234] [main/DEBUG] [net.minecraftforge.fml.loading.moddiscovery.ModFile/LOADING]: Loading mod file /workspaces/MinecraftServer/servidor_minecraft/mods/jamlib-forge-1.3.5+1.20.1.jar with languages [LanguageSpec[languageName=javafml, acceptedVersions=[47,)]]
[23Jul2025 23:49:02.234] [main/DEBUG] [net.minecraftforge.fml.loading.moddiscovery.ModFileParser/LOADING]: Considering mod file candidate /workspaces/MinecraftServer/servidor_minecraft/mods/moonlight-1.20-2.13.81-forge.jar
[23Jul2025 23:49:02.235] [main/DEBUG] [net.minecraftforge.fml.loading.moddiscovery.ModFileInfo/LOADING]: Found valid mod file moonlight-1.20-2.13.81-forge.jar with {moonlight} mods - versions {1.20-2.13.81}
[23Jul2025 23:49:02.235] [main/DEBUG] [net.minecraftforge.fml.loading.moddiscovery.ModFile/LOADING]: Loading mod file /workspaces/MinecraftServer/servidor_minecraft/mods/moonlight-1.20-2.13.81-forge.jar with languages [LanguageSpec[languageName=javafml, acceptedVersions=[40,)]]
[23Jul2025 23:49:02.235] [main/DEBUG] [net.minecraftforge.fml.loading.moddiscovery.ModFileParser/LOADING]: Considering mod file candidate /workspaces/MinecraftServer/servidor_minecraft/mods/endrem_forge-5.3.3-R-1.20.1.jar
[23Jul2025 23:49:02.236] [main/DEBUG] [net.minecraftforge.fml.loading.moddiscovery.ModFileInfo/LOADING]: Found valid mod file endrem_forge-5.3.3-R-1.20.1.jar with {endrem} mods - versions {5.3.3-R-1.20.1}
[23Jul2025 23:49:02.236] [main/DEBUG] [net.minecraftforge.fml.loading.moddiscovery.ModFile/LOADING]: Loading mod file /workspaces/MinecraftServer/servidor_minecraft/mods/endrem_forge-5.3.3-R-1.20.1.jar with languages [LanguageSpec[languageName=javafml, acceptedVersions=[46,)]]
[23Jul2025 23:49:02.236] [main/DEBUG] [net.minecraftforge.fml.loading.moddiscovery.ModFileParser/LOADING]: Considering mod file candidate /workspaces/MinecraftServer/servidor_minecraft/mods/Jade-1.20.1-Forge-11.13.1.jar
[23Jul2025 23:49:02.236] [main/DEBUG] [net.minecraftforge.fml.loading.moddiscovery.ModFileInfo/LOADING]: Found valid mod file Jade-1.20.1-Forge-11.13.1.jar with {jade} mods - versions {11.13.1+forge}
[23Jul2025 23:49:02.236] [main/DEBUG] [net.minecraftforge.fml.loading.moddiscovery.ModFile/LOADING]: Loading mod file /workspaces/MinecraftServer/servidor_minecraft/mods/Jade-1.20.1-Forge-11.13.1.jar with languages [LanguageSpec[languageName=javafml, acceptedVersions=[46,)]]
[23Jul2025 23:49:02.236] [main/DEBUG] [net.minecraftforge.fml.loading.moddiscovery.ModFileParser/LOADING]: Considering mod file candidate /workspaces/MinecraftServer/servidor_minecraft/mods/CreativeCore_FORGE_v2.12.32_mc1.20.1.jar
[23Jul2025 23:49:02.237] [main/DEBUG] [net.minecraftforge.fml.loading.moddiscovery.ModFileInfo/LOADING]: Found valid mod file CreativeCore_FORGE_v2.12.32_mc1.20.1.jar with {creativecore} mods - versions {2.12.32}
[23Jul2025 23:49:02.237] [main/DEBUG] [net.minecraftforge.fml.loading.moddiscovery.ModFile/LOADING]: Loading mod file /workspaces/MinecraftServer/servidor_minecraft/mods/CreativeCore_FORGE_v2.12.32_mc1.20.1.jar with languages [LanguageSpec[languageName=javafml, acceptedVersions=[46,)]]
[23Jul2025 23:49:02.237] [main/DEBUG] [net.minecraftforge.fml.loading.moddiscovery.ModFileParser/LOADING]: Considering mod file candidate /workspaces/MinecraftServer/servidor_minecraft/mods/dungeons_enhanced-1.20.1-5.4.2.jar
[23Jul2025 23:49:02.238] [main/DEBUG] [net.minecraftforge.fml.loading.moddiscovery.ModFileInfo/LOADING]: Found valid mod file dungeons_enhanced-1.20.1-5.4.2.jar with {dungeons_enhanced} mods - versions {5.4.2}
[23Jul2025 23:49:02.238] [main/DEBUG] [net.minecraftforge.fml.loading.moddiscovery.ModFile/LOADING]: Loading mod file /workspaces/MinecraftServer/servidor_minecraft/mods/dungeons_enhanced-1.20.1-5.4.2.jar with languages [LanguageSpec[languageName=javafml, acceptedVersions=[47,)]]
[23Jul2025 23:49:02.238] [main/DEBUG] [net.minecraftforge.fml.loading.moddiscovery.ModFileParser/LOADING]: Considering mod file candidate /workspaces/MinecraftServer/servidor_minecraft/mods/curios-forge-5.14.1+1.20.1.jar
[23Jul2025 23:49:02.239] [main/DEBUG] [net.minecraftforge.fml.loading.moddiscovery.ModFileInfo/LOADING]: Found valid mod file curios-forge-5.14.1+1.20.1.jar with {curios} mods - versions {5.14.1+1.20.1}
[23Jul2025 23:49:02.239] [main/DEBUG] [net.minecraftforge.fml.loading.moddiscovery.ModFile/LOADING]: Loading mod file /workspaces/MinecraftServer/servidor_minecraft/mods/curios-forge-5.14.1+1.20.1.jar with languages [LanguageSpec[languageName=javafml, acceptedVersions=[41,)]]
[23Jul2025 23:49:02.239] [main/DEBUG] [net.minecraftforge.fml.loading.moddiscovery.ModFileParser/LOADING]: Considering mod file candidate /workspaces/MinecraftServer/servidor_minecraft/mods/rightclickharvest-forge-4.5.3+1.20.1.jar
[23Jul2025 23:49:02.239] [main/DEBUG] [net.minecraftforge.fml.loading.moddiscovery.ModFileInfo/LOADING]: Found valid mod file rightclickharvest-forge-4.5.3+1.20.1.jar with {rightclickharvest} mods - versions {4.5.3+1.20.1}
[23Jul2025 23:49:02.240] [main/DEBUG] [net.minecraftforge.fml.loading.moddiscovery.ModFile/LOADING]: Loading mod file /workspaces/MinecraftServer/servidor_minecraft/mods/rightclickharvest-forge-4.5.3+1.20.1.jar with languages [LanguageSpec[languageName=javafml, acceptedVersions=[47,)]]
[23Jul2025 23:49:02.240] [main/DEBUG] [net.minecraftforge.fml.loading.moddiscovery.ModFileParser/LOADING]: Considering mod file candidate /workspaces/MinecraftServer/servidor_minecraft/mods/Xaeros_Minimap_25.2.0_Forge_1.20.jar
[23Jul2025 23:49:02.240] [main/DEBUG] [net.minecraftforge.fml.loading.moddiscovery.ModFileInfo/LOADING]: Found valid mod file Xaeros_Minimap_25.2.0_Forge_1.20.jar with {xaerominimap} mods - versions {25.2.0}
[23Jul2025 23:49:02.240] [main/DEBUG] [net.minecraftforge.fml.loading.moddiscovery.ModFile/LOADING]: Loading mod file /workspaces/MinecraftServer/servidor_minecraft/mods/Xaeros_Minimap_25.2.0_Forge_1.20.jar with languages [LanguageSpec[languageName=javafml, acceptedVersions=[46,48)]]
[23Jul2025 23:49:02.241] [main/DEBUG] [net.minecraftforge.fml.loading.moddiscovery.ModFileParser/LOADING]: Found coremod xaerohud_core with Javascript path META-INF/xaerohud_core.js
[23Jul2025 23:49:02.241] [main/DEBUG] [net.minecraftforge.fml.loading.moddiscovery.ModFile/LOADING]: Found coremod META-INF/xaerohud_core.js
[23Jul2025 23:49:02.241] [main/DEBUG] [net.minecraftforge.fml.loading.moddiscovery.ModFileParser/LOADING]: Considering mod file candidate /workspaces/MinecraftServer/servidor_minecraft/mods/collective-1.20.1-8.1.jar
[23Jul2025 23:49:02.241] [main/DEBUG] [net.minecraftforge.fml.loading.moddiscovery.ModFileInfo/LOADING]: Found valid mod file collective-1.20.1-8.1.jar with {collective} mods - versions {8.1}
[23Jul2025 23:49:02.241] [main/DEBUG] [net.minecraftforge.fml.loading.moddiscovery.ModFile/LOADING]: Loading mod file /workspaces/MinecraftServer/servidor_minecraft/mods/collective-1.20.1-8.1.jar with languages [LanguageSpec[languageName=javafml, acceptedVersions=*]]
[23Jul2025 23:49:02.241] [main/DEBUG] [net.minecraftforge.fml.loading.moddiscovery.ModFileParser/LOADING]: Considering mod file candidate /workspaces/MinecraftServer/servidor_minecraft/mods/bettervillage-forge-1.20.1-3.3.0-all.jar
[23Jul2025 23:49:02.242] [main/DEBUG] [net.minecraftforge.fml.loading.moddiscovery.ModFileInfo/LOADING]: Found valid mod file bettervillage-forge-1.20.1-3.3.0-all.jar with {bettervillage} mods - versions {3.3.0}
[23Jul2025 23:49:02.242] [main/DEBUG] [net.minecraftforge.fml.loading.moddiscovery.ModFile/LOADING]: Loading mod file /workspaces/MinecraftServer/servidor_minecraft/mods/bettervillage-forge-1.20.1-3.3.0-all.jar with languages [LanguageSpec[languageName=javafml, acceptedVersions=[0,)]]
[23Jul2025 23:49:02.242] [main/DEBUG] [net.minecraftforge.fml.loading.moddiscovery.ModFileParser/LOADING]: Considering mod file candidate /workspaces/MinecraftServer/servidor_minecraft/mods/inventoryhud.forge.1.20.1-3.4.26.jar
[23Jul2025 23:49:02.242] [main/DEBUG] [net.minecraftforge.fml.loading.moddiscovery.ModFileInfo/LOADING]: Found valid mod file inventoryhud.forge.1.20.1-3.4.26.jar with {inventoryhud} mods - versions {3.4.26}
[23Jul2025 23:49:02.242] [main/DEBUG] [net.minecraftforge.fml.loading.moddiscovery.ModFile/LOADING]: Loading mod file /workspaces/MinecraftServer/servidor_minecraft/mods/inventoryhud.forge.1.20.1-3.4.26.jar with languages [LanguageSpec[languageName=javafml, acceptedVersions=[46,50)]]
[23Jul2025 23:49:02.243] [main/DEBUG] [net.minecraftforge.fml.loading.moddiscovery.ModFileParser/LOADING]: Considering mod file candidate /workspaces/MinecraftServer/servidor_minecraft/mods/sbblacklist-1.20.1-1.0.2.jar
[23Jul2025 23:49:02.243] [main/DEBUG] [net.minecraftforge.fml.loading.moddiscovery.ModFileInfo/LOADING]: Found valid mod file sbblacklist-1.20.1-1.0.2.jar with {sbblacklist} mods - versions {1.0.2}
[23Jul2025 23:49:02.243] [main/DEBUG] [net.minecraftforge.fml.loading.moddiscovery.ModFile/LOADING]: Loading mod file /workspaces/MinecraftServer/servidor_minecraft/mods/sbblacklist-1.20.1-1.0.2.jar with languages [LanguageSpec[languageName=javafml, acceptedVersions=[47,)]]
[23Jul2025 23:49:02.243] [main/DEBUG] [net.minecraftforge.fml.loading.moddiscovery.ModFileParser/LOADING]: Considering mod file candidate /workspaces/MinecraftServer/servidor_minecraft/mods/architectury-9.2.14-forge.jar
[23Jul2025 23:49:02.243] [main/DEBUG] [net.minecraftforge.fml.loading.moddiscovery.ModFileInfo/LOADING]: Found valid mod file architectury-9.2.14-forge.jar with {architectury} mods - versions {9.2.14}
[23Jul2025 23:49:02.243] [main/DEBUG] [net.minecraftforge.fml.loading.moddiscovery.ModFile/LOADING]: Loading mod file /workspaces/MinecraftServer/servidor_minecraft/mods/architectury-9.2.14-forge.jar with languages [LanguageSpec[languageName=javafml, acceptedVersions=[46,)]]
[23Jul2025 23:49:02.244] [main/DEBUG] [net.minecraftforge.fml.loading.moddiscovery.ModFileParser/LOADING]: Considering mod file candidate /workspaces/MinecraftServer/servidor_minecraft/mods/cfm-forge-1.20.1-7.0.0-pre36.jar
[23Jul2025 23:49:02.244] [main/DEBUG] [net.minecraftforge.fml.loading.moddiscovery.ModFileInfo/LOADING]: Found valid mod file cfm-forge-1.20.1-7.0.0-pre36.jar with {cfm} mods - versions {7.0.0-pre36}
[23Jul2025 23:49:02.244] [main/DEBUG] [net.minecraftforge.fml.loading.moddiscovery.ModFile/LOADING]: Loading mod file /workspaces/MinecraftServer/servidor_minecraft/mods/cfm-forge-1.20.1-7.0.0-pre36.jar with languages [LanguageSpec[languageName=javafml, acceptedVersions=[39,)]]
[23Jul2025 23:49:02.244] [main/DEBUG] [net.minecraftforge.fml.loading.moddiscovery.ModFileParser/LOADING]: Considering mod file candidate /workspaces/MinecraftServer/servidor_minecraft/mods/mvs-4.1.4-1.20-forge.jar
[23Jul2025 23:49:02.244] [main/DEBUG] [net.minecraftforge.fml.loading.moddiscovery.ModFileInfo/LOADING]: Found valid mod file mvs-4.1.4-1.20-forge.jar with {mvs} mods - versions {4.1.4-1.20-forge}
[23Jul2025 23:49:02.245] [main/DEBUG] [net.minecraftforge.fml.loading.moddiscovery.ModFile/LOADING]: Loading mod file /workspaces/MinecraftServer/servidor_minecraft/mods/mvs-4.1.4-1.20-forge.jar with languages [LanguageSpec[languageName=javafml, acceptedVersions=[46,)]]
[23Jul2025 23:49:02.245] [main/DEBUG] [net.minecraftforge.fml.loading.moddiscovery.ModFileParser/LOADING]: Considering mod file candidate /workspaces/MinecraftServer/servidor_minecraft/mods/flib-1.20.1-0.0.15.jar
[23Jul2025 23:49:02.245] [main/DEBUG] [net.minecraftforge.fml.loading.moddiscovery.ModFileInfo/LOADING]: Found valid mod file flib-1.20.1-0.0.15.jar with {flib} mods - versions {0.0.15}
[23Jul2025 23:49:02.245] [main/DEBUG] [net.minecraftforge.fml.loading.moddiscovery.ModFile/LOADING]: Loading mod file /workspaces/MinecraftServer/servidor_minecraft/mods/flib-1.20.1-0.0.15.jar with languages [LanguageSpec[languageName=javafml, acceptedVersions=[26,)]]
[23Jul2025 23:49:02.245] [main/DEBUG] [net.minecraftforge.fml.loading.moddiscovery.ModFileParser/LOADING]: Considering mod file candidate /workspaces/MinecraftServer/servidor_minecraft/mods/PuzzlesLib-v8.1.32-1.20.1-Forge.jar
[23Jul2025 23:49:02.246] [main/DEBUG] [net.minecraftforge.fml.loading.moddiscovery.ModFileInfo/LOADING]: Found valid mod file PuzzlesLib-v8.1.32-1.20.1-Forge.jar with {puzzleslib} mods - versions {8.1.32}
[23Jul2025 23:49:02.246] [main/DEBUG] [net.minecraftforge.fml.loading.moddiscovery.ModFile/LOADING]: Loading mod file /workspaces/MinecraftServer/servidor_minecraft/mods/PuzzlesLib-v8.1.32-1.20.1-Forge.jar with languages [LanguageSpec[languageName=javafml, acceptedVersions=[47,)]]
[23Jul2025 23:49:02.246] [main/DEBUG] [net.minecraftforge.fml.loading.moddiscovery.ModFileParser/LOADING]: Considering mod file candidate /workspaces/MinecraftServer/servidor_minecraft/mods/FallingTree-1.20.1-4.3.2.jar
[23Jul2025 23:49:02.246] [main/DEBUG] [net.minecraftforge.fml.loading.moddiscovery.ModFileInfo/LOADING]: Found valid mod file FallingTree-1.20.1-4.3.2.jar with {fallingtree} mods - versions {4.3.2}
[23Jul2025 23:49:02.246] [main/DEBUG] [net.minecraftforge.fml.loading.moddiscovery.ModFile/LOADING]: Loading mod file /workspaces/MinecraftServer/servidor_minecraft/mods/FallingTree-1.20.1-4.3.2.jar with languages [LanguageSpec[languageName=javafml, acceptedVersions=[47,)]]
[23Jul2025 23:49:02.246] [main/DEBUG] [net.minecraftforge.fml.loading.moddiscovery.ModFileParser/LOADING]: Considering mod file candidate 
[23Jul2025 23:49:02.246] [main/DEBUG] [net.minecraftforge.fml.loading.moddiscovery.ModFileInfo/LOADING]: Found valid mod file expandability-forge-9.0.4.jar with {expandability} mods - versions {9.0.4}
[23Jul2025 23:49:02.247] [main/DEBUG] [net.minecraftforge.fml.loading.moddiscovery.ModFile/LOADING]: Loading mod file  with languages [LanguageSpec[languageName=javafml, acceptedVersions=[46,)]]
[23Jul2025 23:49:02.247] [main/DEBUG] [net.minecraftforge.fml.loading.moddiscovery.ModFileParser/LOADING]: Considering mod file candidate /workspaces/MinecraftServer/servidor_minecraft/mods/PlayerRevive_FORGE_v2.0.26_mc1.20.1.jar
[23Jul2025 23:49:02.247] [main/DEBUG] [net.minecraftforge.fml.loading.moddiscovery.ModFileInfo/LOADING]: Found valid mod file PlayerRevive_FORGE_v2.0.26_mc1.20.1.jar with {playerrevive} mods - versions {2.0.26}
[23Jul2025 23:49:02.247] [main/DEBUG] [net.minecraftforge.fml.loading.moddiscovery.ModFile/LOADING]: Loading mod file /workspaces/MinecraftServer/servidor_minecraft/mods/PlayerRevive_FORGE_v2.0.26_mc1.20.1.jar with languages [LanguageSpec[languageName=javafml, acceptedVersions=[46,)]]
[23Jul2025 23:49:02.247] [main/DEBUG] [net.minecraftforge.fml.loading.moddiscovery.ModFileParser/LOADING]: Considering mod file candidate /workspaces/MinecraftServer/servidor_minecraft/mods/scaffoldingdropsnearby-1.20.1-3.4.jar
[23Jul2025 23:49:02.247] [main/DEBUG] [net.minecraftforge.fml.loading.moddiscovery.ModFileInfo/LOADING]: Found valid mod file scaffoldingdropsnearby-1.20.1-3.4.jar with {scaffoldingdropsnearby} mods - versions {3.4}
[23Jul2025 23:49:02.248] [main/DEBUG] [net.minecraftforge.fml.loading.moddiscovery.ModFile/LOADING]: Loading mod file /workspaces/MinecraftServer/servidor_minecraft/mods/scaffoldingdropsnearby-1.20.1-3.4.jar with languages [LanguageSpec[languageName=javafml, acceptedVersions=*]]
[23Jul2025 23:49:02.248] [main/DEBUG] [net.minecraftforge.fml.loading.moddiscovery.ModFileParser/LOADING]: Considering mod file candidate 
[23Jul2025 23:49:02.248] [main/DEBUG] [net.minecraftforge.fml.loading.moddiscovery.ModFileInfo/LOADING]: Found valid mod file mixinextras-forge-0.4.1.jar with {mixinextras} mods - versions {0.4.1}
[23Jul2025 23:49:02.248] [main/DEBUG] [net.minecraftforge.fml.loading.moddiscovery.ModFile/LOADING]: Loading mod file  with languages [LanguageSpec[languageName=javafml, acceptedVersions=*]]
[23Jul2025 23:49:02.248] [main/DEBUG] [net.minecraftforge.fml.loading.moddiscovery.ModFile/LOADING]: Loading mod file  with languages []
[23Jul2025 23:49:02.248] [main/DEBUG] [net.minecraftforge.fml.loading.moddiscovery.ModFileParser/LOADING]: Considering mod file candidate 
[23Jul2025 23:49:02.248] [main/DEBUG] [net.minecraftforge.fml.loading.moddiscovery.ModFileInfo/LOADING]: Found valid mod file mixinsquared-forge-0.1.1.jar with {mixinsquared} mods - versions {0.1.1}
[23Jul2025 23:49:02.249] [main/DEBUG] [net.minecraftforge.fml.loading.moddiscovery.ModFile/LOADING]: Loading mod file  with languages [LanguageSpec[languageName=javafml, acceptedVersions=*]]
[23Jul2025 23:49:02.249] [main/DEBUG] [net.minecraftforge.fml.loading.moddiscovery.ModFile/LOADING]: Loading mod file  with languages []
[23Jul2025 23:49:02.249] [main/DEBUG] [net.minecraftforge.fml.loading.moddiscovery.ModFile/LOADING]: Loading mod file  with languages []
[23Jul2025 23:49:02.249] [main/DEBUG] [net.minecraftforge.fml.loading.moddiscovery.ModFileParser/LOADING]: Considering mod file candidate 
[23Jul2025 23:49:02.249] [main/DEBUG] [net.minecraftforge.fml.loading.moddiscovery.ModFileInfo/LOADING]: Found valid mod file mixinextras-forge-0.4.1.jar with {mixinextras} mods - versions {0.4.1}
[23Jul2025 23:49:02.249] [main/DEBUG] [net.minecraftforge.fml.loading.moddiscovery.ModFile/LOADING]: Loading mod file  with languages [LanguageSpec[languageName=javafml, acceptedVersions=*]]
[23Jul2025 23:49:02.249] [main/DEBUG] [net.minecraftforge.fml.loading.moddiscovery.ModFile/LOADING]: Loading mod file  with languages []
[23Jul2025 23:49:02.249] [main/DEBUG] [net.minecraftforge.fml.loading.moddiscovery.ModFileParser/LOADING]: Considering mod file candidate 
[23Jul2025 23:49:02.250] [main/DEBUG] [net.minecraftforge.fml.loading.moddiscovery.ModFileInfo/LOADING]: Found valid mod file mixinsquared-forge-0.1.1.jar with {mixinsquared} mods - versions {0.1.1}
[23Jul2025 23:49:02.250] [main/DEBUG] [net.minecraftforge.fml.loading.moddiscovery.ModFile/LOADING]: Loading mod file  with languages [LanguageSpec[languageName=javafml, acceptedVersions=*]]
[23Jul2025 23:49:02.250] [main/DEBUG] [net.minecraftforge.fml.loading.moddiscovery.ModFile/LOADING]: Loading mod file  with languages []
[23Jul2025 23:49:02.250] [main/DEBUG] [net.minecraftforge.fml.loading.moddiscovery.ModFile/LOADING]: Loading mod file  with languages []
[23Jul2025 23:49:02.251] [main/DEBUG] [cpw.mods.modlauncher.TransformationServiceDecorator/MODLAUNCHER]: End scan trigger - transformation service fml
[23Jul2025 23:49:02.258] [main/DEBUG] [net.minecraftforge.fml.loading.LanguageLoadingProvider/CORE]: Found 3 language providers
[23Jul2025 23:49:02.259] [main/DEBUG] [net.minecraftforge.fml.loading.LanguageLoadingProvider/CORE]: Found language provider minecraft, version 1.0
[23Jul2025 23:49:02.259] [main/DEBUG] [net.minecraftforge.fml.loading.LanguageLoadingProvider/CORE]: Found language provider lowcodefml, version 47
[23Jul2025 23:49:02.259] [main/DEBUG] [net.minecraftforge.fml.loading.LanguageLoadingProvider/CORE]: Found language provider javafml, version 47
[23Jul2025 23:49:02.263] [main/DEBUG] [net.minecraftforge.fml.loading.UniqueModListBuilder/]: Found 2 mods for first modid mixinextras, selecting most recent based on version data
[23Jul2025 23:49:02.263] [main/DEBUG] [net.minecraftforge.fml.loading.UniqueModListBuilder/]: Selected file mixinextras-forge-0.4.1.jar for modid mixinextras with version 0.4.1
[23Jul2025 23:49:02.263] [main/DEBUG] [net.minecraftforge.fml.loading.UniqueModListBuilder/]: Found 2 mods for first modid jankson, selecting most recent based on version data
[23Jul2025 23:49:02.263] [main/DEBUG] [net.minecraftforge.fml.loading.UniqueModListBuilder/]: Selected file jankson-1.2.3.jar for modid jankson with version 0.0NONE
[23Jul2025 23:49:02.264] [main/DEBUG] [net.minecraftforge.fml.loading.UniqueModListBuilder/]: Found 2 mods for first modid mixinsquared, selecting most recent based on version data
[23Jul2025 23:49:02.264] [main/DEBUG] [net.minecraftforge.fml.loading.UniqueModListBuilder/]: Selected file mixinsquared-forge-0.1.1.jar for modid mixinsquared with version 0.1.1
[23Jul2025 23:49:02.264] [main/DEBUG] [net.minecraftforge.fml.loading.UniqueModListBuilder/]: Found 2 mods for first modid MixinSquared, selecting most recent based on version data
[23Jul2025 23:49:02.264] [main/DEBUG] [net.minecraftforge.fml.loading.UniqueModListBuilder/]: Selected file MixinSquared-0.1.1.jar for modid MixinSquared with version 0.0NONE
[23Jul2025 23:49:02.264] [main/DEBUG] [net.minecraftforge.fml.loading.UniqueModListBuilder/]: Found 2 mods for first modid MixinExtras, selecting most recent based on version data
[23Jul2025 23:49:02.264] [main/DEBUG] [net.minecraftforge.fml.loading.UniqueModListBuilder/]: Selected file MixinExtras-0.4.1.jar for modid MixinExtras with version 0.0NONE
[23Jul2025 23:49:02.265] [main/DEBUG] [net.minecraftforge.fml.loading.ModSorter/]: Configured system mods: [minecraft, forge]
[23Jul2025 23:49:02.266] [main/DEBUG] [net.minecraftforge.fml.loading.ModSorter/]: Found system mod: minecraft
[23Jul2025 23:49:02.266] [main/DEBUG] [net.minecraftforge.fml.loading.ModSorter/]: Found system mod: forge
[23Jul2025 23:49:02.267] [main/DEBUG] [net.minecraftforge.fml.loading.ModSorter/LOADING]: Found 106 mod requirements (100 mandatory, 6 optional)
[23Jul2025 23:49:02.268] [main/DEBUG] [net.minecraftforge.fml.loading.ModSorter/LOADING]: Found 0 mod requirements missing (0 mandatory, 0 optional)
[23Jul2025 23:49:02.863] [main/DEBUG] [cpw.mods.modlauncher.TransformationServicesHandler/MODLAUNCHER]: Transformation services loading transformers
[23Jul2025 23:49:02.863] [main/DEBUG] [cpw.mods.modlauncher.TransformationServiceDecorator/MODLAUNCHER]: Initializing transformers for transformation service mixin
[23Jul2025 23:49:02.864] [main/DEBUG] [cpw.mods.modlauncher.TransformationServiceDecorator/MODLAUNCHER]: Initialized transformers for transformation service mixin
[23Jul2025 23:49:02.864] [main/DEBUG] [cpw.mods.modlauncher.TransformationServiceDecorator/MODLAUNCHER]: Initializing transformers for transformation service fml
[23Jul2025 23:49:02.864] [main/DEBUG] [net.minecraftforge.fml.loading.FMLServiceProvider/CORE]: Loading coremod transformers
[23Jul2025 23:49:02.864] [main/DEBUG] [net.minecraftforge.coremod.CoreModEngine/COREMOD]: Loading CoreMod from coremods/field_to_method.js
[23Jul2025 23:49:03.040] [main/DEBUG] [net.minecraftforge.coremod.CoreModEngine/COREMOD]: CoreMod loaded successfully
[23Jul2025 23:49:03.040] [main/DEBUG] [net.minecraftforge.coremod.CoreModEngine/COREMOD]: Loading CoreMod from coremods/field_to_instanceof.js
[23Jul2025 23:49:03.110] [main/DEBUG] [net.minecraftforge.coremod.CoreModEngine/COREMOD]: CoreMod loaded successfully
[23Jul2025 23:49:03.110] [main/DEBUG] [net.minecraftforge.coremod.CoreModEngine/COREMOD]: Loading CoreMod from coremods/add_bouncer_method.js
[23Jul2025 23:49:03.144] [main/DEBUG] [net.minecraftforge.coremod.CoreModEngine/COREMOD]: CoreMod loaded successfully
[23Jul2025 23:49:03.144] [main/DEBUG] [net.minecraftforge.coremod.CoreModEngine/COREMOD]: Loading CoreMod from coremods/method_redirector.js
[23Jul2025 23:49:03.216] [main/DEBUG] [net.minecraftforge.coremod.CoreModEngine/COREMOD]: CoreMod loaded successfully
[23Jul2025 23:49:03.216] [main/DEBUG] [net.minecraftforge.coremod.CoreModEngine/COREMOD]: Loading CoreMod from META-INF/asm/seed.js
[23Jul2025 23:49:03.243] [main/DEBUG] [net.minecraftforge.coremod.CoreModEngine/COREMOD]: CoreMod loaded successfully
[23Jul2025 23:49:03.243] [main/DEBUG] [net.minecraftforge.coremod.CoreModEngine/COREMOD]: Loading CoreMod from META-INF/asm/maprendercontext.js
[23Jul2025 23:49:03.284] [main/DEBUG] [net.minecraftforge.coremod.CoreModEngine/COREMOD]: CoreMod loaded successfully
[23Jul2025 23:49:03.287] [main/DEBUG] [net.minecraftforge.coremod.CoreModEngine/COREMOD]: Loading CoreMod from META-INF/asm/music.js
[23Jul2025 23:49:03.307] [main/DEBUG] [net.minecraftforge.coremod.CoreModEngine/COREMOD]: CoreMod loaded successfully
[23Jul2025 23:49:03.307] [main/DEBUG] [net.minecraftforge.coremod.CoreModEngine/COREMOD]: Loading CoreMod from META-INF/asm/multipart.js
[23Jul2025 23:49:03.333] [main/DEBUG] [net.minecraftforge.coremod.CoreModEngine/COREMOD]: CoreMod loaded successfully
[23Jul2025 23:49:03.333] [main/DEBUG] [net.minecraftforge.coremod.CoreModEngine/COREMOD]: Loading CoreMod from META-INF/asm/foliage.js
[23Jul2025 23:49:03.346] [main/DEBUG] [net.minecraftforge.coremod.CoreModEngine/COREMOD]: CoreMod loaded successfully
[23Jul2025 23:49:03.346] [main/DEBUG] [net.minecraftforge.coremod.CoreModEngine/COREMOD]: Loading CoreMod from META-INF/asm/mount.js
[23Jul2025 23:49:03.363] [main/DEBUG] [net.minecraftforge.coremod.CoreModEngine/COREMOD]: CoreMod loaded successfully
[23Jul2025 23:49:03.364] [main/DEBUG] [net.minecraftforge.coremod.CoreModEngine/COREMOD]: Loading CoreMod from META-INF/asm/book.js
[23Jul2025 23:49:03.381] [main/DEBUG] [net.minecraftforge.coremod.CoreModEngine/COREMOD]: CoreMod loaded successfully
[23Jul2025 23:49:03.381] [main/DEBUG] [net.minecraftforge.coremod.CoreModEngine/COREMOD]: Loading CoreMod from META-INF/asm/conquered.js
[23Jul2025 23:49:03.393] [main/DEBUG] [net.minecraftforge.coremod.CoreModEngine/COREMOD]: CoreMod loaded successfully
[23Jul2025 23:49:03.393] [main/DEBUG] [net.minecraftforge.coremod.CoreModEngine/COREMOD]: Loading CoreMod from META-INF/asm/reach.js
[23Jul2025 23:49:03.410] [main/DEBUG] [net.minecraftforge.coremod.CoreModEngine/COREMOD]: CoreMod loaded successfully
[23Jul2025 23:49:03.410] [main/DEBUG] [net.minecraftforge.coremod.CoreModEngine/COREMOD]: Loading CoreMod from META-INF/asm/shroom.js
[23Jul2025 23:49:03.426] [main/DEBUG] [net.minecraftforge.coremod.CoreModEngine/COREMOD]: CoreMod loaded successfully
[23Jul2025 23:49:03.426] [main/DEBUG] [net.minecraftforge.coremod.CoreModEngine/COREMOD]: Loading CoreMod from META-INF/asm/cloud.js
[23Jul2025 23:49:03.445] [main/DEBUG] [net.minecraftforge.coremod.CoreModEngine/COREMOD]: CoreMod loaded successfully
[23Jul2025 23:49:03.445] [main/DEBUG] [net.minecraftforge.coremod.CoreModEngine/COREMOD]: Loading CoreMod from META-INF/asm/lead.js
[23Jul2025 23:49:03.462] [main/DEBUG] [net.minecraftforge.coremod.CoreModEngine/COREMOD]: CoreMod loaded successfully
[23Jul2025 23:49:03.462] [main/DEBUG] [net.minecraftforge.coremod.CoreModEngine/COREMOD]: Loading CoreMod from META-INF/xaerohud_core.js
[23Jul2025 23:49:03.529] [main/DEBUG] [net.minecraftforge.coremod.CoreModEngine/COREMOD]: CoreMod loaded successfully
[23Jul2025 23:49:03.540] [main/DEBUG] [cpw.mods.modlauncher.TransformStore/MODLAUNCHER]: Adding transformer net.minecraftforge.coremod.transformer.CoreModMethodTransformer@44b940a2 to Target : METHOD {Lnet/minecraft/world/level/levelgen/WorldOptions;} {<init>} {(JZZLjava/util/Optional;)V}
[23Jul2025 23:49:03.541] [main/DEBUG] [cpw.mods.modlauncher.TransformStore/MODLAUNCHER]: Adding transformer net.minecraftforge.coremod.transformer.CoreModMethodTransformer@118acf70 to Target : METHOD {Lnet/minecraft/client/gui/MapRenderer$MapInstance;} {m_93291_} {(Lcom/mojang/blaze3d/vertex/PoseStack;Lnet/minecraft/client/renderer/MultiBufferSource;ZI)V}
[23Jul2025 23:49:03.541] [main/DEBUG] [cpw.mods.modlauncher.TransformStore/MODLAUNCHER]: Adding transformer net.minecraftforge.coremod.transformer.CoreModMethodTransformer@72557746 to Target : METHOD {Lnet/minecraft/client/renderer/ItemInHandRenderer;} {m_109371_} {(Lnet/minecraft/client/player/AbstractClientPlayer;FFLnet/minecraft/world/InteractionHand;FLnet/minecraft/world/item/ItemStack;FLcom/mojang/blaze3d/vertex/PoseStack;Lnet/minecraft/client/renderer/MultiBufferSource;I)V}
[23Jul2025 23:49:03.541] [main/DEBUG] [cpw.mods.modlauncher.TransformStore/MODLAUNCHER]: Adding transformer net.minecraftforge.coremod.transformer.CoreModMethodTransformer@8c12524 to Target : METHOD {Lnet/minecraft/world/entity/decoration/ItemFrame;} {m_218868_} {()Ljava/util/OptionalInt;}
[23Jul2025 23:49:03.541] [main/DEBUG] [cpw.mods.modlauncher.TransformStore/MODLAUNCHER]: Adding transformer net.minecraftforge.coremod.transformer.CoreModMethodTransformer@f723cdb to Target : METHOD {Lnet/minecraft/client/renderer/ItemInHandRenderer;} {m_109366_} {(Lcom/mojang/blaze3d/vertex/PoseStack;Lnet/minecraft/client/renderer/MultiBufferSource;ILnet/minecraft/world/item/ItemStack;)V}
[23Jul2025 23:49:03.541] [main/DEBUG] [cpw.mods.modlauncher.TransformStore/MODLAUNCHER]: Adding transformer net.minecraftforge.coremod.transformer.CoreModMethodTransformer@4844930a to Target : METHOD {Lnet/minecraft/world/item/MapItem;} {m_7373_} {(Lnet/minecraft/world/item/ItemStack;Lnet/minecraft/world/level/Level;Ljava/util/List;Lnet/minecraft/world/item/TooltipFlag;)V}
[23Jul2025 23:49:03.541] [main/DEBUG] [cpw.mods.modlauncher.TransformStore/MODLAUNCHER]: Adding transformer net.minecraftforge.coremod.transformer.CoreModMethodTransformer@11f23203 to Target : METHOD {Lnet/minecraft/client/sounds/MusicManager;} {m_120183_} {()V}
[23Jul2025 23:49:03.541] [main/DEBUG] [cpw.mods.modlauncher.TransformStore/MODLAUNCHER]: Adding transformer net.minecraftforge.coremod.transformer.CoreModMethodTransformer@101bdd1c to Target : METHOD {Lnet/minecraft/server/level/ServerEntity;} {m_8543_} {()V}
[23Jul2025 23:49:03.542] [main/DEBUG] [cpw.mods.modlauncher.TransformStore/MODLAUNCHER]: Adding transformer net.minecraftforge.coremod.transformer.CoreModMethodTransformer@e91af20 to Target : METHOD {Lnet/minecraft/client/renderer/entity/EntityRenderDispatcher;} {m_6213_} {(Lnet/minecraft/server/packs/resources/ResourceManager;)V}
[23Jul2025 23:49:03.542] [main/DEBUG] [cpw.mods.modlauncher.TransformStore/MODLAUNCHER]: Adding transformer net.minecraftforge.coremod.transformer.CoreModMethodTransformer@6221b13b to Target : METHOD {Lnet/minecraft/client/renderer/entity/EntityRenderDispatcher;} {m_114382_} {(Lnet/minecraft/world/entity/Entity;)Lnet/minecraft/client/renderer/entity/EntityRenderer;}
[23Jul2025 23:49:03.542] [main/DEBUG] [cpw.mods.modlauncher.TransformStore/MODLAUNCHER]: Adding transformer net.minecraftforge.coremod.transformer.CoreModMethodTransformer@62c3f556 to Target : METHOD {Lnet/minecraft/client/renderer/LevelRenderer;} {m_109599_} {(Lcom/mojang/blaze3d/vertex/PoseStack;FJZLnet/minecraft/client/Camera;Lnet/minecraft/client/renderer/GameRenderer;Lnet/minecraft/client/renderer/LightTexture;Lorg/joml/Matrix4f;)V}
[23Jul2025 23:49:03.542] [main/DEBUG] [cpw.mods.modlauncher.TransformStore/MODLAUNCHER]: Adding transformer net.minecraftforge.coremod.transformer.CoreModMethodTransformer@2cfe272f to Target : METHOD {Lnet/minecraft/client/renderer/BiomeColors;} {m_108807_} {(Lnet/minecraft/world/level/biome/Biome;DD)I}
[23Jul2025 23:49:03.542] [main/DEBUG] [cpw.mods.modlauncher.TransformStore/MODLAUNCHER]: Adding transformer net.minecraftforge.coremod.transformer.CoreModMethodTransformer@2f95653f to Target : METHOD {Lnet/minecraft/client/player/LocalPlayer;} {m_6083_} {()V}
[23Jul2025 23:49:03.542] [main/DEBUG] [cpw.mods.modlauncher.TransformStore/MODLAUNCHER]: Adding transformer net.minecraftforge.coremod.transformer.CoreModMethodTransformer@4052b19f to Target : METHOD {Lnet/minecraft/world/item/WrittenBookItem;} {m_7626_} {(Lnet/minecraft/world/item/ItemStack;)Lnet/minecraft/network/chat/Component;}
[23Jul2025 23:49:03.542] [main/DEBUG] [cpw.mods.modlauncher.TransformStore/MODLAUNCHER]: Adding transformer net.minecraftforge.coremod.transformer.CoreModMethodTransformer@3dc68586 to Target : METHOD {Lnet/minecraft/world/level/levelgen/structure/StructureStart;} {m_226857_} {(Lnet/minecraft/world/level/levelgen/structure/pieces/StructurePieceSerializationContext;Lnet/minecraft/nbt/CompoundTag;J)Lnet/minecraft/world/level/levelgen/structure/StructureStart;}
[23Jul2025 23:49:03.543] [main/DEBUG] [cpw.mods.modlauncher.TransformStore/MODLAUNCHER]: Adding transformer net.minecraftforge.coremod.transformer.CoreModMethodTransformer@60dc1a4e to Target : METHOD {Lnet/minecraft/world/item/Item;} {m_41435_} {(Lnet/minecraft/world/level/Level;Lnet/minecraft/world/entity/player/Player;Lnet/minecraft/world/level/ClipContext$Fluid;)Lnet/minecraft/world/phys/BlockHitResult;}
[23Jul2025 23:49:03.543] [main/DEBUG] [cpw.mods.modlauncher.TransformStore/MODLAUNCHER]: Adding transformer net.minecraftforge.coremod.transformer.CoreModMethodTransformer@646427f7 to Target : METHOD {Lnet/minecraft/world/level/block/MushroomBlock;} {m_7898_} {(Lnet/minecraft/world/level/block/state/BlockState;Lnet/minecraft/world/level/LevelReader;Lnet/minecraft/core/BlockPos;)Z}
[23Jul2025 23:49:03.543] [main/DEBUG] [cpw.mods.modlauncher.TransformStore/MODLAUNCHER]: Adding transformer net.minecraftforge.coremod.transformer.CoreModMethodTransformer@31efacad to Target : METHOD {Lnet/minecraft/world/level/Level;} {m_46758_} {(Lnet/minecraft/core/BlockPos;)Z}
[23Jul2025 23:49:03.543] [main/DEBUG] [cpw.mods.modlauncher.TransformStore/MODLAUNCHER]: Adding transformer net.minecraftforge.coremod.transformer.CoreModMethodTransformer@380ce5a3 to Target : METHOD {Lnet/minecraft/world/entity/decoration/LeashFenceKnotEntity;} {m_7088_} {()Z}
[23Jul2025 23:49:03.543] [main/DEBUG] [cpw.mods.modlauncher.TransformStore/MODLAUNCHER]: Adding transformer net.minecraftforge.coremod.transformer.CoreModMethodTransformer@38029686 to Target : METHOD {Lnet/minecraft/client/multiplayer/ClientPacketListener;} {m_6773_} {(Lnet/minecraft/network/protocol/game/ClientboundBlockUpdatePacket;)V}
[23Jul2025 23:49:03.543] [main/DEBUG] [cpw.mods.modlauncher.TransformStore/MODLAUNCHER]: Adding transformer net.minecraftforge.coremod.transformer.CoreModMethodTransformer@7d9c45ee to Target : METHOD {Lnet/minecraft/client/multiplayer/ClientPacketListener;} {m_5771_} {(Lnet/minecraft/network/protocol/game/ClientboundSectionBlocksUpdatePacket;)V}
[23Jul2025 23:49:03.543] [main/DEBUG] [cpw.mods.modlauncher.TransformStore/MODLAUNCHER]: Adding transformer net.minecraftforge.coremod.transformer.CoreModMethodTransformer@31da0434 to Target : METHOD {Lnet/minecraft/client/multiplayer/ClientPacketListener;} {m_194198_} {(IILnet/minecraft/network/protocol/game/ClientboundLevelChunkPacketData;)V}
[23Jul2025 23:49:03.543] [main/DEBUG] [cpw.mods.modlauncher.TransformStore/MODLAUNCHER]: Adding transformer net.minecraftforge.coremod.transformer.CoreModMethodTransformer@6e24ce51 to Target : METHOD {Lnet/minecraft/client/multiplayer/ClientPacketListener;} {m_183388_} {(Lnet/minecraft/network/protocol/game/ClientboundLevelChunkWithLightPacket;)V}
[23Jul2025 23:49:03.543] [main/DEBUG] [cpw.mods.modlauncher.TransformStore/MODLAUNCHER]: Adding transformer net.minecraftforge.coremod.transformer.CoreModMethodTransformer@423ed3b5 to Target : METHOD {Lnet/minecraft/client/multiplayer/ClientPacketListener;} {m_183514_} {(Lnet/minecraft/network/protocol/game/ClientboundLightUpdatePacket;)V}
[23Jul2025 23:49:03.543] [main/DEBUG] [cpw.mods.modlauncher.TransformStore/MODLAUNCHER]: Adding transformer net.minecraftforge.coremod.transformer.CoreModMethodTransformer@5d124d29 to Target : METHOD {Lnet/minecraft/client/multiplayer/ClientPacketListener;} {m_194252_} {(Lnet/minecraft/network/protocol/game/ClientboundForgetLevelChunkPacket;)V}
[23Jul2025 23:49:03.544] [main/DEBUG] [cpw.mods.modlauncher.TransformStore/MODLAUNCHER]: Adding transformer net.minecraftforge.coremod.transformer.CoreModMethodTransformer@3c88191b to Target : METHOD {Lnet/minecraft/client/multiplayer/ClientPacketListener;} {m_6571_} {(Lnet/minecraft/network/protocol/game/ClientboundSetDefaultSpawnPositionPacket;)V}
[23Jul2025 23:49:03.544] [main/DEBUG] [cpw.mods.modlauncher.TransformStore/MODLAUNCHER]: Adding transformer net.minecraftforge.coremod.transformer.CoreModMethodTransformer@74960e9d to Target : METHOD {Lnet/minecraft/client/player/AbstractClientPlayer;} {m_108561_} {()Lnet/minecraft/resources/ResourceLocation;}
[23Jul2025 23:49:03.544] [main/DEBUG] [cpw.mods.modlauncher.TransformStore/MODLAUNCHER]: Adding transformer net.minecraftforge.coremod.transformer.CoreModMethodTransformer@4001d8c1 to Target : METHOD {Lnet/minecraft/world/entity/player/Player;} {m_36170_} {(Lnet/minecraft/world/entity/player/PlayerModelPart;)Z}
[23Jul2025 23:49:03.544] [main/DEBUG] [cpw.mods.modlauncher.TransformStore/MODLAUNCHER]: Adding transformer net.minecraftforge.coremod.transformer.CoreModMethodTransformer@fb5aeed to Target : METHOD {Lnet/minecraft/client/multiplayer/ClientPacketListener;} {m_5998_} {(Lnet/minecraft/network/protocol/game/ClientboundLoginPacket;)V}
[23Jul2025 23:49:03.544] [main/DEBUG] [cpw.mods.modlauncher.TransformStore/MODLAUNCHER]: Adding transformer net.minecraftforge.coremod.transformer.CoreModMethodTransformer@73893ec1 to Target : METHOD {Lnet/minecraft/client/multiplayer/ClientPacketListener;} {m_261044_} {()V}
[23Jul2025 23:49:03.544] [main/DEBUG] [cpw.mods.modlauncher.TransformStore/MODLAUNCHER]: Adding transformer net.minecraftforge.coremod.transformer.CoreModMethodTransformer@37af24cb to Target : METHOD {Lnet/minecraft/client/player/LocalPlayer;} {m_7583_} {()V}
[23Jul2025 23:49:03.544] [main/DEBUG] [cpw.mods.modlauncher.TransformStore/MODLAUNCHER]: Adding transformer net.minecraftforge.coremod.transformer.CoreModMethodTransformer@7926352f to Target : METHOD {Lnet/minecraft/server/players/PlayerList;} {m_11229_} {(Lnet/minecraft/server/level/ServerPlayer;Lnet/minecraft/server/level/ServerLevel;)V}
[23Jul2025 23:49:03.544] [main/DEBUG] [cpw.mods.modlauncher.TransformStore/MODLAUNCHER]: Adding transformer net.minecraftforge.coremod.transformer.CoreModMethodTransformer@5bc63e20 to Target : METHOD {Lnet/minecraft/client/gui/components/BossHealthOverlay;} {m_280652_} {(Lnet/minecraft/client/gui/GuiGraphics;)V}
[23Jul2025 23:49:03.544] [main/DEBUG] [cpw.mods.modlauncher.TransformStore/MODLAUNCHER]: Adding transformer net.minecraftforge.coremod.transformer.CoreModMethodTransformer@61037caf to Target : METHOD {Lnet/minecraft/client/model/ListModel;} {m_7695_} {(Lcom/mojang/blaze3d/vertex/PoseStack;Lcom/mojang/blaze3d/vertex/VertexConsumer;IIFFFF)V}
[23Jul2025 23:49:03.545] [main/DEBUG] [cpw.mods.modlauncher.TransformStore/MODLAUNCHER]: Adding transformer net.minecraftforge.coremod.transformer.CoreModMethodTransformer@2fc49538 to Target : METHOD {Lnet/minecraft/client/model/AgeableListModel;} {m_7695_} {(Lcom/mojang/blaze3d/vertex/PoseStack;Lcom/mojang/blaze3d/vertex/VertexConsumer;IIFFFF)V}
[23Jul2025 23:49:03.545] [main/DEBUG] [cpw.mods.modlauncher.TransformStore/MODLAUNCHER]: Adding transformer net.minecraftforge.coremod.transformer.CoreModMethodTransformer@670342a2 to Target : METHOD {Lnet/minecraft/client/model/LlamaModel;} {m_7695_} {(Lcom/mojang/blaze3d/vertex/PoseStack;Lcom/mojang/blaze3d/vertex/VertexConsumer;IIFFFF)V}
[23Jul2025 23:49:03.545] [main/DEBUG] [cpw.mods.modlauncher.TransformStore/MODLAUNCHER]: Adding transformer net.minecraftforge.coremod.transformer.CoreModMethodTransformer@d5e575c to Target : METHOD {Lnet/minecraft/client/model/RabbitModel;} {m_7695_} {(Lcom/mojang/blaze3d/vertex/PoseStack;Lcom/mojang/blaze3d/vertex/VertexConsumer;IIFFFF)V}
[23Jul2025 23:49:03.545] [main/DEBUG] [cpw.mods.modlauncher.TransformStore/MODLAUNCHER]: Adding transformer net.minecraftforge.coremod.transformer.CoreModMethodTransformer@7742a45c to Target : METHOD {Lnet/minecraft/client/renderer/entity/EnderDragonRenderer$DragonModel;} {m_7695_} {(Lcom/mojang/blaze3d/vertex/PoseStack;Lcom/mojang/blaze3d/vertex/VertexConsumer;IIFFFF)V}
[23Jul2025 23:49:03.545] [main/DEBUG] [cpw.mods.modlauncher.TransformStore/MODLAUNCHER]: Adding transformer net.minecraftforge.coremod.transformer.CoreModMethodTransformer@7ca492d9 to Target : METHOD {Lnet/minecraft/client/model/HierarchicalModel;} {m_7695_} {(Lcom/mojang/blaze3d/vertex/PoseStack;Lcom/mojang/blaze3d/vertex/VertexConsumer;IIFFFF)V}
[23Jul2025 23:49:03.545] [main/DEBUG] [cpw.mods.modlauncher.TransformStore/MODLAUNCHER]: Adding transformer net.minecraftforge.coremod.transformer.CoreModMethodTransformer@14fc9bd to Target : METHOD {Lnet/minecraft/client/model/geom/ModelPart;} {m_104290_} {(Lcom/mojang/blaze3d/vertex/PoseStack$Pose;Lcom/mojang/blaze3d/vertex/VertexConsumer;IIFFFF)V}
[23Jul2025 23:49:03.545] [main/DEBUG] [cpw.mods.modlauncher.TransformStore/MODLAUNCHER]: Adding transformer net.minecraftforge.coremod.transformer.CoreModMethodTransformer@7ed49a7f to Target : METHOD {Lnet/minecraft/world/level/storage/LevelStorageSource$LevelStorageAccess;} {m_78311_} {()V}
[23Jul2025 23:49:03.545] [main/DEBUG] [cpw.mods.modlauncher.TransformStore/MODLAUNCHER]: Adding transformer net.minecraftforge.coremod.transformer.CoreModMethodTransformer@1cd6b1bd to Target : METHOD {Lnet/minecraft/client/multiplayer/ClientPacketListener;} {m_246623_} {(Ljava/lang/String;)V}
[23Jul2025 23:49:03.545] [main/DEBUG] [cpw.mods.modlauncher.TransformStore/MODLAUNCHER]: Adding transformer net.minecraftforge.coremod.transformer.CoreModMethodTransformer@443cdaa4 to Target : METHOD {Lnet/minecraft/client/multiplayer/ClientPacketListener;} {m_246979_} {(Ljava/lang/String;)Z}
[23Jul2025 23:49:03.546] [main/DEBUG] [cpw.mods.modlauncher.TransformStore/MODLAUNCHER]: Adding transformer net.minecraftforge.coremod.transformer.CoreModMethodTransformer@3b41e1bf to Target : METHOD {Lnet/minecraft/client/multiplayer/chat/ChatListener;} {m_240494_} {(Lnet/minecraft/network/chat/Component;Z)V}
[23Jul2025 23:49:03.546] [main/DEBUG] [cpw.mods.modlauncher.TransformStore/MODLAUNCHER]: Adding transformer net.minecraftforge.coremod.transformer.CoreModMethodTransformer@619c93ca to Target : METHOD {Lnet/minecraft/client/multiplayer/chat/ChatListener;} {m_245141_} {(Lnet/minecraft/network/chat/Component;Lnet/minecraft/network/chat/ChatType$Bound;)V}
[23Jul2025 23:49:03.546] [main/DEBUG] [cpw.mods.modlauncher.TransformStore/MODLAUNCHER]: Adding transformer net.minecraftforge.coremod.transformer.CoreModMethodTransformer@486e9d1d to Target : METHOD {Lnet/minecraft/client/ToggleKeyMapping;} {m_90857_} {()Z}
[23Jul2025 23:49:03.546] [main/DEBUG] [cpw.mods.modlauncher.TransformStore/MODLAUNCHER]: Adding transformer net.minecraftforge.coremod.transformer.CoreModClassTransformer@5e5ddfbc to Target : CLASS {Lnet/minecraft/world/level/biome/Biome;} {} {V}
[23Jul2025 23:49:03.546] [main/DEBUG] [cpw.mods.modlauncher.TransformStore/MODLAUNCHER]: Adding transformer net.minecraftforge.coremod.transformer.CoreModClassTransformer@5bda157e to Target : CLASS {Lnet/minecraft/world/level/levelgen/structure/Structure;} {} {V}
[23Jul2025 23:49:03.546] [main/DEBUG] [cpw.mods.modlauncher.TransformStore/MODLAUNCHER]: Adding transformer net.minecraftforge.coremod.transformer.CoreModClassTransformer@67e0fd6d to Target : CLASS {Lnet/minecraft/world/effect/MobEffectInstance;} {} {V}
[23Jul2025 23:49:03.546] [main/DEBUG] [cpw.mods.modlauncher.TransformStore/MODLAUNCHER]: Adding transformer net.minecraftforge.coremod.transformer.CoreModClassTransformer@21390938 to Target : CLASS {Lnet/minecraft/world/level/block/LiquidBlock;} {} {V}
[23Jul2025 23:49:03.546] [main/DEBUG] [cpw.mods.modlauncher.TransformStore/MODLAUNCHER]: Adding transformer net.minecraftforge.coremod.transformer.CoreModClassTransformer@1129829c to Target : CLASS {Lnet/minecraft/world/item/BucketItem;} {} {V}
[23Jul2025 23:49:03.546] [main/DEBUG] [cpw.mods.modlauncher.TransformStore/MODLAUNCHER]: Adding transformer net.minecraftforge.coremod.transformer.CoreModClassTransformer@1a531422 to Target : CLASS {Lnet/minecraft/world/level/block/StairBlock;} {} {V}
[23Jul2025 23:49:03.547] [main/DEBUG] [cpw.mods.modlauncher.TransformStore/MODLAUNCHER]: Adding transformer net.minecraftforge.coremod.transformer.CoreModClassTransformer@7a388990 to Target : CLASS {Lnet/minecraft/world/level/block/FlowerPotBlock;} {} {V}
[23Jul2025 23:49:03.547] [main/DEBUG] [cpw.mods.modlauncher.TransformStore/MODLAUNCHER]: Adding transformer net.minecraftforge.coremod.transformer.CoreModClassTransformer@13213f26 to Target : CLASS {Lnet/minecraft/world/item/ItemStack;} {} {V}
[23Jul2025 23:49:03.547] [main/DEBUG] [cpw.mods.modlauncher.TransformStore/MODLAUNCHER]: Adding transformer net.minecraftforge.coremod.transformer.CoreModClassTransformer@4e4162bc to Target : CLASS {Lnet/minecraft/network/play/client/CClientSettingsPacket;} {} {V}
[23Jul2025 23:49:03.547] [main/DEBUG] [cpw.mods.modlauncher.TransformStore/MODLAUNCHER]: Adding transformer net.minecraftforge.coremod.transformer.CoreModClassTransformer@4c319d52 to Target : CLASS {Lnet/minecraft/world/entity/animal/frog/Tadpole;} {} {V}
[23Jul2025 23:49:03.547] [main/DEBUG] [cpw.mods.modlauncher.TransformStore/MODLAUNCHER]: Adding transformer net.minecraftforge.coremod.transformer.CoreModClassTransformer@4c319d52 to Target : CLASS {Lnet/minecraft/server/commands/SummonCommand;} {} {V}
[23Jul2025 23:49:03.547] [main/DEBUG] [cpw.mods.modlauncher.TransformStore/MODLAUNCHER]: Adding transformer net.minecraftforge.coremod.transformer.CoreModClassTransformer@4c319d52 to Target : CLASS {Lnet/minecraft/world/level/NaturalSpawner;} {} {V}
[23Jul2025 23:49:03.547] [main/DEBUG] [cpw.mods.modlauncher.TransformStore/MODLAUNCHER]: Adding transformer net.minecraftforge.coremod.transformer.CoreModClassTransformer@4c319d52 to Target : CLASS {Lnet/minecraft/world/entity/animal/horse/SkeletonTrapGoal;} {} {V}
[23Jul2025 23:49:03.547] [main/DEBUG] [cpw.mods.modlauncher.TransformStore/MODLAUNCHER]: Adding transformer net.minecraftforge.coremod.transformer.CoreModClassTransformer@4c319d52 to Target : CLASS {Lnet/minecraft/world/level/levelgen/structure/structures/OceanMonumentPieces$OceanMonumentPiece;} {} {V}
[23Jul2025 23:49:03.547] [main/DEBUG] [cpw.mods.modlauncher.TransformStore/MODLAUNCHER]: Adding transformer net.minecraftforge.coremod.transformer.CoreModClassTransformer@4c319d52 to Target : CLASS {Lnet/minecraft/world/level/levelgen/structure/structures/OceanRuinPieces$OceanRuinPiece;} {} {V}
[23Jul2025 23:49:03.548] [main/DEBUG] [cpw.mods.modlauncher.TransformStore/MODLAUNCHER]: Adding transformer net.minecraftforge.coremod.transformer.CoreModClassTransformer@4c319d52 to Target : CLASS {Lnet/minecraft/server/commands/RaidCommand;} {} {V}
[23Jul2025 23:49:03.548] [main/DEBUG] [cpw.mods.modlauncher.TransformStore/MODLAUNCHER]: Adding transformer net.minecraftforge.coremod.transformer.CoreModClassTransformer@4c319d52 to Target : CLASS {Lnet/minecraft/world/entity/monster/Zombie;} {} {V}
[23Jul2025 23:49:03.548] [main/DEBUG] [cpw.mods.modlauncher.TransformStore/MODLAUNCHER]: Adding transformer net.minecraftforge.coremod.transformer.CoreModClassTransformer@4c319d52 to Target : CLASS {Lnet/minecraft/world/entity/monster/Evoker$EvokerSummonSpellGoal;} {} {V}
[23Jul2025 23:49:03.548] [main/DEBUG] [cpw.mods.modlauncher.TransformStore/MODLAUNCHER]: Adding transformer net.minecraftforge.coremod.transformer.CoreModClassTransformer@4c319d52 to Target : CLASS {Lnet/minecraft/world/entity/npc/CatSpawner;} {} {V}
[23Jul2025 23:49:03.548] [main/DEBUG] [cpw.mods.modlauncher.TransformStore/MODLAUNCHER]: Adding transformer net.minecraftforge.coremod.transformer.CoreModClassTransformer@4c319d52 to Target : CLASS {Lnet/minecraft/world/entity/ai/village/VillageSiege;} {} {V}
[23Jul2025 23:49:03.548] [main/DEBUG] [cpw.mods.modlauncher.TransformStore/MODLAUNCHER]: Adding transformer net.minecraftforge.coremod.transformer.CoreModClassTransformer@4c319d52 to Target : CLASS {Lnet/minecraft/world/entity/raid/Raid;} {} {V}
[23Jul2025 23:49:03.548] [main/DEBUG] [cpw.mods.modlauncher.TransformStore/MODLAUNCHER]: Adding transformer net.minecraftforge.coremod.transformer.CoreModClassTransformer@4c319d52 to Target : CLASS {Lnet/minecraft/world/level/levelgen/structure/structures/SwampHutPiece;} {} {V}
[23Jul2025 23:49:03.548] [main/DEBUG] [cpw.mods.modlauncher.TransformStore/MODLAUNCHER]: Adding transformer net.minecraftforge.coremod.transformer.CoreModClassTransformer@4c319d52 to Target : CLASS {Lnet/minecraft/world/entity/monster/Strider;} {} {V}
[23Jul2025 23:49:03.548] [main/DEBUG] [cpw.mods.modlauncher.TransformStore/MODLAUNCHER]: Adding transformer net.minecraftforge.coremod.transformer.CoreModClassTransformer@4c319d52 to Target : CLASS {Lnet/minecraft/world/entity/npc/Villager;} {} {V}
[23Jul2025 23:49:03.548] [main/DEBUG] [cpw.mods.modlauncher.TransformStore/MODLAUNCHER]: Adding transformer net.minecraftforge.coremod.transformer.CoreModClassTransformer@4c319d52 to Target : CLASS {Lnet/minecraft/world/level/levelgen/structure/templatesystem/StructureTemplate;} {} {V}
[23Jul2025 23:49:03.549] [main/DEBUG] [cpw.mods.modlauncher.TransformStore/MODLAUNCHER]: Adding transformer net.minecraftforge.coremod.transformer.CoreModClassTransformer@4c319d52 to Target : CLASS {Lnet/minecraft/world/entity/monster/Spider;} {} {V}
[23Jul2025 23:49:03.549] [main/DEBUG] [cpw.mods.modlauncher.TransformStore/MODLAUNCHER]: Adding transformer net.minecraftforge.coremod.transformer.CoreModClassTransformer@4c319d52 to Target : CLASS {Lnet/minecraft/world/entity/monster/ZombieVillager;} {} {V}
[23Jul2025 23:49:03.549] [main/DEBUG] [cpw.mods.modlauncher.TransformStore/MODLAUNCHER]: Adding transformer net.minecraftforge.coremod.transformer.CoreModClassTransformer@4c319d52 to Target : CLASS {Lnet/minecraft/world/level/levelgen/structure/structures/WoodlandMansionPieces$WoodlandMansionPiece;} {} {V}
[23Jul2025 23:49:03.549] [main/DEBUG] [cpw.mods.modlauncher.TransformStore/MODLAUNCHER]: Adding transformer net.minecraftforge.coremod.transformer.CoreModClassTransformer@4c319d52 to Target : CLASS {Lnet/minecraft/world/level/levelgen/PatrolSpawner;} {} {V}
[23Jul2025 23:49:03.549] [main/DEBUG] [cpw.mods.modlauncher.TransformStore/MODLAUNCHER]: Adding transformer net.minecraftforge.coremod.transformer.CoreModClassTransformer@4c319d52 to Target : CLASS {Lnet/minecraft/world/entity/EntityType;} {} {V}
[23Jul2025 23:49:03.549] [main/DEBUG] [cpw.mods.modlauncher.TransformStore/MODLAUNCHER]: Adding transformer net.minecraftforge.coremod.transformer.CoreModClassTransformer@4c319d52 to Target : CLASS {Lnet/minecraft/world/level/levelgen/PhantomSpawner;} {} {V}
[23Jul2025 23:49:03.549] [main/DEBUG] [cpw.mods.modlauncher.TransformStore/MODLAUNCHER]: Adding transformer net.minecraftforge.coremod.transformer.CoreModClassTransformer@72fbf94d to Target : CLASS {Lnet/minecraft/world/level/chunk/LevelChunk;} {} {V}
[23Jul2025 23:49:03.549] [main/DEBUG] [cpw.mods.modlauncher.TransformStore/MODLAUNCHER]: Adding transformer net.minecraftforge.coremod.transformer.CoreModClassTransformer@6839203b to Target : CLASS {Lnet/minecraft/client/multiplayer/ClientPacketListener;} {} {V}
[23Jul2025 23:49:03.549] [main/DEBUG] [cpw.mods.modlauncher.TransformStore/MODLAUNCHER]: Adding transformer net.minecraftforge.coremod.transformer.CoreModClassTransformer@2d28fb02 to Target : CLASS {Lnet/minecraft/client/multiplayer/ClientLevel;} {} {V}
[23Jul2025 23:49:03.550] [main/DEBUG] [cpw.mods.modlauncher.TransformStore/MODLAUNCHER]: Adding transformer net.minecraftforge.coremod.transformer.CoreModClassTransformer@6db328f8 to Target : CLASS {Lnet/minecraft/network/protocol/game/ClientboundSectionBlocksUpdatePacket;} {} {V}
[23Jul2025 23:49:03.550] [main/DEBUG] [cpw.mods.modlauncher.TransformStore/MODLAUNCHER]: Adding transformer net.minecraftforge.coremod.transformer.CoreModClassTransformer@402f8592 to Target : CLASS {Lnet/minecraft/client/gui/components/CycleButton;} {} {V}
[23Jul2025 23:49:03.550] [main/DEBUG] [cpw.mods.modlauncher.TransformStore/MODLAUNCHER]: Adding transformer net.minecraftforge.coremod.transformer.CoreModClassTransformer@61b65d54 to Target : CLASS {Lnet/minecraft/server/MinecraftServer;} {} {V}
[23Jul2025 23:49:03.550] [main/DEBUG] [cpw.mods.modlauncher.TransformStore/MODLAUNCHER]: Adding transformer net.minecraftforge.coremod.transformer.CoreModClassTransformer@b2c4a8b to Target : CLASS {Lnet/minecraft/server/level/ServerPlayer;} {} {V}
[23Jul2025 23:49:03.550] [main/DEBUG] [cpw.mods.modlauncher.TransformStore/MODLAUNCHER]: Adding transformer net.minecraftforge.coremod.transformer.CoreModClassTransformer@7f2c57fe to Target : CLASS {Lnet/minecraft/client/Minecraft;} {} {V}
[23Jul2025 23:49:03.550] [main/DEBUG] [cpw.mods.modlauncher.TransformStore/MODLAUNCHER]: Adding transformer net.minecraftforge.coremod.transformer.CoreModClassTransformer@43935e9c to Target : CLASS {Lnet/minecraft/client/gui/components/AbstractSelectionList;} {} {V}
[23Jul2025 23:49:03.550] [main/DEBUG] [cpw.mods.modlauncher.TransformationServiceDecorator/MODLAUNCHER]: Initialized transformers for transformation service fml
[23Jul2025 23:49:04.686] [main/DEBUG] [mixin/]: Processing prepare() for PlatformAgent[MixinPlatformAgentDefault:ModLauncher Root Container(ModLauncher:4f56a0a2)]
[23Jul2025 23:49:04.687] [main/DEBUG] [mixin/]: Processing launch tasks for PlatformAgent[MixinPlatformAgentDefault:ModLauncher Root Container(ModLauncher:4f56a0a2)]
[23Jul2025 23:49:04.687] [main/DEBUG] [mixin/]: Adding mixin platform agents for container SecureJarResource(kuma_api)
[23Jul2025 23:49:04.687] [main/DEBUG] [mixin/]: Instancing new MixinPlatformAgentMinecraftForge for SecureJarResource(kuma_api)
[23Jul2025 23:49:04.687] [main/DEBUG] [mixin/]: MixinPlatformAgentMinecraftForge rejected container SecureJarResource(kuma_api)
[23Jul2025 23:49:04.687] [main/DEBUG] [mixin/]: Instancing new MixinPlatformAgentDefault for SecureJarResource(kuma_api)
[23Jul2025 23:49:04.687] [main/DEBUG] [mixin/]: MixinPlatformAgentDefault accepted container SecureJarResource(kuma_api)
[23Jul2025 23:49:04.687] [main/DEBUG] [mixin/]: Processing prepare() for PlatformAgent[MixinPlatformAgentDefault:SecureJarResource(kuma_api)]
[23Jul2025 23:49:04.687] [main/DEBUG] [mixin/]: Registering mixin config: kuma_api.mixins.json
[23Jul2025 23:49:04.704] [main/DEBUG] [mixin/]: Compatibility level JAVA_17 specified by kuma_api.mixins.json is higher than the maximum level supported by this version of mixin (JAVA_13).
[23Jul2025 23:49:04.708] [main/INFO] [mixin/]: Compatibility level set to JAVA_17
[23Jul2025 23:49:04.708] [main/DEBUG] [mixin/]: Registering mixin config: kuma_api.forge.mixins.json
[23Jul2025 23:49:04.711] [main/DEBUG] [mixin/]: Adding mixin platform agents for container SecureJarResource(easymagic)
[23Jul2025 23:49:04.711] [main/DEBUG] [mixin/]: Instancing new MixinPlatformAgentMinecraftForge for SecureJarResource(easymagic)
[23Jul2025 23:49:04.711] [main/DEBUG] [mixin/]: MixinPlatformAgentMinecraftForge rejected container SecureJarResource(easymagic)
[23Jul2025 23:49:04.711] [main/DEBUG] [mixin/]: Instancing new MixinPlatformAgentDefault for SecureJarResource(easymagic)
[23Jul2025 23:49:04.711] [main/DEBUG] [mixin/]: MixinPlatformAgentDefault accepted container SecureJarResource(easymagic)
[23Jul2025 23:49:04.711] [main/DEBUG] [mixin/]: Processing prepare() for PlatformAgent[MixinPlatformAgentDefault:SecureJarResource(easymagic)]
[23Jul2025 23:49:04.711] [main/DEBUG] [mixin/]: Registering mixin config: easymagic.common.mixins.json
[23Jul2025 23:49:04.713] [main/DEBUG] [mixin/]: Adding mixin platform agents for container SecureJarResource(jei)
[23Jul2025 23:49:04.713] [main/DEBUG] [mixin/]: Instancing new MixinPlatformAgentMinecraftForge for SecureJarResource(jei)
[23Jul2025 23:49:04.713] [main/DEBUG] [mixin/]: MixinPlatformAgentMinecraftForge rejected container SecureJarResource(jei)
[23Jul2025 23:49:04.713] [main/DEBUG] [mixin/]: Instancing new MixinPlatformAgentDefault for SecureJarResource(jei)
[23Jul2025 23:49:04.713] [main/DEBUG] [mixin/]: MixinPlatformAgentDefault accepted container SecureJarResource(jei)
[23Jul2025 23:49:04.713] [main/DEBUG] [mixin/]: Processing prepare() for PlatformAgent[MixinPlatformAgentDefault:SecureJarResource(jei)]
[23Jul2025 23:49:04.713] [main/DEBUG] [mixin/]: Adding mixin platform agents for container SecureJarResource(libraryferret)
[23Jul2025 23:49:04.713] [main/DEBUG] [mixin/]: Instancing new MixinPlatformAgentMinecraftForge for SecureJarResource(libraryferret)
[23Jul2025 23:49:04.714] [main/DEBUG] [mixin/]: MixinPlatformAgentMinecraftForge rejected container SecureJarResource(libraryferret)
[23Jul2025 23:49:04.714] [main/DEBUG] [mixin/]: Instancing new MixinPlatformAgentDefault for SecureJarResource(libraryferret)
[23Jul2025 23:49:04.714] [main/DEBUG] [mixin/]: MixinPlatformAgentDefault accepted container SecureJarResource(libraryferret)
[23Jul2025 23:49:04.714] [main/DEBUG] [mixin/]: Processing prepare() for PlatformAgent[MixinPlatformAgentDefault:SecureJarResource(libraryferret)]
[23Jul2025 23:49:04.714] [main/DEBUG] [mixin/]: Adding mixin platform agents for container SecureJarResource(mcwwindows)
[23Jul2025 23:49:04.714] [main/DEBUG] [mixin/]: Instancing new MixinPlatformAgentMinecraftForge for SecureJarResource(mcwwindows)
[23Jul2025 23:49:04.714] [main/DEBUG] [mixin/]: MixinPlatformAgentMinecraftForge rejected container SecureJarResource(mcwwindows)
[23Jul2025 23:49:04.714] [main/DEBUG] [mixin/]: Instancing new MixinPlatformAgentDefault for SecureJarResource(mcwwindows)
[23Jul2025 23:49:04.714] [main/DEBUG] [mixin/]: MixinPlatformAgentDefault accepted container SecureJarResource(mcwwindows)
[23Jul2025 23:49:04.714] [main/DEBUG] [mixin/]: Processing prepare() for PlatformAgent[MixinPlatformAgentDefault:SecureJarResource(mcwwindows)]
[23Jul2025 23:49:04.714] [main/DEBUG] [mixin/]: Adding mixin platform agents for container SecureJarResource(incendium)
[23Jul2025 23:49:04.714] [main/DEBUG] [mixin/]: Instancing new MixinPlatformAgentMinecraftForge for SecureJarResource(incendium)
[23Jul2025 23:49:04.714] [main/DEBUG] [mixin/]: MixinPlatformAgentMinecraftForge rejected container SecureJarResource(incendium)
[23Jul2025 23:49:04.714] [main/DEBUG] [mixin/]: Instancing new MixinPlatformAgentDefault for SecureJarResource(incendium)
[23Jul2025 23:49:04.714] [main/DEBUG] [mixin/]: MixinPlatformAgentDefault accepted container SecureJarResource(incendium)
[23Jul2025 23:49:04.714] [main/DEBUG] [mixin/]: Processing prepare() for PlatformAgent[MixinPlatformAgentDefault:SecureJarResource(incendium)]
[23Jul2025 23:49:04.715] [main/DEBUG] [mixin/]: Adding mixin platform agents for container SecureJarResource(sophisticatedcore)
[23Jul2025 23:49:04.715] [main/DEBUG] [mixin/]: Instancing new MixinPlatformAgentMinecraftForge for SecureJarResource(sophisticatedcore)
[23Jul2025 23:49:04.715] [main/DEBUG] [mixin/]: MixinPlatformAgentMinecraftForge rejected container SecureJarResource(sophisticatedcore)
[23Jul2025 23:49:04.715] [main/DEBUG] [mixin/]: Instancing new MixinPlatformAgentDefault for SecureJarResource(sophisticatedcore)
[23Jul2025 23:49:04.715] [main/DEBUG] [mixin/]: MixinPlatformAgentDefault accepted container SecureJarResource(sophisticatedcore)
[23Jul2025 23:49:04.715] [main/DEBUG] [mixin/]: Processing prepare() for PlatformAgent[MixinPlatformAgentDefault:SecureJarResource(sophisticatedcore)]
[23Jul2025 23:49:04.715] [main/DEBUG] [mixin/]: Adding mixin platform agents for container SecureJarResource(waystones)
[23Jul2025 23:49:04.715] [main/DEBUG] [mixin/]: Instancing new MixinPlatformAgentMinecraftForge for SecureJarResource(waystones)
[23Jul2025 23:49:04.715] [main/DEBUG] [mixin/]: MixinPlatformAgentMinecraftForge rejected container SecureJarResource(waystones)
[23Jul2025 23:49:04.715] [main/DEBUG] [mixin/]: Instancing new MixinPlatformAgentDefault for SecureJarResource(waystones)
[23Jul2025 23:49:04.715] [main/DEBUG] [mixin/]: MixinPlatformAgentDefault accepted container SecureJarResource(waystones)
[23Jul2025 23:49:04.715] [main/DEBUG] [mixin/]: Processing prepare() for PlatformAgent[MixinPlatformAgentDefault:SecureJarResource(waystones)]
[23Jul2025 23:49:04.715] [main/DEBUG] [mixin/]: Registering mixin config: waystones.mixins.json
[23Jul2025 23:49:04.718] [main/DEBUG] [mixin/]: Adding mixin platform agents for container SecureJarResource(villagernames)
[23Jul2025 23:49:04.718] [main/DEBUG] [mixin/]: Instancing new MixinPlatformAgentMinecraftForge for SecureJarResource(villagernames)
[23Jul2025 23:49:04.718] [main/DEBUG] [mixin/]: MixinPlatformAgentMinecraftForge rejected container SecureJarResource(villagernames)
[23Jul2025 23:49:04.718] [main/DEBUG] [mixin/]: Instancing new MixinPlatformAgentDefault for SecureJarResource(villagernames)
[23Jul2025 23:49:04.718] [main/DEBUG] [mixin/]: MixinPlatformAgentDefault accepted container SecureJarResource(villagernames)
[23Jul2025 23:49:04.718] [main/DEBUG] [mixin/]: Processing prepare() for PlatformAgent[MixinPlatformAgentDefault:SecureJarResource(villagernames)]
[23Jul2025 23:49:04.718] [main/DEBUG] [mixin/]: Registering mixin config: villagernames_forge.mixins.json
[23Jul2025 23:49:04.720] [main/DEBUG] [mixin/]: Adding mixin platform agents for container SecureJarResource(fallingleaves)
[23Jul2025 23:49:04.720] [main/DEBUG] [mixin/]: Instancing new MixinPlatformAgentMinecraftForge for SecureJarResource(fallingleaves)
[23Jul2025 23:49:04.720] [main/DEBUG] [mixin/]: MixinPlatformAgentMinecraftForge rejected container SecureJarResource(fallingleaves)
[23Jul2025 23:49:04.720] [main/DEBUG] [mixin/]: Instancing new MixinPlatformAgentDefault for SecureJarResource(fallingleaves)
[23Jul2025 23:49:04.720] [main/DEBUG] [mixin/]: MixinPlatformAgentDefault accepted container SecureJarResource(fallingleaves)
[23Jul2025 23:49:04.720] [main/DEBUG] [mixin/]: Processing prepare() for PlatformAgent[MixinPlatformAgentDefault:SecureJarResource(fallingleaves)]
[23Jul2025 23:49:04.721] [main/DEBUG] [mixin/]: Registering mixin config: fallingleaves.mixins.json
[23Jul2025 23:49:04.722] [main/DEBUG] [mixin/]: Adding mixin platform agents for container SecureJarResource(citadel)
[23Jul2025 23:49:04.723] [main/DEBUG] [mixin/]: Instancing new MixinPlatformAgentMinecraftForge for SecureJarResource(citadel)
[23Jul2025 23:49:04.723] [main/DEBUG] [mixin/]: MixinPlatformAgentMinecraftForge rejected container SecureJarResource(citadel)
[23Jul2025 23:49:04.723] [main/DEBUG] [mixin/]: Instancing new MixinPlatformAgentDefault for SecureJarResource(citadel)
[23Jul2025 23:49:04.723] [main/DEBUG] [mixin/]: MixinPlatformAgentDefault accepted container SecureJarResource(citadel)
[23Jul2025 23:49:04.723] [main/DEBUG] [mixin/]: Processing prepare() for PlatformAgent[MixinPlatformAgentDefault:SecureJarResource(citadel)]
[23Jul2025 23:49:04.723] [main/DEBUG] [mixin/]: Registering mixin config: citadel.mixins.json
[23Jul2025 23:49:04.725] [main/DEBUG] [mixin/]: Adding mixin platform agents for container SecureJarResource(artifacts)
[23Jul2025 23:49:04.725] [main/DEBUG] [mixin/]: Instancing new MixinPlatformAgentMinecraftForge for SecureJarResource(artifacts)
[23Jul2025 23:49:04.725] [main/DEBUG] [mixin/]: MixinPlatformAgentMinecraftForge rejected container SecureJarResource(artifacts)
[23Jul2025 23:49:04.725] [main/DEBUG] [mixin/]: Instancing new MixinPlatformAgentDefault for SecureJarResource(artifacts)
[23Jul2025 23:49:04.725] [main/DEBUG] [mixin/]: MixinPlatformAgentDefault accepted container SecureJarResource(artifacts)
[23Jul2025 23:49:04.726] [main/DEBUG] [mixin/]: Processing prepare() for PlatformAgent[MixinPlatformAgentDefault:SecureJarResource(artifacts)]
[23Jul2025 23:49:04.726] [main/DEBUG] [mixin/]: Registering mixin config: mixins.artifacts.common.json
[23Jul2025 23:49:04.727] [main/DEBUG] [mixin/]: Registering mixin config: mixins.artifacts.forge.json
[23Jul2025 23:49:04.729] [main/DEBUG] [mixin/]: Adding mixin platform agents for container SecureJarResource(mixinextras)
[23Jul2025 23:49:04.729] [main/DEBUG] [mixin/]: Instancing new MixinPlatformAgentMinecraftForge for SecureJarResource(mixinextras)
[23Jul2025 23:49:04.730] [main/DEBUG] [mixin/]: MixinPlatformAgentMinecraftForge rejected container SecureJarResource(mixinextras)
[23Jul2025 23:49:04.730] [main/DEBUG] [mixin/]: Instancing new MixinPlatformAgentDefault for SecureJarResource(mixinextras)
[23Jul2025 23:49:04.730] [main/DEBUG] [mixin/]: MixinPlatformAgentDefault accepted container SecureJarResource(mixinextras)
[23Jul2025 23:49:04.730] [main/DEBUG] [mixin/]: Processing prepare() for PlatformAgent[MixinPlatformAgentDefault:SecureJarResource(mixinextras)]
[23Jul2025 23:49:04.730] [main/DEBUG] [mixin/]: Registering mixin config: mixinextras.init.mixins.json
[23Jul2025 23:49:04.732] [main/DEBUG] [mixin/]: Adding mixin platform agents for container SecureJarResource(sophisticatedbackpacks)
[23Jul2025 23:49:04.732] [main/DEBUG] [mixin/]: Instancing new MixinPlatformAgentMinecraftForge for SecureJarResource(sophisticatedbackpacks)
[23Jul2025 23:49:04.733] [main/DEBUG] [mixin/]: MixinPlatformAgentMinecraftForge rejected container SecureJarResource(sophisticatedbackpacks)
[23Jul2025 23:49:04.733] [main/DEBUG] [mixin/]: Instancing new MixinPlatformAgentDefault for SecureJarResource(sophisticatedbackpacks)
[23Jul2025 23:49:04.733] [main/DEBUG] [mixin/]: MixinPlatformAgentDefault accepted container SecureJarResource(sophisticatedbackpacks)
[23Jul2025 23:49:04.733] [main/DEBUG] [mixin/]: Processing prepare() for PlatformAgent[MixinPlatformAgentDefault:SecureJarResource(sophisticatedbackpacks)]
[23Jul2025 23:49:04.734] [main/DEBUG] [mixin/]: Adding mixin platform agents for container SecureJarResource(takesapillage)
[23Jul2025 23:49:04.734] [main/DEBUG] [mixin/]: Instancing new MixinPlatformAgentMinecraftForge for SecureJarResource(takesapillage)
[23Jul2025 23:49:04.734] [main/DEBUG] [mixin/]: MixinPlatformAgentMinecraftForge rejected container SecureJarResource(takesapillage)
[23Jul2025 23:49:04.734] [main/DEBUG] [mixin/]: Instancing new MixinPlatformAgentDefault for SecureJarResource(takesapillage)
[23Jul2025 23:49:04.734] [main/DEBUG] [mixin/]: MixinPlatformAgentDefault accepted container SecureJarResource(takesapillage)
[23Jul2025 23:49:04.734] [main/DEBUG] [mixin/]: Processing prepare() for PlatformAgent[MixinPlatformAgentDefault:SecureJarResource(takesapillage)]
[23Jul2025 23:49:04.734] [main/DEBUG] [mixin/]: Registering mixin config: takesapillage.mixins.json
[23Jul2025 23:49:04.736] [main/DEBUG] [mixin/]: Adding mixin platform agents for container SecureJarResource(iceandfire)
[23Jul2025 23:49:04.736] [main/DEBUG] [mixin/]: Instancing new MixinPlatformAgentMinecraftForge for SecureJarResource(iceandfire)
[23Jul2025 23:49:04.736] [main/DEBUG] [mixin/]: MixinPlatformAgentMinecraftForge rejected container SecureJarResource(iceandfire)
[23Jul2025 23:49:04.736] [main/DEBUG] [mixin/]: Instancing new MixinPlatformAgentDefault for SecureJarResource(iceandfire)
[23Jul2025 23:49:04.736] [main/DEBUG] [mixin/]: MixinPlatformAgentDefault accepted container SecureJarResource(iceandfire)
[23Jul2025 23:49:04.737] [main/DEBUG] [mixin/]: Processing prepare() for PlatformAgent[MixinPlatformAgentDefault:SecureJarResource(iceandfire)]
[23Jul2025 23:49:04.737] [main/DEBUG] [mixin/]: Registering mixin config: iceandfire.mixins.json
[23Jul2025 23:49:04.738] [main/DEBUG] [mixin/]: Adding mixin platform agents for container SecureJarResource(balm)
[23Jul2025 23:49:04.738] [main/DEBUG] [mixin/]: Instancing new MixinPlatformAgentMinecraftForge for SecureJarResource(balm)
[23Jul2025 23:49:04.738] [main/DEBUG] [mixin/]: MixinPlatformAgentMinecraftForge rejected container SecureJarResource(balm)
[23Jul2025 23:49:04.738] [main/DEBUG] [mixin/]: Instancing new MixinPlatformAgentDefault for SecureJarResource(balm)
[23Jul2025 23:49:04.738] [main/DEBUG] [mixin/]: MixinPlatformAgentDefault accepted container SecureJarResource(balm)
[23Jul2025 23:49:04.738] [main/DEBUG] [mixin/]: Processing prepare() for PlatformAgent[MixinPlatformAgentDefault:SecureJarResource(balm)]
[23Jul2025 23:49:04.738] [main/DEBUG] [mixin/]: Registering mixin config: balm.mixins.json
[23Jul2025 23:49:04.740] [main/DEBUG] [mixin/]: Adding mixin platform agents for container SecureJarResource(carryon)
[23Jul2025 23:49:04.740] [main/DEBUG] [mixin/]: Instancing new MixinPlatformAgentMinecraftForge for SecureJarResource(carryon)
[23Jul2025 23:49:04.740] [main/DEBUG] [mixin/]: MixinPlatformAgentMinecraftForge rejected container SecureJarResource(carryon)
[23Jul2025 23:49:04.740] [main/DEBUG] [mixin/]: Instancing new MixinPlatformAgentDefault for SecureJarResource(carryon)
[23Jul2025 23:49:04.740] [main/DEBUG] [mixin/]: MixinPlatformAgentDefault accepted container SecureJarResource(carryon)
[23Jul2025 23:49:04.740] [main/DEBUG] [mixin/]: Processing prepare() for PlatformAgent[MixinPlatformAgentDefault:SecureJarResource(carryon)]
[23Jul2025 23:49:04.740] [main/DEBUG] [mixin/]: Registering mixin config: carryon.mixins.json
[23Jul2025 23:49:04.742] [main/DEBUG] [mixin/]: Registering mixin config: carryon.forge.mixins.json
[23Jul2025 23:49:04.743] [main/DEBUG] [mixin/]: Adding mixin platform agents for container SecureJarResource(puzzlesaccessapi)
[23Jul2025 23:49:04.744] [main/DEBUG] [mixin/]: Instancing new MixinPlatformAgentMinecraftForge for SecureJarResource(puzzlesaccessapi)
[23Jul2025 23:49:04.744] [main/DEBUG] [mixin/]: MixinPlatformAgentMinecraftForge rejected container SecureJarResource(puzzlesaccessapi)
[23Jul2025 23:49:04.744] [main/DEBUG] [mixin/]: Instancing new MixinPlatformAgentDefault for SecureJarResource(puzzlesaccessapi)
[23Jul2025 23:49:04.744] [main/DEBUG] [mixin/]: MixinPlatformAgentDefault accepted container SecureJarResource(puzzlesaccessapi)
[23Jul2025 23:49:04.744] [main/DEBUG] [mixin/]: Processing prepare() for PlatformAgent[MixinPlatformAgentDefault:SecureJarResource(puzzlesaccessapi)]
[23Jul2025 23:49:04.744] [main/DEBUG] [mixin/]: Registering mixin config: puzzlesaccessapi.common.mixins.json
[23Jul2025 23:49:04.746] [main/DEBUG] [mixin/]: Registering mixin config: puzzlesaccessapi.forge.mixins.json
[23Jul2025 23:49:04.747] [main/DEBUG] [mixin/]: Adding mixin platform agents for container SecureJarResource(cloth_config)
[23Jul2025 23:49:04.748] [main/DEBUG] [mixin/]: Instancing new MixinPlatformAgentMinecraftForge for SecureJarResource(cloth_config)
[23Jul2025 23:49:04.748] [main/DEBUG] [mixin/]: MixinPlatformAgentMinecraftForge rejected container SecureJarResource(cloth_config)
[23Jul2025 23:49:04.748] [main/DEBUG] [mixin/]: Instancing new MixinPlatformAgentDefault for SecureJarResource(cloth_config)
[23Jul2025 23:49:04.748] [main/DEBUG] [mixin/]: MixinPlatformAgentDefault accepted container SecureJarResource(cloth_config)
[23Jul2025 23:49:04.748] [main/DEBUG] [mixin/]: Processing prepare() for PlatformAgent[MixinPlatformAgentDefault:SecureJarResource(cloth_config)]
[23Jul2025 23:49:04.748] [main/DEBUG] [mixin/]: Adding mixin platform agents for container SecureJarResource(forge)
[23Jul2025 23:49:04.748] [main/DEBUG] [mixin/]: Instancing new MixinPlatformAgentMinecraftForge for SecureJarResource(forge)
[23Jul2025 23:49:04.748] [main/DEBUG] [mixin/]: MixinPlatformAgentMinecraftForge rejected container SecureJarResource(forge)
[23Jul2025 23:49:04.748] [main/DEBUG] [mixin/]: Instancing new MixinPlatformAgentDefault for SecureJarResource(forge)
[23Jul2025 23:49:04.748] [main/DEBUG] [mixin/]: MixinPlatformAgentDefault accepted container SecureJarResource(forge)
[23Jul2025 23:49:04.748] [main/DEBUG] [mixin/]: Processing prepare() for PlatformAgent[MixinPlatformAgentDefault:SecureJarResource(forge)]
[23Jul2025 23:49:04.748] [main/DEBUG] [mixin/]: Adding mixin platform agents for container SecureJarResource(simpletomb)
[23Jul2025 23:49:04.748] [main/DEBUG] [mixin/]: Instancing new MixinPlatformAgentMinecraftForge for SecureJarResource(simpletomb)
[23Jul2025 23:49:04.748] [main/DEBUG] [mixin/]: MixinPlatformAgentMinecraftForge rejected container SecureJarResource(simpletomb)
[23Jul2025 23:49:04.748] [main/DEBUG] [mixin/]: Instancing new MixinPlatformAgentDefault for SecureJarResource(simpletomb)
[23Jul2025 23:49:04.748] [main/DEBUG] [mixin/]: MixinPlatformAgentDefault accepted container SecureJarResource(simpletomb)
[23Jul2025 23:49:04.748] [main/DEBUG] [mixin/]: Processing prepare() for PlatformAgent[MixinPlatformAgentDefault:SecureJarResource(simpletomb)]
[23Jul2025 23:49:04.749] [main/DEBUG] [mixin/]: Adding mixin platform agents for container SecureJarResource(twilightforest)
[23Jul2025 23:49:04.749] [main/DEBUG] [mixin/]: Instancing new MixinPlatformAgentMinecraftForge for SecureJarResource(twilightforest)
[23Jul2025 23:49:04.749] [main/DEBUG] [mixin/]: MixinPlatformAgentMinecraftForge rejected container SecureJarResource(twilightforest)
[23Jul2025 23:49:04.749] [main/DEBUG] [mixin/]: Instancing new MixinPlatformAgentDefault for SecureJarResource(twilightforest)
[23Jul2025 23:49:04.749] [main/DEBUG] [mixin/]: MixinPlatformAgentDefault accepted container SecureJarResource(twilightforest)
[23Jul2025 23:49:04.749] [main/DEBUG] [mixin/]: Processing prepare() for PlatformAgent[MixinPlatformAgentDefault:SecureJarResource(twilightforest)]
[23Jul2025 23:49:04.749] [main/DEBUG] [mixin/]: Adding mixin platform agents for container SecureJarResource(supplementaries)
[23Jul2025 23:49:04.749] [main/DEBUG] [mixin/]: Instancing new MixinPlatformAgentMinecraftForge for SecureJarResource(supplementaries)
[23Jul2025 23:49:04.749] [main/DEBUG] [mixin/]: MixinPlatformAgentMinecraftForge rejected container SecureJarResource(supplementaries)
[23Jul2025 23:49:04.749] [main/DEBUG] [mixin/]: Instancing new MixinPlatformAgentDefault for SecureJarResource(supplementaries)
[23Jul2025 23:49:04.749] [main/DEBUG] [mixin/]: MixinPlatformAgentDefault accepted container SecureJarResource(supplementaries)
[23Jul2025 23:49:04.749] [main/DEBUG] [mixin/]: Processing prepare() for PlatformAgent[MixinPlatformAgentDefault:SecureJarResource(supplementaries)]
[23Jul2025 23:49:04.749] [main/DEBUG] [mixin/]: Registering mixin config: supplementaries-common.mixins.json
[23Jul2025 23:49:04.751] [main/DEBUG] [mixin/]: Registering mixin config: supplementaries.mixins.json
[23Jul2025 23:49:04.753] [main/DEBUG] [mixin/]: Adding mixin platform agents for container SecureJarResource(structure_gel)
[23Jul2025 23:49:04.753] [main/DEBUG] [mixin/]: Instancing new MixinPlatformAgentMinecraftForge for SecureJarResource(structure_gel)
[23Jul2025 23:49:04.753] [main/DEBUG] [mixin/]: MixinPlatformAgentMinecraftForge rejected container SecureJarResource(structure_gel)
[23Jul2025 23:49:04.753] [main/DEBUG] [mixin/]: Instancing new MixinPlatformAgentDefault for SecureJarResource(structure_gel)
[23Jul2025 23:49:04.753] [main/DEBUG] [mixin/]: MixinPlatformAgentDefault accepted container SecureJarResource(structure_gel)
[23Jul2025 23:49:04.753] [main/DEBUG] [mixin/]: Processing prepare() for PlatformAgent[MixinPlatformAgentDefault:SecureJarResource(structure_gel)]
[23Jul2025 23:49:04.753] [main/DEBUG] [mixin/]: Registering mixin config: structure_gel.mixins.json
[23Jul2025 23:49:04.755] [main/DEBUG] [mixin/]: Adding mixin platform agents for container SecureJarResource(tectonic)
[23Jul2025 23:49:04.755] [main/DEBUG] [mixin/]: Instancing new MixinPlatformAgentMinecraftForge for SecureJarResource(tectonic)
[23Jul2025 23:49:04.755] [main/DEBUG] [mixin/]: MixinPlatformAgentMinecraftForge rejected container SecureJarResource(tectonic)
[23Jul2025 23:49:04.755] [main/DEBUG] [mixin/]: Instancing new MixinPlatformAgentDefault for SecureJarResource(tectonic)
[23Jul2025 23:49:04.755] [main/DEBUG] [mixin/]: MixinPlatformAgentDefault accepted container SecureJarResource(tectonic)
[23Jul2025 23:49:04.756] [main/DEBUG] [mixin/]: Processing prepare() for PlatformAgent[MixinPlatformAgentDefault:SecureJarResource(tectonic)]
[23Jul2025 23:49:04.756] [main/DEBUG] [mixin/]: Registering mixin config: tectonic.mixins.json
[23Jul2025 23:49:04.758] [main/DEBUG] [mixin/]: Adding mixin platform agents for container SecureJarResource(minecraft)
[23Jul2025 23:49:04.758] [main/DEBUG] [mixin/]: Instancing new MixinPlatformAgentMinecraftForge for SecureJarResource(minecraft)
[23Jul2025 23:49:04.758] [main/DEBUG] [mixin/]: MixinPlatformAgentMinecraftForge rejected container SecureJarResource(minecraft)
[23Jul2025 23:49:04.758] [main/DEBUG] [mixin/]: Instancing new MixinPlatformAgentDefault for SecureJarResource(minecraft)
[23Jul2025 23:49:04.758] [main/DEBUG] [mixin/]: MixinPlatformAgentDefault accepted container SecureJarResource(minecraft)
[23Jul2025 23:49:04.758] [main/DEBUG] [mixin/]: Processing prepare() for PlatformAgent[MixinPlatformAgentDefault:SecureJarResource(minecraft)]
[23Jul2025 23:49:04.758] [main/DEBUG] [mixin/]: Adding mixin platform agents for container SecureJarResource(farmersdelight)
[23Jul2025 23:49:04.758] [main/DEBUG] [mixin/]: Instancing new MixinPlatformAgentMinecraftForge for SecureJarResource(farmersdelight)
[23Jul2025 23:49:04.758] [main/DEBUG] [mixin/]: MixinPlatformAgentMinecraftForge rejected container SecureJarResource(farmersdelight)
[23Jul2025 23:49:04.758] [main/DEBUG] [mixin/]: Instancing new MixinPlatformAgentDefault for SecureJarResource(farmersdelight)
[23Jul2025 23:49:04.758] [main/DEBUG] [mixin/]: MixinPlatformAgentDefault accepted container SecureJarResource(farmersdelight)
[23Jul2025 23:49:04.758] [main/DEBUG] [mixin/]: Processing prepare() for PlatformAgent[MixinPlatformAgentDefault:SecureJarResource(farmersdelight)]
[23Jul2025 23:49:04.758] [main/DEBUG] [mixin/]: Registering mixin config: farmersdelight.mixins.json
[23Jul2025 23:49:04.761] [main/DEBUG] [mixin/]: Adding mixin platform agents for container SecureJarResource(moonlight)
[23Jul2025 23:49:04.761] [main/DEBUG] [mixin/]: Instancing new MixinPlatformAgentMinecraftForge for SecureJarResource(moonlight)
[23Jul2025 23:49:04.761] [main/DEBUG] [mixin/]: MixinPlatformAgentMinecraftForge rejected container SecureJarResource(moonlight)
[23Jul2025 23:49:04.761] [main/DEBUG] [mixin/]: Instancing new MixinPlatformAgentDefault for SecureJarResource(moonlight)
[23Jul2025 23:49:04.761] [main/DEBUG] [mixin/]: MixinPlatformAgentDefault accepted container SecureJarResource(moonlight)
[23Jul2025 23:49:04.761] [main/DEBUG] [mixin/]: Processing prepare() for PlatformAgent[MixinPlatformAgentDefault:SecureJarResource(moonlight)]
[23Jul2025 23:49:04.761] [main/DEBUG] [mixin/]: Registering mixin config: moonlight-common.mixins.json
[23Jul2025 23:49:04.763] [main/DEBUG] [mixin/]: Registering mixin config: moonlight.mixins.json
[23Jul2025 23:49:04.765] [main/DEBUG] [mixin/]: Adding mixin platform agents for container SecureJarResource(ambientsounds)
[23Jul2025 23:49:04.765] [main/DEBUG] [mixin/]: Instancing new MixinPlatformAgentMinecraftForge for SecureJarResource(ambientsounds)
[23Jul2025 23:49:04.765] [main/DEBUG] [mixin/]: MixinPlatformAgentMinecraftForge rejected container SecureJarResource(ambientsounds)
[23Jul2025 23:49:04.765] [main/DEBUG] [mixin/]: Instancing new MixinPlatformAgentDefault for SecureJarResource(ambientsounds)
[23Jul2025 23:49:04.765] [main/DEBUG] [mixin/]: MixinPlatformAgentDefault accepted container SecureJarResource(ambientsounds)
[23Jul2025 23:49:04.765] [main/DEBUG] [mixin/]: Processing prepare() for PlatformAgent[MixinPlatformAgentDefault:SecureJarResource(ambientsounds)]
[23Jul2025 23:49:04.765] [main/DEBUG] [mixin/]: Registering mixin config: ambientsounds.mixins.json
[23Jul2025 23:49:04.766] [main/DEBUG] [mixin/]: Adding mixin platform agents for container SecureJarResource(mixinsquared)
[23Jul2025 23:49:04.767] [main/DEBUG] [mixin/]: Instancing new MixinPlatformAgentMinecraftForge for SecureJarResource(mixinsquared)
[23Jul2025 23:49:04.767] [main/DEBUG] [mixin/]: MixinPlatformAgentMinecraftForge rejected container SecureJarResource(mixinsquared)
[23Jul2025 23:49:04.767] [main/DEBUG] [mixin/]: Instancing new MixinPlatformAgentDefault for SecureJarResource(mixinsquared)
[23Jul2025 23:49:04.767] [main/DEBUG] [mixin/]: MixinPlatformAgentDefault accepted container SecureJarResource(mixinsquared)
[23Jul2025 23:49:04.767] [main/DEBUG] [mixin/]: Processing prepare() for PlatformAgent[MixinPlatformAgentDefault:SecureJarResource(mixinsquared)]
[23Jul2025 23:49:04.767] [main/DEBUG] [mixin/]: Registering mixin config: mixinsquared.init.mixins.json
[23Jul2025 23:49:04.768] [main/DEBUG] [mixin/]: Adding mixin platform agents for container SecureJarResource(jade)
[23Jul2025 23:49:04.768] [main/DEBUG] [mixin/]: Instancing new MixinPlatformAgentMinecraftForge for SecureJarResource(jade)
[23Jul2025 23:49:04.768] [main/DEBUG] [mixin/]: MixinPlatformAgentMinecraftForge rejected container SecureJarResource(jade)
[23Jul2025 23:49:04.768] [main/DEBUG] [mixin/]: Instancing new MixinPlatformAgentDefault for SecureJarResource(jade)
[23Jul2025 23:49:04.769] [main/DEBUG] [mixin/]: MixinPlatformAgentDefault accepted container SecureJarResource(jade)
[23Jul2025 23:49:04.769] [main/DEBUG] [mixin/]: Processing prepare() for PlatformAgent[MixinPlatformAgentDefault:SecureJarResource(jade)]
[23Jul2025 23:49:04.769] [main/DEBUG] [mixin/]: Registering mixin config: jade.mixins.json
[23Jul2025 23:49:04.770] [main/DEBUG] [mixin/]: Compatibility level JAVA_16 specified by jade.mixins.json is higher than the maximum level supported by this version of mixin (JAVA_13).
[23Jul2025 23:49:04.770] [main/DEBUG] [mixin/]: Adding mixin platform agents for container SecureJarResource(endrem)
[23Jul2025 23:49:04.770] [main/DEBUG] [mixin/]: Instancing new MixinPlatformAgentMinecraftForge for SecureJarResource(endrem)
[23Jul2025 23:49:04.770] [main/DEBUG] [mixin/]: MixinPlatformAgentMinecraftForge rejected container SecureJarResource(endrem)
[23Jul2025 23:49:04.770] [main/DEBUG] [mixin/]: Instancing new MixinPlatformAgentDefault for SecureJarResource(endrem)
[23Jul2025 23:49:04.770] [main/DEBUG] [mixin/]: MixinPlatformAgentDefault accepted container SecureJarResource(endrem)
[23Jul2025 23:49:04.771] [main/DEBUG] [mixin/]: Processing prepare() for PlatformAgent[MixinPlatformAgentDefault:SecureJarResource(endrem)]
[23Jul2025 23:49:04.771] [main/DEBUG] [mixin/]: Registering mixin config: endrem.mixins.json
[23Jul2025 23:49:04.772] [main/DEBUG] [mixin/]: Adding mixin platform agents for container SecureJarResource(creativecore)
[23Jul2025 23:49:04.772] [main/DEBUG] [mixin/]: Instancing new MixinPlatformAgentMinecraftForge for SecureJarResource(creativecore)
[23Jul2025 23:49:04.772] [main/DEBUG] [mixin/]: MixinPlatformAgentMinecraftForge rejected container SecureJarResource(creativecore)
[23Jul2025 23:49:04.772] [main/DEBUG] [mixin/]: Instancing new MixinPlatformAgentDefault for SecureJarResource(creativecore)
[23Jul2025 23:49:04.772] [main/DEBUG] [mixin/]: MixinPlatformAgentDefault accepted container SecureJarResource(creativecore)
[23Jul2025 23:49:04.772] [main/DEBUG] [mixin/]: Processing prepare() for PlatformAgent[MixinPlatformAgentDefault:SecureJarResource(creativecore)]
[23Jul2025 23:49:04.772] [main/DEBUG] [mixin/]: Registering mixin config: creativecore.mixins.json
[23Jul2025 23:49:04.774] [main/DEBUG] [mixin/]: Registering mixin config: creativecore.forge.mixins.json
[23Jul2025 23:49:04.776] [main/DEBUG] [mixin/]: Adding mixin platform agents for container SecureJarResource(dungeons_enhanced)
[23Jul2025 23:49:04.776] [main/DEBUG] [mixin/]: Instancing new MixinPlatformAgentMinecraftForge for SecureJarResource(dungeons_enhanced)
[23Jul2025 23:49:04.776] [main/DEBUG] [mixin/]: MixinPlatformAgentMinecraftForge rejected container SecureJarResource(dungeons_enhanced)
[23Jul2025 23:49:04.776] [main/DEBUG] [mixin/]: Instancing new MixinPlatformAgentDefault for SecureJarResource(dungeons_enhanced)
[23Jul2025 23:49:04.776] [main/DEBUG] [mixin/]: MixinPlatformAgentDefault accepted container SecureJarResource(dungeons_enhanced)
[23Jul2025 23:49:04.776] [main/DEBUG] [mixin/]: Processing prepare() for PlatformAgent[MixinPlatformAgentDefault:SecureJarResource(dungeons_enhanced)]
[23Jul2025 23:49:04.776] [main/DEBUG] [mixin/]: Adding mixin platform agents for container SecureJarResource(curios)
[23Jul2025 23:49:04.776] [main/DEBUG] [mixin/]: Instancing new MixinPlatformAgentMinecraftForge for SecureJarResource(curios)
[23Jul2025 23:49:04.776] [main/DEBUG] [mixin/]: MixinPlatformAgentMinecraftForge rejected container SecureJarResource(curios)
[23Jul2025 23:49:04.776] [main/DEBUG] [mixin/]: Instancing new MixinPlatformAgentDefault for SecureJarResource(curios)
[23Jul2025 23:49:04.776] [main/DEBUG] [mixin/]: MixinPlatformAgentDefault accepted container SecureJarResource(curios)
[23Jul2025 23:49:04.776] [main/DEBUG] [mixin/]: Processing prepare() for PlatformAgent[MixinPlatformAgentDefault:SecureJarResource(curios)]
[23Jul2025 23:49:04.777] [main/DEBUG] [mixin/]: Registering mixin config: curios.mixins.json
[23Jul2025 23:49:04.778] [main/DEBUG] [mixin/]: Adding mixin platform agents for container SecureJarResource(xaerominimap)
[23Jul2025 23:49:04.778] [main/DEBUG] [mixin/]: Instancing new MixinPlatformAgentMinecraftForge for SecureJarResource(xaerominimap)
[23Jul2025 23:49:04.778] [main/DEBUG] [mixin/]: MixinPlatformAgentMinecraftForge rejected container SecureJarResource(xaerominimap)
[23Jul2025 23:49:04.779] [main/DEBUG] [mixin/]: Instancing new MixinPlatformAgentDefault for SecureJarResource(xaerominimap)
[23Jul2025 23:49:04.779] [main/DEBUG] [mixin/]: MixinPlatformAgentDefault accepted container SecureJarResource(xaerominimap)
[23Jul2025 23:49:04.779] [main/DEBUG] [mixin/]: Processing prepare() for PlatformAgent[MixinPlatformAgentDefault:SecureJarResource(xaerominimap)]
[23Jul2025 23:49:04.779] [main/DEBUG] [mixin/]: Adding mixin platform agents for container SecureJarResource(collective)
[23Jul2025 23:49:04.779] [main/DEBUG] [mixin/]: Instancing new MixinPlatformAgentMinecraftForge for SecureJarResource(collective)
[23Jul2025 23:49:04.779] [main/DEBUG] [mixin/]: MixinPlatformAgentMinecraftForge rejected container SecureJarResource(collective)
[23Jul2025 23:49:04.779] [main/DEBUG] [mixin/]: Instancing new MixinPlatformAgentDefault for SecureJarResource(collective)
[23Jul2025 23:49:04.779] [main/DEBUG] [mixin/]: MixinPlatformAgentDefault accepted container SecureJarResource(collective)
[23Jul2025 23:49:04.779] [main/DEBUG] [mixin/]: Processing prepare() for PlatformAgent[MixinPlatformAgentDefault:SecureJarResource(collective)]
[23Jul2025 23:49:04.779] [main/DEBUG] [mixin/]: Registering mixin config: collective_forge.mixins.json
[23Jul2025 23:49:04.781] [main/DEBUG] [mixin/]: Adding mixin platform agents for container SecureJarResource(bettervillage)
[23Jul2025 23:49:04.781] [main/DEBUG] [mixin/]: Instancing new MixinPlatformAgentMinecraftForge for SecureJarResource(bettervillage)
[23Jul2025 23:49:04.781] [main/DEBUG] [mixin/]: MixinPlatformAgentMinecraftForge rejected container SecureJarResource(bettervillage)
[23Jul2025 23:49:04.781] [main/DEBUG] [mixin/]: Instancing new MixinPlatformAgentDefault for SecureJarResource(bettervillage)
[23Jul2025 23:49:04.781] [main/DEBUG] [mixin/]: MixinPlatformAgentDefault accepted container SecureJarResource(bettervillage)
[23Jul2025 23:49:04.781] [main/DEBUG] [mixin/]: Processing prepare() for PlatformAgent[MixinPlatformAgentDefault:SecureJarResource(bettervillage)]
[23Jul2025 23:49:04.781] [main/DEBUG] [mixin/]: Registering mixin config: bettervillage.mixins.json
[23Jul2025 23:49:04.783] [main/DEBUG] [mixin/]: Adding mixin platform agents for container SecureJarResource(sbblacklist)
[23Jul2025 23:49:04.783] [main/DEBUG] [mixin/]: Instancing new MixinPlatformAgentMinecraftForge for SecureJarResource(sbblacklist)
[23Jul2025 23:49:04.783] [main/DEBUG] [mixin/]: MixinPlatformAgentMinecraftForge rejected container SecureJarResource(sbblacklist)
[23Jul2025 23:49:04.783] [main/DEBUG] [mixin/]: Instancing new MixinPlatformAgentDefault for SecureJarResource(sbblacklist)
[23Jul2025 23:49:04.783] [main/DEBUG] [mixin/]: MixinPlatformAgentDefault accepted container SecureJarResource(sbblacklist)
[23Jul2025 23:49:04.783] [main/DEBUG] [mixin/]: Processing prepare() for PlatformAgent[MixinPlatformAgentDefault:SecureJarResource(sbblacklist)]
[23Jul2025 23:49:04.783] [main/DEBUG] [mixin/]: Registering mixin config: sbblacklist.mixins.json
[23Jul2025 23:49:04.784] [main/DEBUG] [mixin/]: Compatibility level JAVA_8 specified by sbblacklist.mixins.json is lower than the default level supported by the current mixin service (JAVA_16).
[23Jul2025 23:49:04.785] [main/DEBUG] [mixin/]: Adding mixin platform agents for container SecureJarResource(inventoryhud)
[23Jul2025 23:49:04.785] [main/DEBUG] [mixin/]: Instancing new MixinPlatformAgentMinecraftForge for SecureJarResource(inventoryhud)
[23Jul2025 23:49:04.785] [main/DEBUG] [mixin/]: MixinPlatformAgentMinecraftForge rejected container SecureJarResource(inventoryhud)
[23Jul2025 23:49:04.785] [main/DEBUG] [mixin/]: Instancing new MixinPlatformAgentDefault for SecureJarResource(inventoryhud)
[23Jul2025 23:49:04.785] [main/DEBUG] [mixin/]: MixinPlatformAgentDefault accepted container SecureJarResource(inventoryhud)
[23Jul2025 23:49:04.785] [main/DEBUG] [mixin/]: Processing prepare() for PlatformAgent[MixinPlatformAgentDefault:SecureJarResource(inventoryhud)]
[23Jul2025 23:49:04.785] [main/DEBUG] [mixin/]: Adding mixin platform agents for container SecureJarResource(mvs)
[23Jul2025 23:49:04.785] [main/DEBUG] [mixin/]: Instancing new MixinPlatformAgentMinecraftForge for SecureJarResource(mvs)
[23Jul2025 23:49:04.785] [main/DEBUG] [mixin/]: MixinPlatformAgentMinecraftForge rejected container SecureJarResource(mvs)
[23Jul2025 23:49:04.785] [main/DEBUG] [mixin/]: Instancing new MixinPlatformAgentDefault for SecureJarResource(mvs)
[23Jul2025 23:49:04.785] [main/DEBUG] [mixin/]: MixinPlatformAgentDefault accepted container SecureJarResource(mvs)
[23Jul2025 23:49:04.785] [main/DEBUG] [mixin/]: Processing prepare() for PlatformAgent[MixinPlatformAgentDefault:SecureJarResource(mvs)]
[23Jul2025 23:49:04.785] [main/DEBUG] [mixin/]: Registering mixin config: mvs-common.mixins.json
[23Jul2025 23:49:04.787] [main/DEBUG] [mixin/]: Registering mixin config: mvs-forge.mixins.json
[23Jul2025 23:49:04.789] [main/DEBUG] [mixin/]: Adding mixin platform agents for container SecureJarResource(cfm)
[23Jul2025 23:49:04.789] [main/DEBUG] [mixin/]: Instancing new MixinPlatformAgentMinecraftForge for SecureJarResource(cfm)
[23Jul2025 23:49:04.789] [main/DEBUG] [mixin/]: MixinPlatformAgentMinecraftForge rejected container SecureJarResource(cfm)
[23Jul2025 23:49:04.789] [main/DEBUG] [mixin/]: Instancing new MixinPlatformAgentDefault for SecureJarResource(cfm)
[23Jul2025 23:49:04.789] [main/DEBUG] [mixin/]: MixinPlatformAgentDefault accepted container SecureJarResource(cfm)
[23Jul2025 23:49:04.789] [main/DEBUG] [mixin/]: Processing prepare() for PlatformAgent[MixinPlatformAgentDefault:SecureJarResource(cfm)]
[23Jul2025 23:49:04.789] [main/DEBUG] [mixin/]: Registering mixin config: cfm.mixins.json
[23Jul2025 23:49:04.791] [main/DEBUG] [mixin/]: Adding mixin platform agents for container SecureJarResource(architectury)
[23Jul2025 23:49:04.791] [main/DEBUG] [mixin/]: Instancing new MixinPlatformAgentMinecraftForge for SecureJarResource(architectury)
[23Jul2025 23:49:04.791] [main/DEBUG] [mixin/]: MixinPlatformAgentMinecraftForge rejected container SecureJarResource(architectury)
[23Jul2025 23:49:04.791] [main/DEBUG] [mixin/]: Instancing new MixinPlatformAgentDefault for SecureJarResource(architectury)
[23Jul2025 23:49:04.791] [main/DEBUG] [mixin/]: MixinPlatformAgentDefault accepted container SecureJarResource(architectury)
[23Jul2025 23:49:04.791] [main/DEBUG] [mixin/]: Processing prepare() for PlatformAgent[MixinPlatformAgentDefault:SecureJarResource(architectury)]
[23Jul2025 23:49:04.791] [main/DEBUG] [mixin/]: Registering mixin config: architectury.mixins.json
[23Jul2025 23:49:04.793] [main/DEBUG] [mixin/]: Compatibility level JAVA_16 specified by architectury.mixins.json is higher than the maximum level supported by this version of mixin (JAVA_13).
[23Jul2025 23:49:04.793] [main/DEBUG] [mixin/]: Registering mixin config: architectury-common.mixins.json
[23Jul2025 23:49:04.794] [main/DEBUG] [mixin/]: Compatibility level JAVA_16 specified by architectury-common.mixins.json is higher than the maximum level supported by this version of mixin (JAVA_13).
[23Jul2025 23:49:04.794] [main/DEBUG] [mixin/]: Adding mixin platform agents for container SecureJarResource(jamlib)
[23Jul2025 23:49:04.795] [main/DEBUG] [mixin/]: Instancing new MixinPlatformAgentMinecraftForge for SecureJarResource(jamlib)
[23Jul2025 23:49:04.795] [main/DEBUG] [mixin/]: MixinPlatformAgentMinecraftForge rejected container SecureJarResource(jamlib)
[23Jul2025 23:49:04.795] [main/DEBUG] [mixin/]: Instancing new MixinPlatformAgentDefault for SecureJarResource(jamlib)
[23Jul2025 23:49:04.795] [main/DEBUG] [mixin/]: MixinPlatformAgentDefault accepted container SecureJarResource(jamlib)
[23Jul2025 23:49:04.795] [main/DEBUG] [mixin/]: Processing prepare() for PlatformAgent[MixinPlatformAgentDefault:SecureJarResource(jamlib)]
[23Jul2025 23:49:04.795] [main/DEBUG] [mixin/]: Adding mixin platform agents for container SecureJarResource(rightclickharvest)
[23Jul2025 23:49:04.795] [main/DEBUG] [mixin/]: Instancing new MixinPlatformAgentMinecraftForge for SecureJarResource(rightclickharvest)
[23Jul2025 23:49:04.795] [main/DEBUG] [mixin/]: MixinPlatformAgentMinecraftForge rejected container SecureJarResource(rightclickharvest)
[23Jul2025 23:49:04.795] [main/DEBUG] [mixin/]: Instancing new MixinPlatformAgentDefault for SecureJarResource(rightclickharvest)
[23Jul2025 23:49:04.795] [main/DEBUG] [mixin/]: MixinPlatformAgentDefault accepted container SecureJarResource(rightclickharvest)
[23Jul2025 23:49:04.795] [main/DEBUG] [mixin/]: Processing prepare() for PlatformAgent[MixinPlatformAgentDefault:SecureJarResource(rightclickharvest)]
[23Jul2025 23:49:04.795] [main/DEBUG] [mixin/]: Registering mixin config: rightclickharvest.mixins.json
[23Jul2025 23:49:04.797] [main/DEBUG] [mixin/]: Adding mixin platform agents for container SecureJarResource(flib)
[23Jul2025 23:49:04.797] [main/DEBUG] [mixin/]: Instancing new MixinPlatformAgentMinecraftForge for SecureJarResource(flib)
[23Jul2025 23:49:04.797] [main/DEBUG] [mixin/]: MixinPlatformAgentMinecraftForge rejected container SecureJarResource(flib)
[23Jul2025 23:49:04.797] [main/DEBUG] [mixin/]: Instancing new MixinPlatformAgentDefault for SecureJarResource(flib)
[23Jul2025 23:49:04.797] [main/DEBUG] [mixin/]: MixinPlatformAgentDefault accepted container SecureJarResource(flib)
[23Jul2025 23:49:04.797] [main/DEBUG] [mixin/]: Processing prepare() for PlatformAgent[MixinPlatformAgentDefault:SecureJarResource(flib)]
[23Jul2025 23:49:04.797] [main/DEBUG] [mixin/]: Adding mixin platform agents for container SecureJarResource(puzzleslib)
[23Jul2025 23:49:04.797] [main/DEBUG] [mixin/]: Instancing new MixinPlatformAgentMinecraftForge for SecureJarResource(puzzleslib)
[23Jul2025 23:49:04.797] [main/DEBUG] [mixin/]: MixinPlatformAgentMinecraftForge rejected container SecureJarResource(puzzleslib)
[23Jul2025 23:49:04.797] [main/DEBUG] [mixin/]: Instancing new MixinPlatformAgentDefault for SecureJarResource(puzzleslib)
[23Jul2025 23:49:04.797] [main/DEBUG] [mixin/]: MixinPlatformAgentDefault accepted container SecureJarResource(puzzleslib)
[23Jul2025 23:49:04.797] [main/DEBUG] [mixin/]: Processing prepare() for PlatformAgent[MixinPlatformAgentDefault:SecureJarResource(puzzleslib)]
[23Jul2025 23:49:04.797] [main/DEBUG] [mixin/]: Registering mixin config: puzzleslib.common.mixins.json
[23Jul2025 23:49:04.799] [main/DEBUG] [mixin/]: Registering mixin config: puzzleslib.forge.mixins.json
[23Jul2025 23:49:04.800] [main/DEBUG] [mixin/]: Adding mixin platform agents for container SecureJarResource(fallingtree)
[23Jul2025 23:49:04.800] [main/DEBUG] [mixin/]: Instancing new MixinPlatformAgentMinecraftForge for SecureJarResource(fallingtree)
[23Jul2025 23:49:04.800] [main/DEBUG] [mixin/]: MixinPlatformAgentMinecraftForge rejected container SecureJarResource(fallingtree)
[23Jul2025 23:49:04.800] [main/DEBUG] [mixin/]: Instancing new MixinPlatformAgentDefault for SecureJarResource(fallingtree)
[23Jul2025 23:49:04.800] [main/DEBUG] [mixin/]: MixinPlatformAgentDefault accepted container SecureJarResource(fallingtree)
[23Jul2025 23:49:04.801] [main/DEBUG] [mixin/]: Processing prepare() for PlatformAgent[MixinPlatformAgentDefault:SecureJarResource(fallingtree)]
[23Jul2025 23:49:04.801] [main/DEBUG] [mixin/]: Adding mixin platform agents for container SecureJarResource(expandability)
[23Jul2025 23:49:04.801] [main/DEBUG] [mixin/]: Instancing new MixinPlatformAgentMinecraftForge for SecureJarResource(expandability)
[23Jul2025 23:49:04.801] [main/DEBUG] [mixin/]: MixinPlatformAgentMinecraftForge rejected container SecureJarResource(expandability)
[23Jul2025 23:49:04.801] [main/DEBUG] [mixin/]: Instancing new MixinPlatformAgentDefault for SecureJarResource(expandability)
[23Jul2025 23:49:04.801] [main/DEBUG] [mixin/]: MixinPlatformAgentDefault accepted container SecureJarResource(expandability)
[23Jul2025 23:49:04.801] [main/DEBUG] [mixin/]: Processing prepare() for PlatformAgent[MixinPlatformAgentDefault:SecureJarResource(expandability)]
[23Jul2025 23:49:04.801] [main/DEBUG] [mixin/]: Registering mixin config: expandability.mixins.json
[23Jul2025 23:49:04.802] [main/DEBUG] [mixin/]: Registering mixin config: expandability-common.mixins.json
[23Jul2025 23:49:04.804] [main/DEBUG] [mixin/]: Adding mixin platform agents for container SecureJarResource(playerrevive)
[23Jul2025 23:49:04.804] [main/DEBUG] [mixin/]: Instancing new MixinPlatformAgentMinecraftForge for SecureJarResource(playerrevive)
[23Jul2025 23:49:04.804] [main/DEBUG] [mixin/]: MixinPlatformAgentMinecraftForge rejected container SecureJarResource(playerrevive)
[23Jul2025 23:49:04.804] [main/DEBUG] [mixin/]: Instancing new MixinPlatformAgentDefault for SecureJarResource(playerrevive)
[23Jul2025 23:49:04.804] [main/DEBUG] [mixin/]: MixinPlatformAgentDefault accepted container SecureJarResource(playerrevive)
[23Jul2025 23:49:04.804] [main/DEBUG] [mixin/]: Processing prepare() for PlatformAgent[MixinPlatformAgentDefault:SecureJarResource(playerrevive)]
[23Jul2025 23:49:04.804] [main/DEBUG] [mixin/]: Registering mixin config: playerrevive.mixins.json
[23Jul2025 23:49:04.805] [main/DEBUG] [mixin/]: Adding mixin platform agents for container SecureJarResource(scaffoldingdropsnearby)
[23Jul2025 23:49:04.805] [main/DEBUG] [mixin/]: Instancing new MixinPlatformAgentMinecraftForge for SecureJarResource(scaffoldingdropsnearby)
[23Jul2025 23:49:04.806] [main/DEBUG] [mixin/]: MixinPlatformAgentMinecraftForge rejected container SecureJarResource(scaffoldingdropsnearby)
[23Jul2025 23:49:04.806] [main/DEBUG] [mixin/]: Instancing new MixinPlatformAgentDefault for SecureJarResource(scaffoldingdropsnearby)
[23Jul2025 23:49:04.806] [main/DEBUG] [mixin/]: MixinPlatformAgentDefault accepted container SecureJarResource(scaffoldingdropsnearby)
[23Jul2025 23:49:04.806] [main/DEBUG] [mixin/]: Processing prepare() for PlatformAgent[MixinPlatformAgentDefault:SecureJarResource(scaffoldingdropsnearby)]
[23Jul2025 23:49:04.806] [main/DEBUG] [mixin/]: Registering mixin config: scaffoldingdropsnearby_forge.mixins.json
[23Jul2025 23:49:04.807] [main/DEBUG] [mixin/]: Adding mixin platform agents for container SecureJarResource(jankson)
[23Jul2025 23:49:04.807] [main/DEBUG] [mixin/]: Instancing new MixinPlatformAgentMinecraftForge for SecureJarResource(jankson)
[23Jul2025 23:49:04.807] [main/DEBUG] [mixin/]: MixinPlatformAgentMinecraftForge rejected container SecureJarResource(jankson)
[23Jul2025 23:49:04.807] [main/DEBUG] [mixin/]: Instancing new MixinPlatformAgentDefault for SecureJarResource(jankson)
[23Jul2025 23:49:04.807] [main/DEBUG] [mixin/]: MixinPlatformAgentDefault accepted container SecureJarResource(jankson)
[23Jul2025 23:49:04.807] [main/DEBUG] [mixin/]: Processing prepare() for PlatformAgent[MixinPlatformAgentDefault:SecureJarResource(jankson)]
[23Jul2025 23:49:04.808] [main/DEBUG] [mixin/]: Adding mixin platform agents for container SecureJarResource(MixinSquared)
[23Jul2025 23:49:04.808] [main/DEBUG] [mixin/]: Instancing new MixinPlatformAgentMinecraftForge for SecureJarResource(MixinSquared)
[23Jul2025 23:49:04.808] [main/DEBUG] [mixin/]: MixinPlatformAgentMinecraftForge rejected container SecureJarResource(MixinSquared)
[23Jul2025 23:49:04.808] [main/DEBUG] [mixin/]: Instancing new MixinPlatformAgentDefault for SecureJarResource(MixinSquared)
[23Jul2025 23:49:04.808] [main/DEBUG] [mixin/]: MixinPlatformAgentDefault accepted container SecureJarResource(MixinSquared)
[23Jul2025 23:49:04.808] [main/DEBUG] [mixin/]: Processing prepare() for PlatformAgent[MixinPlatformAgentDefault:SecureJarResource(MixinSquared)]
[23Jul2025 23:49:04.808] [main/DEBUG] [mixin/]: Adding mixin platform agents for container SecureJarResource(MixinExtras)
[23Jul2025 23:49:04.808] [main/DEBUG] [mixin/]: Instancing new MixinPlatformAgentMinecraftForge for SecureJarResource(MixinExtras)
[23Jul2025 23:49:04.808] [main/DEBUG] [mixin/]: MixinPlatformAgentMinecraftForge rejected container SecureJarResource(MixinExtras)
[23Jul2025 23:49:04.808] [main/DEBUG] [mixin/]: Instancing new MixinPlatformAgentDefault for SecureJarResource(MixinExtras)
[23Jul2025 23:49:04.808] [main/DEBUG] [mixin/]: MixinPlatformAgentDefault accepted container SecureJarResource(MixinExtras)
[23Jul2025 23:49:04.808] [main/DEBUG] [mixin/]: Processing prepare() for PlatformAgent[MixinPlatformAgentDefault:SecureJarResource(MixinExtras)]
[23Jul2025 23:49:04.808] [main/DEBUG] [mixin/]: inject() running with 56 agents
[23Jul2025 23:49:04.808] [main/DEBUG] [mixin/]: Processing inject() for PlatformAgent[MixinPlatformAgentDefault:ModLauncher Root Container(ModLauncher:4f56a0a2)]
[23Jul2025 23:49:04.808] [main/DEBUG] [mixin/]: Processing inject() for PlatformAgent[MixinPlatformAgentDefault:SecureJarResource(kuma_api)]
[23Jul2025 23:49:04.808] [main/DEBUG] [mixin/]: Processing inject() for PlatformAgent[MixinPlatformAgentDefault:SecureJarResource(easymagic)]
[23Jul2025 23:49:04.808] [main/DEBUG] [mixin/]: Processing inject() for PlatformAgent[MixinPlatformAgentDefault:SecureJarResource(jei)]
[23Jul2025 23:49:04.808] [main/DEBUG] [mixin/]: Processing inject() for PlatformAgent[MixinPlatformAgentDefault:SecureJarResource(libraryferret)]
[23Jul2025 23:49:04.808] [main/DEBUG] [mixin/]: Processing inject() for PlatformAgent[MixinPlatformAgentDefault:SecureJarResource(mcwwindows)]
[23Jul2025 23:49:04.808] [main/DEBUG] [mixin/]: Processing inject() for PlatformAgent[MixinPlatformAgentDefault:SecureJarResource(incendium)]
[23Jul2025 23:49:04.808] [main/DEBUG] [mixin/]: Processing inject() for PlatformAgent[MixinPlatformAgentDefault:SecureJarResource(sophisticatedcore)]
[23Jul2025 23:49:04.809] [main/DEBUG] [mixin/]: Processing inject() for PlatformAgent[MixinPlatformAgentDefault:SecureJarResource(waystones)]
[23Jul2025 23:49:04.809] [main/DEBUG] [mixin/]: Processing inject() for PlatformAgent[MixinPlatformAgentDefault:SecureJarResource(villagernames)]
[23Jul2025 23:49:04.809] [main/DEBUG] [mixin/]: Processing inject() for PlatformAgent[MixinPlatformAgentDefault:SecureJarResource(fallingleaves)]
[23Jul2025 23:49:04.809] [main/DEBUG] [mixin/]: Processing inject() for PlatformAgent[MixinPlatformAgentDefault:SecureJarResource(citadel)]
[23Jul2025 23:49:04.809] [main/DEBUG] [mixin/]: Processing inject() for PlatformAgent[MixinPlatformAgentDefault:SecureJarResource(artifacts)]
[23Jul2025 23:49:04.809] [main/DEBUG] [mixin/]: Processing inject() for PlatformAgent[MixinPlatformAgentDefault:SecureJarResource(mixinextras)]
[23Jul2025 23:49:04.809] [main/DEBUG] [mixin/]: Processing inject() for PlatformAgent[MixinPlatformAgentDefault:SecureJarResource(sophisticatedbackpacks)]
[23Jul2025 23:49:04.809] [main/DEBUG] [mixin/]: Processing inject() for PlatformAgent[MixinPlatformAgentDefault:SecureJarResource(takesapillage)]
[23Jul2025 23:49:04.809] [main/DEBUG] [mixin/]: Processing inject() for PlatformAgent[MixinPlatformAgentDefault:SecureJarResource(iceandfire)]
[23Jul2025 23:49:04.809] [main/DEBUG] [mixin/]: Processing inject() for PlatformAgent[MixinPlatformAgentDefault:SecureJarResource(balm)]
[23Jul2025 23:49:04.809] [main/DEBUG] [mixin/]: Processing inject() for PlatformAgent[MixinPlatformAgentDefault:SecureJarResource(carryon)]
[23Jul2025 23:49:04.809] [main/DEBUG] [mixin/]: Processing inject() for PlatformAgent[MixinPlatformAgentDefault:SecureJarResource(puzzlesaccessapi)]
[23Jul2025 23:49:04.809] [main/DEBUG] [mixin/]: Processing inject() for PlatformAgent[MixinPlatformAgentDefault:SecureJarResource(cloth_config)]
[23Jul2025 23:49:04.809] [main/DEBUG] [mixin/]: Processing inject() for PlatformAgent[MixinPlatformAgentDefault:SecureJarResource(forge)]
[23Jul2025 23:49:04.809] [main/DEBUG] [mixin/]: Processing inject() for PlatformAgent[MixinPlatformAgentDefault:SecureJarResource(simpletomb)]
[23Jul2025 23:49:04.809] [main/DEBUG] [mixin/]: Processing inject() for PlatformAgent[MixinPlatformAgentDefault:SecureJarResource(twilightforest)]
[23Jul2025 23:49:04.809] [main/DEBUG] [mixin/]: Processing inject() for PlatformAgent[MixinPlatformAgentDefault:SecureJarResource(supplementaries)]
[23Jul2025 23:49:04.809] [main/DEBUG] [mixin/]: Processing inject() for PlatformAgent[MixinPlatformAgentDefault:SecureJarResource(structure_gel)]
[23Jul2025 23:49:04.809] [main/DEBUG] [mixin/]: Processing inject() for PlatformAgent[MixinPlatformAgentDefault:SecureJarResource(tectonic)]
[23Jul2025 23:49:04.809] [main/DEBUG] [mixin/]: Processing inject() for PlatformAgent[MixinPlatformAgentDefault:SecureJarResource(minecraft)]
[23Jul2025 23:49:04.809] [main/DEBUG] [mixin/]: Processing inject() for PlatformAgent[MixinPlatformAgentDefault:SecureJarResource(farmersdelight)]
[23Jul2025 23:49:04.809] [main/DEBUG] [mixin/]: Processing inject() for PlatformAgent[MixinPlatformAgentDefault:SecureJarResource(moonlight)]
[23Jul2025 23:49:04.810] [main/DEBUG] [mixin/]: Processing inject() for PlatformAgent[MixinPlatformAgentDefault:SecureJarResource(ambientsounds)]
[23Jul2025 23:49:04.810] [main/DEBUG] [mixin/]: Processing inject() for PlatformAgent[MixinPlatformAgentDefault:SecureJarResource(mixinsquared)]
[23Jul2025 23:49:04.810] [main/DEBUG] [mixin/]: Processing inject() for PlatformAgent[MixinPlatformAgentDefault:SecureJarResource(jade)]
[23Jul2025 23:49:04.810] [main/DEBUG] [mixin/]: Processing inject() for PlatformAgent[MixinPlatformAgentDefault:SecureJarResource(endrem)]
[23Jul2025 23:49:04.810] [main/DEBUG] [mixin/]: Processing inject() for PlatformAgent[MixinPlatformAgentDefault:SecureJarResource(creativecore)]
[23Jul2025 23:49:04.810] [main/DEBUG] [mixin/]: Processing inject() for PlatformAgent[MixinPlatformAgentDefault:SecureJarResource(dungeons_enhanced)]
[23Jul2025 23:49:04.810] [main/DEBUG] [mixin/]: Processing inject() for PlatformAgent[MixinPlatformAgentDefault:SecureJarResource(curios)]
[23Jul2025 23:49:04.810] [main/DEBUG] [mixin/]: Processing inject() for PlatformAgent[MixinPlatformAgentDefault:SecureJarResource(xaerominimap)]
[23Jul2025 23:49:04.810] [main/DEBUG] [mixin/]: Processing inject() for PlatformAgent[MixinPlatformAgentDefault:SecureJarResource(collective)]
[23Jul2025 23:49:04.810] [main/DEBUG] [mixin/]: Processing inject() for PlatformAgent[MixinPlatformAgentDefault:SecureJarResource(bettervillage)]
[23Jul2025 23:49:04.810] [main/DEBUG] [mixin/]: Processing inject() for PlatformAgent[MixinPlatformAgentDefault:SecureJarResource(sbblacklist)]
[23Jul2025 23:49:04.810] [main/DEBUG] [mixin/]: Processing inject() for PlatformAgent[MixinPlatformAgentDefault:SecureJarResource(inventoryhud)]
[23Jul2025 23:49:04.810] [main/DEBUG] [mixin/]: Processing inject() for PlatformAgent[MixinPlatformAgentDefault:SecureJarResource(mvs)]
[23Jul2025 23:49:04.810] [main/DEBUG] [mixin/]: Processing inject() for PlatformAgent[MixinPlatformAgentDefault:SecureJarResource(cfm)]
[23Jul2025 23:49:04.810] [main/DEBUG] [mixin/]: Processing inject() for PlatformAgent[MixinPlatformAgentDefault:SecureJarResource(architectury)]
[23Jul2025 23:49:04.810] [main/DEBUG] [mixin/]: Processing inject() for PlatformAgent[MixinPlatformAgentDefault:SecureJarResource(jamlib)]
[23Jul2025 23:49:04.810] [main/DEBUG] [mixin/]: Processing inject() for PlatformAgent[MixinPlatformAgentDefault:SecureJarResource(rightclickharvest)]
[23Jul2025 23:49:04.810] [main/DEBUG] [mixin/]: Processing inject() for PlatformAgent[MixinPlatformAgentDefault:SecureJarResource(flib)]
[23Jul2025 23:49:04.810] [main/DEBUG] [mixin/]: Processing inject() for PlatformAgent[MixinPlatformAgentDefault:SecureJarResource(puzzleslib)]
[23Jul2025 23:49:04.810] [main/DEBUG] [mixin/]: Processing inject() for PlatformAgent[MixinPlatformAgentDefault:SecureJarResource(fallingtree)]
[23Jul2025 23:49:04.810] [main/DEBUG] [mixin/]: Processing inject() for PlatformAgent[MixinPlatformAgentDefault:SecureJarResource(expandability)]
[23Jul2025 23:49:04.810] [main/DEBUG] [mixin/]: Processing inject() for PlatformAgent[MixinPlatformAgentDefault:SecureJarResource(playerrevive)]
[23Jul2025 23:49:04.811] [main/DEBUG] [mixin/]: Processing inject() for PlatformAgent[MixinPlatformAgentDefault:SecureJarResource(scaffoldingdropsnearby)]
[23Jul2025 23:49:04.811] [main/DEBUG] [mixin/]: Processing inject() for PlatformAgent[MixinPlatformAgentDefault:SecureJarResource(jankson)]
[23Jul2025 23:49:04.811] [main/DEBUG] [mixin/]: Processing inject() for PlatformAgent[MixinPlatformAgentDefault:SecureJarResource(MixinSquared)]
[23Jul2025 23:49:04.811] [main/DEBUG] [mixin/]: Processing inject() for PlatformAgent[MixinPlatformAgentDefault:SecureJarResource(MixinExtras)]
[23Jul2025 23:49:04.811] [main/INFO] [cpw.mods.modlauncher.LaunchServiceHandler/MODLAUNCHER]: Launching target 'forgeserver' with arguments [nogui]
[23Jul2025 23:49:04.844] [main/DEBUG] [mixin/]: Error cleaning class output directory: .mixin.out
[23Jul2025 23:49:04.846] [main/DEBUG] [mixin/]: Preparing mixins for MixinEnvironment[DEFAULT]
[23Jul2025 23:49:04.846] [main/DEBUG] [mixin/]: Selecting config kuma_api.mixins.json
[23Jul2025 23:49:04.852] [main/DEBUG] [mixin/]: Selecting config kuma_api.forge.mixins.json
[23Jul2025 23:49:04.854] [main/DEBUG] [mixin/]: Selecting config easymagic.common.mixins.json
[23Jul2025 23:49:04.867] [main/DEBUG] [mixin/]: Selecting config waystones.mixins.json
[23Jul2025 23:49:04.868] [main/DEBUG] [mixin/]: Selecting config villagernames_forge.mixins.json
[23Jul2025 23:49:04.874] [main/DEBUG] [mixin/]: Selecting config fallingleaves.mixins.json
[23Jul2025 23:49:04.876] [main/DEBUG] [mixin/]: Selecting config citadel.mixins.json
[23Jul2025 23:49:04.878] [main/DEBUG] [mixin/]: Selecting config mixins.artifacts.common.json
[23Jul2025 23:49:04.879] [main/DEBUG] [mixin/]: Selecting config mixins.artifacts.forge.json
[23Jul2025 23:49:04.880] [main/DEBUG] [mixin/]: Selecting config mixinextras.init.mixins.json
[23Jul2025 23:49:04.919] [main/DEBUG] [MixinExtras|Service/]: com.llamalad7.mixinextras.service.MixinExtrasServiceImpl(version=0.4.1) is taking over from null
[23Jul2025 23:49:04.948] [main/DEBUG] [mixin/]: Registering new injector for @Inject with org.spongepowered.asm.mixin.injection.struct.CallbackInjectionInfo
[23Jul2025 23:49:04.950] [main/DEBUG] [mixin/]: Registering new injector for @ModifyArg with org.spongepowered.asm.mixin.injection.struct.ModifyArgInjectionInfo
[23Jul2025 23:49:04.951] [main/DEBUG] [mixin/]: Registering new injector for @ModifyArgs with org.spongepowered.asm.mixin.injection.struct.ModifyArgsInjectionInfo
[23Jul2025 23:49:04.952] [main/DEBUG] [mixin/]: Registering new injector for @Redirect with org.spongepowered.asm.mixin.injection.struct.RedirectInjectionInfo
[23Jul2025 23:49:04.953] [main/DEBUG] [mixin/]: Registering new injector for @ModifyVariable with org.spongepowered.asm.mixin.injection.struct.ModifyVariableInjectionInfo
[23Jul2025 23:49:04.954] [main/DEBUG] [mixin/]: Registering new injector for @ModifyConstant with org.spongepowered.asm.mixin.injection.struct.ModifyConstantInjectionInfo
[23Jul2025 23:49:04.968] [main/DEBUG] [mixin/]: Selecting config takesapillage.mixins.json
[23Jul2025 23:49:04.970] [main/DEBUG] [mixin/]: Selecting config iceandfire.mixins.json
[23Jul2025 23:49:04.972] [main/DEBUG] [mixin/]: Selecting config balm.mixins.json
[23Jul2025 23:49:04.974] [main/DEBUG] [mixin/]: Selecting config carryon.mixins.json
[23Jul2025 23:49:04.977] [main/DEBUG] [mixin/]: Selecting config carryon.forge.mixins.json
[23Jul2025 23:49:04.978] [main/DEBUG] [mixin/]: Selecting config puzzlesaccessapi.common.mixins.json
[23Jul2025 23:49:04.980] [main/WARN] [mixin/]: Reference map 'puzzlesaccessapi.common.refmap.json' for puzzlesaccessapi.common.mixins.json could not be read. If this is a development environment you can ignore this message
[23Jul2025 23:49:04.981] [main/DEBUG] [mixin/]: Selecting config puzzlesaccessapi.forge.mixins.json
[23Jul2025 23:49:04.982] [main/DEBUG] [mixin/]: Selecting config supplementaries-common.mixins.json
[23Jul2025 23:49:04.990] [main/DEBUG] [mixin/]: Selecting config supplementaries.mixins.json
[23Jul2025 23:49:04.992] [main/DEBUG] [mixin/]: Selecting config structure_gel.mixins.json
[23Jul2025 23:49:04.995] [main/DEBUG] [mixin/]: Selecting config tectonic.mixins.json
[23Jul2025 23:49:04.997] [main/DEBUG] [mixin/]: Selecting config farmersdelight.mixins.json
[23Jul2025 23:49:04.999] [main/DEBUG] [mixin/]: Selecting config moonlight-common.mixins.json
[23Jul2025 23:49:05.002] [main/DEBUG] [mixin/]: Selecting config moonlight.mixins.json
[23Jul2025 23:49:05.004] [main/DEBUG] [mixin/]: Selecting config ambientsounds.mixins.json
[23Jul2025 23:49:05.005] [main/DEBUG] [mixin/]: Selecting config mixinsquared.init.mixins.json
[23Jul2025 23:49:05.014] [main/DEBUG] [mixin/]: Registering new target selector for @mixinsquared:handler with com.bawnorton.mixinsquared.selector.DynamicSelectorHandler
[23Jul2025 23:49:05.022] [main/DEBUG] [mixin/]: Selecting config jade.mixins.json
[23Jul2025 23:49:05.024] [main/DEBUG] [mixin/]: Selecting config endrem.mixins.json
[23Jul2025 23:49:05.026] [main/DEBUG] [mixin/]: Selecting config creativecore.mixins.json
[23Jul2025 23:49:05.027] [main/DEBUG] [mixin/]: Selecting config creativecore.forge.mixins.json
[23Jul2025 23:49:05.029] [main/DEBUG] [mixin/]: Selecting config curios.mixins.json
[23Jul2025 23:49:05.029] [main/DEBUG] [mixin/]: Selecting config collective_forge.mixins.json
[23Jul2025 23:49:05.031] [main/DEBUG] [mixin/]: Selecting config bettervillage.mixins.json
[23Jul2025 23:49:05.032] [main/DEBUG] [mixin/]: Selecting config sbblacklist.mixins.json
[23Jul2025 23:49:05.033] [main/DEBUG] [mixin/]: Selecting config mvs-common.mixins.json
[23Jul2025 23:49:05.035] [main/DEBUG] [mixin/]: Selecting config mvs-forge.mixins.json
[23Jul2025 23:49:05.036] [main/WARN] [mixin/]: Reference map 'mvs-forge-refmap.json' for mvs-forge.mixins.json could not be read. If this is a development environment you can ignore this message
[23Jul2025 23:49:05.037] [main/DEBUG] [mixin/]: Selecting config cfm.mixins.json
[23Jul2025 23:49:05.038] [main/DEBUG] [mixin/]: Selecting config architectury.mixins.json
[23Jul2025 23:49:05.040] [main/DEBUG] [mixin/]: Selecting config architectury-common.mixins.json
[23Jul2025 23:49:05.041] [main/DEBUG] [mixin/]: Selecting config rightclickharvest.mixins.json
[23Jul2025 23:49:05.043] [main/DEBUG] [mixin/]: Selecting config puzzleslib.common.mixins.json
[23Jul2025 23:49:05.071] [main/INFO] [Puzzles Lib/]: Loading 52 mods:
	- ambientsounds 6.1.8
	- architectury 9.2.14
	- artifacts 9.5.16
		\-- expandability 9.0.4
	- balm 7.3.27
		\-- kuma_api 20.1.10
	- bettervillage 3.3.0
	- carryon 2.1.2.7
	- cfm 7.0.0-pre36
	- citadel 2.6.1
	- cloth_config 11.1.136
	- collective 8.1
	- creativecore 2.12.32
	- curios 5.14.1+1.20.1
	- dungeons_enhanced 5.4.2
	- easymagic 8.0.1
	- endrem 5.3.3-R-1.20.1
	- fallingleaves 2.1.2
	- fallingtree 4.3.2
	- farmersdelight 1.20.1-1.2.7
	- flib 0.0.15
	- forge 47.4.0
	- iceandfire 2.1.13-1.20.1
	- incendium 5.3.5
	- inventoryhud 3.4.26
	- jade 11.13.1+forge
	- jamlib 1.3.5+1.20.1
	- jei 15.20.0.106
	- libraryferret 4.0.0
	- mcwwindows 2.3.0
	- minecraft 1.20.1
	- moonlight 1.20-2.13.81
	- mvs 4.1.4-1.20-forge
	- playerrevive 2.0.26
	- puzzleslib 8.1.32
		|-- mixinextras 0.4.1
		\-- puzzlesaccessapi 20.1.1
	- rightclickharvest 4.5.3+1.20.1
	- sbblacklist 1.0.2
	- scaffoldingdropsnearby 3.4
	- simpletomb 1.20.1-1.3.0
	- sophisticatedbackpacks 3.23.11.1222
	- sophisticatedcore 1.2.43.949
	- structure_gel 2.16.2
	- supplementaries 1.20-3.1.26
		\-- mixinsquared 0.1.1
	- takesapillage 1.0.3
	- tectonic 2.4.1
	- twilightforest 4.3.2508
	- villagernames 8.2
	- waystones 14.1.11
	- xaerominimap 25.2.0
[23Jul2025 23:49:05.074] [main/DEBUG] [mixin/]: Selecting config puzzleslib.forge.mixins.json
[23Jul2025 23:49:05.077] [main/DEBUG] [mixin/]: Selecting config expandability.mixins.json
[23Jul2025 23:49:05.079] [main/DEBUG] [mixin/]: Selecting config expandability-common.mixins.json
[23Jul2025 23:49:05.083] [main/DEBUG] [mixin/]: Selecting config playerrevive.mixins.json
[23Jul2025 23:49:05.085] [main/DEBUG] [mixin/]: Selecting config scaffoldingdropsnearby_forge.mixins.json
[23Jul2025 23:49:05.086] [main/DEBUG] [mixin/]: Preparing kuma_api.mixins.json (1)
[23Jul2025 23:49:05.086] [main/DEBUG] [mixin/]: Preparing kuma_api.forge.mixins.json (0)
[23Jul2025 23:49:05.086] [main/DEBUG] [mixin/]: Preparing easymagic.common.mixins.json (5)
[23Jul2025 23:49:05.125] [main/DEBUG] [net.minecraftforge.coremod.transformer.CoreModBaseTransformer/COREMOD]: Transforming m_36170_ with desc (Lnet/minecraft/world/entity/player/PlayerModelPart;)Z
[23Jul2025 23:49:05.156] [main/DEBUG] [mixin/]: Preparing waystones.mixins.json (3)
[23Jul2025 23:49:05.171] [main/DEBUG] [mixin/]: Preparing villagernames_forge.mixins.json (1)
[23Jul2025 23:49:05.171] [main/DEBUG] [mixin/]: Preparing fallingleaves.mixins.json (5)
[23Jul2025 23:49:05.171] [main/DEBUG] [mixin/]: Preparing citadel.mixins.json (15)
[23Jul2025 23:49:05.192] [main/DEBUG] [net.minecraftforge.coremod.transformer.CoreModBaseTransformer/COREMOD]: Transforming m_46758_ with desc (Lnet/minecraft/core/BlockPos;)Z
[23Jul2025 23:49:05.330] [main/DEBUG] [net.minecraftforge.coremod.transformer.CoreModBaseTransformer/COREMOD]: Transforming net/minecraft/server/MinecraftServer
[23Jul2025 23:49:05.438] [main/DEBUG] [mixin/]: Preparing mixins.artifacts.common.json (21)
[23Jul2025 23:49:05.491] [main/DEBUG] [net.minecraftforge.coremod.transformer.CoreModBaseTransformer/COREMOD]: Transforming net/minecraft/world/level/NaturalSpawner
[23Jul2025 23:49:05.652] [main/DEBUG] [net.minecraftforge.coremod.transformer.CoreModBaseTransformer/COREMOD]: Transforming net/minecraft/world/entity/npc/Villager
[23Jul2025 23:49:05.866] [main/DEBUG] [mixin/]: Preparing mixins.artifacts.forge.json (3)
[23Jul2025 23:49:05.869] [main/DEBUG] [mixin/]: Preparing mixinextras.init.mixins.json (0)
[23Jul2025 23:49:05.869] [main/DEBUG] [mixin/]: Preparing takesapillage.mixins.json (3)
[23Jul2025 23:49:05.873] [main/DEBUG] [mixin/]: Preparing iceandfire.mixins.json (2)
[23Jul2025 23:49:05.878] [main/DEBUG] [mixin/]: Preparing balm.mixins.json (16)
[23Jul2025 23:49:05.892] [main/DEBUG] [net.minecraftforge.coremod.transformer.CoreModBaseTransformer/COREMOD]: Transforming m_11229_ with desc (Lnet/minecraft/server/level/ServerPlayer;Lnet/minecraft/server/level/ServerLevel;)V
[23Jul2025 23:49:05.914] [main/DEBUG] [mixin/]: Preparing carryon.mixins.json (5)
[23Jul2025 23:49:05.920] [main/DEBUG] [mixin/]: Preparing carryon.forge.mixins.json (0)
[23Jul2025 23:49:05.920] [main/DEBUG] [mixin/]: Preparing puzzlesaccessapi.common.mixins.json (0)
[23Jul2025 23:49:05.920] [main/DEBUG] [mixin/]: Preparing puzzlesaccessapi.forge.mixins.json (0)
[23Jul2025 23:49:05.920] [main/DEBUG] [mixin/]: Preparing supplementaries-common.mixins.json (78)
[23Jul2025 23:49:06.033] [main/DEBUG] [net.minecraftforge.coremod.transformer.CoreModBaseTransformer/COREMOD]: Transforming m_7373_ with desc (Lnet/minecraft/world/item/ItemStack;Lnet/minecraft/world/level/Level;Ljava/util/List;Lnet/minecraft/world/item/TooltipFlag;)V
[23Jul2025 23:49:06.074] [main/DEBUG] [mixin/]: Preparing supplementaries.mixins.json (28)
[23Jul2025 23:49:06.106] [main/DEBUG] [mixin/]: @Mixin target net/minecraft/world/entity/npc/VillagerTrades$TreasureMapForEmeralds is public in supplementaries.mixins.json:TreasureMapForEmeraldsMixin and should be specified in value
[23Jul2025 23:49:06.129] [main/DEBUG] [mixin/]: Preparing structure_gel.mixins.json (0)
[23Jul2025 23:49:06.129] [main/DEBUG] [mixin/]: Preparing tectonic.mixins.json (4)
[23Jul2025 23:49:06.132] [main/DEBUG] [net.minecraftforge.coremod.transformer.CoreModBaseTransformer/COREMOD]: Transforming net/minecraft/world/level/biome/Biome
[23Jul2025 23:49:06.143] [main/DEBUG] [mixin/]: Preparing farmersdelight.mixins.json (9)
[23Jul2025 23:49:06.161] [main/DEBUG] [mixin/]: Preparing moonlight-common.mixins.json (35)
[23Jul2025 23:49:06.198] [main/DEBUG] [net.minecraftforge.coremod.transformer.CoreModBaseTransformer/COREMOD]: Transforming m_41435_ with desc (Lnet/minecraft/world/level/Level;Lnet/minecraft/world/entity/player/Player;Lnet/minecraft/world/level/ClipContext$Fluid;)Lnet/minecraft/world/phys/BlockHitResult;
[23Jul2025 23:49:06.213] [main/DEBUG] [net.minecraftforge.coremod.transformer.CoreModBaseTransformer/COREMOD]: Transforming net/minecraft/world/level/chunk/LevelChunk
[23Jul2025 23:49:06.239] [main/DEBUG] [net.minecraftforge.coremod.transformer.CoreModBaseTransformer/COREMOD]: Transforming net/minecraft/server/level/ServerPlayer
[23Jul2025 23:49:06.254] [main/DEBUG] [net.minecraftforge.coremod.transformer.CoreModBaseTransformer/COREMOD]: Transforming m_36170_ with desc (Lnet/minecraft/world/entity/player/PlayerModelPart;)Z
[23Jul2025 23:49:06.277] [main/DEBUG] [net.minecraftforge.coremod.transformer.CoreModBaseTransformer/COREMOD]: Transforming m_46758_ with desc (Lnet/minecraft/core/BlockPos;)Z
[23Jul2025 23:49:06.297] [main/DEBUG] [mixin/]: Preparing moonlight.mixins.json (11)
[23Jul2025 23:49:06.303] [main/DEBUG] [mixin/]: Preparing ambientsounds.mixins.json (2)
[23Jul2025 23:49:06.303] [main/DEBUG] [mixin/]: Preparing mixinsquared.init.mixins.json (0)
[23Jul2025 23:49:06.303] [main/DEBUG] [mixin/]: Preparing jade.mixins.json (2)
[23Jul2025 23:49:06.303] [main/DEBUG] [mixin/]: Preparing endrem.mixins.json (4)
[23Jul2025 23:49:06.308] [main/DEBUG] [mixin/]: Preparing creativecore.mixins.json (8)
[23Jul2025 23:49:06.318] [main/DEBUG] [mixin/]: Preparing creativecore.forge.mixins.json (3)
[23Jul2025 23:49:06.319] [main/DEBUG] [mixin/]: Preparing curios.mixins.json (13)
[23Jul2025 23:49:06.333] [main/DEBUG] [mixin/]: Preparing collective_forge.mixins.json (5)
[23Jul2025 23:49:06.338] [main/DEBUG] [mixin/]: Preparing bettervillage.mixins.json (2)
[23Jul2025 23:49:06.342] [main/DEBUG] [mixin/]: Preparing sbblacklist.mixins.json (1)
[23Jul2025 23:49:06.344] [main/DEBUG] [mixin/]: Preparing mvs-common.mixins.json (12)
[23Jul2025 23:49:06.362] [main/DEBUG] [net.minecraftforge.coremod.transformer.CoreModBaseTransformer/COREMOD]: Transforming net/minecraft/world/level/levelgen/structure/templatesystem/StructureTemplate
[23Jul2025 23:49:06.510] [main/DEBUG] [mixin/]: Preparing mvs-forge.mixins.json (0)
[23Jul2025 23:49:06.511] [main/DEBUG] [mixin/]: Preparing cfm.mixins.json (2)
[23Jul2025 23:49:06.515] [main/DEBUG] [mixin/]: Preparing architectury.mixins.json (9)
[23Jul2025 23:49:06.522] [main/DEBUG] [mixin/]: Preparing architectury-common.mixins.json (10)
[23Jul2025 23:49:06.529] [main/DEBUG] [net.minecraftforge.coremod.transformer.CoreModBaseTransformer/COREMOD]: Transforming net/minecraft/world/item/BucketItem
[23Jul2025 23:49:06.535] [main/DEBUG] [net.minecraftforge.coremod.transformer.CoreModBaseTransformer/COREMOD]: Transforming net/minecraft/world/entity/EntityType
[23Jul2025 23:49:06.618] [main/DEBUG] [net.minecraftforge.coremod.transformer.CoreModBaseTransformer/COREMOD]: Transforming net/minecraft/world/level/block/LiquidBlock
[23Jul2025 23:49:06.625] [main/DEBUG] [mixin/]: Preparing rightclickharvest.mixins.json (2)
[23Jul2025 23:49:06.626] [main/DEBUG] [mixin/]: Preparing puzzleslib.common.mixins.json (7)
[23Jul2025 23:49:06.635] [main/DEBUG] [mixin/]: Preparing puzzleslib.forge.mixins.json (13)
[23Jul2025 23:49:06.653] [main/DEBUG] [mixin/]: Preparing expandability.mixins.json (4)
[23Jul2025 23:49:06.654] [main/DEBUG] [mixin/]: Preparing expandability-common.mixins.json (9)
[23Jul2025 23:49:06.663] [main/DEBUG] [mixin/]: Preparing playerrevive.mixins.json (5)
[23Jul2025 23:49:06.666] [main/DEBUG] [mixin/]: Preparing scaffoldingdropsnearby_forge.mixins.json (0)
[23Jul2025 23:49:06.750] [main/DEBUG] [mixin/]: Inner class net/mehvahdjukaar/supplementaries/mixins/forge/self/SelfFlammableFluidBlockMixin$1 in net/mehvahdjukaar/supplementaries/mixins/forge/self/SelfFlammableFluidBlockMixin on net/mehvahdjukaar/supplementaries/common/fluids/FlammableLiquidBlock gets unique name net/mehvahdjukaar/supplementaries/common/fluids/FlammableLiquidBlock$Anonymous$b2fdb11644f24b0180362d3ed52dcdd1
[23Jul2025 23:49:06.758] [main/DEBUG] [net.minecraftforge.coremod.transformer.CoreModBaseTransformer/COREMOD]: Transforming net/minecraft/world/level/levelgen/structure/Structure
[23Jul2025 23:49:06.778] [main/DEBUG] [net.minecraftforge.coremod.transformer.CoreModBaseTransformer/COREMOD]: Transforming m_78311_ with desc ()V
[23Jul2025 23:49:06.813] [main/DEBUG] [mixin/]: Prepared 244 mixins in 1.966 sec (8.1ms avg) (0ms load, 0ms transform, 0ms plugin)
[23Jul2025 23:49:06.822] [main/DEBUG] [net.minecraftforge.coremod.transformer.CoreModBaseTransformer/COREMOD]: Transforming net/minecraft/server/MinecraftServer
[23Jul2025 23:49:06.828] [main/INFO] [MixinExtras|Service/]: Initializing MixinExtras via com.llamalad7.mixinextras.service.MixinExtrasServiceImpl(version=0.4.1).
[23Jul2025 23:49:06.829] [main/DEBUG] [mixin/]: Registering new injector for @SugarWrapper with com.llamalad7.mixinextras.sugar.impl.SugarWrapperInjectionInfo
[23Jul2025 23:49:06.830] [main/DEBUG] [mixin/]: Registering new injector for @FactoryRedirectWrapper with com.llamalad7.mixinextras.wrapper.factory.FactoryRedirectWrapperInjectionInfo
[23Jul2025 23:49:06.834] [main/DEBUG] [mixin/]: Mixing MinecraftServerMixin from citadel.mixins.json into net.minecraft.server.MinecraftServer
[23Jul2025 23:49:06.845] [main/DEBUG] [mixin/]: Mixing MinecraftServerMixin from balm.mixins.json into net.minecraft.server.MinecraftServer
[23Jul2025 23:49:06.846] [main/DEBUG] [mixin/]: Renaming synthetic method lambda$reloadResources$0(Ljava/lang/Void;)V to mdede484$lambda$reloadResources$0$0 in balm.mixins.json:MinecraftServerMixin
[23Jul2025 23:49:06.945] [main/DEBUG] [io.netty.util.internal.logging.InternalLoggerFactory/]: Using SLF4J as the default logging framework
[23Jul2025 23:49:06.947] [main/DEBUG] [io.netty.util.ResourceLeakDetector/]: -Dio.netty.leakDetection.level: simple
[23Jul2025 23:49:06.947] [main/DEBUG] [io.netty.util.ResourceLeakDetector/]: -Dio.netty.leakDetection.targetRecords: 4
[23Jul2025 23:49:07.134] [main/DEBUG] [oshi.util.FileUtil/]: No oshi.properties file found from ClassLoader cpw.mods.modlauncher.TransformingClassLoader@15d114ce
[23Jul2025 23:49:07.134] [main/DEBUG] [oshi.util.FileUtil/]: No oshi.properties file found from ClassLoader jdk.internal.loader.ClassLoaders$AppClassLoader@76ed5528
[23Jul2025 23:49:07.183] [main/DEBUG] [oshi.util.FileUtil/]: Reading file /proc/self/auxv
[23Jul2025 23:49:07.184] [main/DEBUG] [oshi.util.FileUtil/]: Reading file /proc/self/auxv
[23Jul2025 23:49:07.187] [main/DEBUG] [oshi.util.FileUtil/]: Reading file /proc/stat
[23Jul2025 23:49:07.193] [main/DEBUG] [oshi.util.FileUtil/]: Reading file /sys/devices/system/cpu/cpu0/topology/core_id
[23Jul2025 23:49:07.193] [main/DEBUG] [oshi.util.FileUtil/]: Reading file /sys/devices/system/cpu/cpu0/topology/core_id
[23Jul2025 23:49:07.193] [main/DEBUG] [oshi.util.FileUtil/]: Reading file /sys/devices/system/cpu/cpu0/topology/physical_package_id
[23Jul2025 23:49:07.193] [main/DEBUG] [oshi.util.FileUtil/]: Reading file /sys/devices/system/cpu/cpu0/topology/physical_package_id
[23Jul2025 23:49:07.193] [main/DEBUG] [oshi.util.FileUtil/]: Reading file /sys/devices/system/cpu/cpu0/cpu_capacity
[23Jul2025 23:49:07.195] [main/DEBUG] [oshi.util.FileUtil/]: Reading file /sys/devices/system/cpu/cpu1/topology/core_id
[23Jul2025 23:49:07.195] [main/DEBUG] [oshi.util.FileUtil/]: Reading file /sys/devices/system/cpu/cpu1/topology/core_id
[23Jul2025 23:49:07.195] [main/DEBUG] [oshi.util.FileUtil/]: Reading file /sys/devices/system/cpu/cpu1/topology/physical_package_id
[23Jul2025 23:49:07.195] [main/DEBUG] [oshi.util.FileUtil/]: Reading file /sys/devices/system/cpu/cpu1/topology/physical_package_id
[23Jul2025 23:49:07.195] [main/DEBUG] [oshi.util.FileUtil/]: Reading file /sys/devices/system/cpu/cpu1/cpu_capacity
[23Jul2025 23:49:07.195] [main/DEBUG] [oshi.util.FileUtil/]: Reading file /sys/devices/system/cpu/cpu2/topology/core_id
[23Jul2025 23:49:07.195] [main/DEBUG] [oshi.util.FileUtil/]: Reading file /sys/devices/system/cpu/cpu2/topology/core_id
[23Jul2025 23:49:07.195] [main/DEBUG] [oshi.util.FileUtil/]: Reading file /sys/devices/system/cpu/cpu2/topology/physical_package_id
[23Jul2025 23:49:07.196] [main/DEBUG] [oshi.util.FileUtil/]: Reading file /sys/devices/system/cpu/cpu2/topology/physical_package_id
[23Jul2025 23:49:07.196] [main/DEBUG] [oshi.util.FileUtil/]: Reading file /sys/devices/system/cpu/cpu2/cpu_capacity
[23Jul2025 23:49:07.196] [main/DEBUG] [oshi.util.FileUtil/]: Reading file /sys/devices/system/cpu/cpu3/topology/core_id
[23Jul2025 23:49:07.196] [main/DEBUG] [oshi.util.FileUtil/]: Reading file /sys/devices/system/cpu/cpu3/topology/core_id
[23Jul2025 23:49:07.196] [main/DEBUG] [oshi.util.FileUtil/]: Reading file /sys/devices/system/cpu/cpu3/topology/physical_package_id
[23Jul2025 23:49:07.196] [main/DEBUG] [oshi.util.FileUtil/]: Reading file /sys/devices/system/cpu/cpu3/topology/physical_package_id
[23Jul2025 23:49:07.196] [main/DEBUG] [oshi.util.FileUtil/]: Reading file /sys/devices/system/cpu/cpu3/cpu_capacity
[23Jul2025 23:49:07.198] [main/DEBUG] [oshi.util.FileUtil/]: Reading file /proc/cpuinfo
[23Jul2025 23:49:07.205] [main/DEBUG] [oshi.util.FileUtil/]: Reading file /proc/self/auxv
[23Jul2025 23:49:07.207] [main/DEBUG] [oshi.util.FileUtil/]: No oshi.architecture.properties file found from ClassLoader cpw.mods.modlauncher.TransformingClassLoader@15d114ce
[23Jul2025 23:49:07.207] [main/DEBUG] [oshi.util.FileUtil/]: No oshi.architecture.properties file found from ClassLoader jdk.internal.loader.ClassLoaders$AppClassLoader@76ed5528
[23Jul2025 23:49:07.221] [main/DEBUG] [oshi.util.FileUtil/]: Reading file /proc/meminfo
[23Jul2025 23:49:07.222] [main/DEBUG] [oshi.util.FileUtil/]: Reading file /proc/meminfo
[23Jul2025 23:49:07.308] [main/DEBUG] [mixin/]: Mixing inject.MixinGameEvent from architectury-common.mixins.json into net.minecraft.world.level.gameevent.GameEvent
[23Jul2025 23:49:07.332] [main/DEBUG] [mixin/]: Mixing accessor.ForgeRegistryForgeAccessor from puzzleslib.forge.mixins.json into net.minecraftforge.registries.ForgeRegistry
[23Jul2025 23:49:07.354] [main/DEBUG] [mixin/]: Mixing inject.MixinBlock from architectury-common.mixins.json into net.minecraft.world.level.block.Block
[23Jul2025 23:49:07.357] [main/DEBUG] [mixin/]: Mixing accessor.BlockAccessor from puzzleslib.common.mixins.json into net.minecraft.world.level.block.Block
[23Jul2025 23:49:07.357] [main/DEBUG] [mixin/]: Mixing BlockMixin from structure_gel.mixins.json into net.minecraft.world.level.block.Block
[23Jul2025 23:49:07.384] [main/DEBUG] [mixin/]: Mixing fluidcollision.BlockStateBaseMixin from expandability-common.mixins.json into net.minecraft.world.level.block.state.BlockBehaviour$BlockStateBase
[23Jul2025 23:49:07.418] [main/DEBUG] [mixin/]: Mixing item.umbrella.EntityMixin from mixins.artifacts.common.json into net.minecraft.world.entity.Entity
[23Jul2025 23:49:07.422] [main/DEBUG] [mixin/]: Mixing item.wearable.aquadashers.EntityMixin from mixins.artifacts.common.json into net.minecraft.world.entity.Entity
[23Jul2025 23:49:07.449] [main/DEBUG] [mixin/]: Mixing EntityMixin from balm.mixins.json into net.minecraft.world.entity.Entity
[23Jul2025 23:49:07.454] [main/DEBUG] [mixin/]: Mixing EntityMixin from carryon.mixins.json into net.minecraft.world.entity.Entity
[23Jul2025 23:49:07.470] [main/DEBUG] [mixin/]: Mixing EntityMixin from supplementaries-common.mixins.json into net.minecraft.world.entity.Entity
[23Jul2025 23:49:07.473] [main/DEBUG] [mixin/]: Mixing AccessorEntity from curios.mixins.json into net.minecraft.world.entity.Entity
[23Jul2025 23:49:07.474] [main/DEBUG] [mixin/]: Mixing swimming.EntityMixin from expandability.mixins.json into net.minecraft.world.entity.Entity
[23Jul2025 23:49:07.479] [main/DEBUG] [mixin/]: Mixing swimming.EntityMixin from expandability-common.mixins.json into net.minecraft.world.entity.Entity
[23Jul2025 23:49:07.510] [main/DEBUG] [mixin/]: Mixing EntityMixin from structure_gel.mixins.json into net.minecraft.world.entity.Entity
[23Jul2025 23:49:07.629] [main/DEBUG] [mixin/]: Mixing LivingEntityMixin from citadel.mixins.json into net.minecraft.world.entity.LivingEntity
[23Jul2025 23:49:07.636] [main/DEBUG] [mixin/]: Mixing accessors.LivingEntityAccessor from mixins.artifacts.common.json into net.minecraft.world.entity.LivingEntity
[23Jul2025 23:49:07.637] [main/DEBUG] [mixin/]: Mixing item.hurtsound.LivingEntityMixin from mixins.artifacts.common.json into net.minecraft.world.entity.LivingEntity
[23Jul2025 23:49:07.642] [main/DEBUG] [mixin/]: Mixing item.wearable.chorustotem.LivingEntityMixin from mixins.artifacts.common.json into net.minecraft.world.entity.LivingEntity
[23Jul2025 23:49:07.647] [main/DEBUG] [net.minecraftforge.coremod.transformer.CoreModBaseTransformer/COREMOD]: Transforming net/minecraft/world/item/ItemStack
[23Jul2025 23:49:07.685] [main/DEBUG] [mixin/]: Mixing item.wearable.snowshoes.LivingEntityMixin from mixins.artifacts.forge.json into net.minecraft.world.entity.LivingEntity
[23Jul2025 23:49:07.689] [main/DEBUG] [mixin/]: Mixing LivingEntityAccessor from supplementaries-common.mixins.json into net.minecraft.world.entity.LivingEntity
[23Jul2025 23:49:07.690] [main/DEBUG] [mixin/]: Mixing LivingEntityMixin from supplementaries-common.mixins.json into net.minecraft.world.entity.LivingEntity
[23Jul2025 23:49:07.708] [main/DEBUG] [net.minecraftforge.coremod.transformer.CoreModBaseTransformer/COREMOD]: Transforming net/minecraft/world/effect/MobEffectInstance
[23Jul2025 23:49:07.721] [main/DEBUG] [mixin/]: Mixing LivingEntityMixin from supplementaries.mixins.json into net.minecraft.world.entity.LivingEntity
[23Jul2025 23:49:07.726] [main/DEBUG] [mixin/]: Mixing MixinLivingEntity from curios.mixins.json into net.minecraft.world.entity.LivingEntity
[23Jul2025 23:49:07.729] [main/DEBUG] [mixin/]: Mixing swimming.LivingEntityMixin from expandability.mixins.json into net.minecraft.world.entity.LivingEntity
[23Jul2025 23:49:07.733] [main/DEBUG] [mixin/]: Mixing swimming.LivingEntityMixin from expandability-common.mixins.json into net.minecraft.world.entity.LivingEntity
[23Jul2025 23:49:07.895] [main/DEBUG] [net.minecraftforge.coremod.transformer.CoreModBaseTransformer/COREMOD]: Transforming m_41435_ with desc (Lnet/minecraft/world/level/Level;Lnet/minecraft/world/entity/player/Player;Lnet/minecraft/world/level/ClipContext$Fluid;)Lnet/minecraft/world/phys/BlockHitResult;
[23Jul2025 23:49:07.917] [main/DEBUG] [net.minecraftforge.coremod.transformer.CoreModBaseTransformer/COREMOD]: Transforming m_46758_ with desc (Lnet/minecraft/core/BlockPos;)Z
[23Jul2025 23:49:07.921] [main/DEBUG] [mixin/]: Mixing LevelMixin from citadel.mixins.json into net.minecraft.world.level.Level
[23Jul2025 23:49:07.963] [main/DEBUG] [mixin/]: Mixing ServerLevelMixin from citadel.mixins.json into net.minecraft.server.level.ServerLevel
[23Jul2025 23:49:07.966] [main/DEBUG] [mixin/]: Mixing ServerLevelMixin from supplementaries-common.mixins.json into net.minecraft.server.level.ServerLevel
[23Jul2025 23:49:07.967] [main/DEBUG] [mixin/]: Renaming synthetic method lambda$unluckyLightning$0(Lnet/minecraft/world/entity/LivingEntity;)Z to mdede484$lambda$unluckyLightning$0$0 in supplementaries-common.mixins.json:ServerLevelMixin
[23Jul2025 23:49:07.987] [main/DEBUG] [mixin/]: Mixing ServerLevelMixin from moonlight-common.mixins.json into net.minecraft.server.level.ServerLevel
[23Jul2025 23:49:07.988] [main/DEBUG] [mixin/]: Discarding sythetic bridge method synthetic in m_6325_ because existing method in moonlight-common.mixins.json:ServerLevelMixin is compatible
[23Jul2025 23:49:08.073] [main/DEBUG] [net.minecraftforge.coremod.transformer.CoreModBaseTransformer/COREMOD]: Transforming m_36170_ with desc (Lnet/minecraft/world/entity/player/PlayerModelPart;)Z
[23Jul2025 23:49:08.075] [main/DEBUG] [mixin/]: Mixing accessor.PlayerAccessor from easymagic.common.mixins.json into net.minecraft.world.entity.player.Player
[23Jul2025 23:49:08.076] [main/DEBUG] [mixin/]: Mixing PlayerMixin from carryon.mixins.json into net.minecraft.world.entity.player.Player
[23Jul2025 23:49:08.079] [main/DEBUG] [mixin/]: Mixing PlayerMixin from supplementaries-common.mixins.json into net.minecraft.world.entity.player.Player
[23Jul2025 23:49:08.081] [main/DEBUG] [mixin/]: Mixing PlayerProjectileMixin from supplementaries.mixins.json into net.minecraft.world.entity.player.Player
[23Jul2025 23:49:08.088] [main/DEBUG] [mixin/]: Mixing swimming.PlayerMixin from expandability-common.mixins.json into net.minecraft.world.entity.player.Player
[23Jul2025 23:49:08.091] [main/DEBUG] [mixin/]: Mixing PlayerMixin from playerrevive.mixins.json into net.minecraft.world.entity.player.Player
[23Jul2025 23:49:08.162] [main/DEBUG] [mixin/]: Mixing inject.MixinFluid from architectury-common.mixins.json into net.minecraft.world.level.material.Fluid
[23Jul2025 23:49:08.168] [main/DEBUG] [net.minecraftforge.coremod.transformer.CoreModBaseTransformer/COREMOD]: Transforming m_41435_ with desc (Lnet/minecraft/world/level/Level;Lnet/minecraft/world/entity/player/Player;Lnet/minecraft/world/level/ClipContext$Fluid;)Lnet/minecraft/world/phys/BlockHitResult;
[23Jul2025 23:49:08.168] [main/DEBUG] [mixin/]: Mixing ItemMixin from moonlight-common.mixins.json into net.minecraft.world.item.Item
[23Jul2025 23:49:08.173] [main/DEBUG] [mixin/]: Mixing inject.MixinItem from architectury-common.mixins.json into net.minecraft.world.item.Item
[23Jul2025 23:49:08.201] [main/DEBUG] [net.minecraftforge.coremod.transformer.CoreModBaseTransformer/COREMOD]: Transforming net/minecraft/world/entity/EntityType
[23Jul2025 23:49:08.270] [main/DEBUG] [mixin/]: Mixing inject.MixinEntityType from architectury-common.mixins.json into net.minecraft.world.entity.EntityType
[23Jul2025 23:49:08.322] [main/DEBUG] [mixin/]: Mixing KeepRichSoilGiantTreeMixin from farmersdelight.mixins.json into net.minecraft.world.level.levelgen.feature.Feature
[23Jul2025 23:49:08.322] [main/DEBUG] [mixin/]: Renaming synthetic method lambda$keepRichSoil$0(Lnet/minecraft/world/level/block/state/BlockState;)Z to mdede484$lambda$keepRichSoil$0$0 in farmersdelight.mixins.json:KeepRichSoilGiantTreeMixin
[23Jul2025 23:49:08.399] [main/DEBUG] [mixin/]: Mixing FireBlockMixin from supplementaries-common.mixins.json into net.minecraft.world.level.block.FireBlock
[23Jul2025 23:49:08.405] [main/DEBUG] [mixin/]: Mixing FireBlockAccessor from supplementaries.mixins.json into net.minecraft.world.level.block.FireBlock
[23Jul2025 23:49:08.405] [main/DEBUG] [mixin/]: Mixing FireBlockMixin from moonlight.mixins.json into net.minecraft.world.level.block.FireBlock
[23Jul2025 23:49:08.408] [main/DEBUG] [mixin/]: Mixing accessor.FireBlockForgeAccessor from puzzleslib.forge.mixins.json into net.minecraft.world.level.block.FireBlock
[23Jul2025 23:49:08.462] [main/DEBUG] [mixin/]: Mixing ShapesMixin from creativecore.mixins.json into net.minecraft.world.phys.shapes.Shapes
[23Jul2025 23:49:08.567] [main/DEBUG] [mixin/]: Mixing VoxelShapeAccessor from creativecore.mixins.json into net.minecraft.world.phys.shapes.VoxelShape
[23Jul2025 23:49:08.682] [main/DEBUG] [net.minecraftforge.coremod.transformer.CoreModBaseTransformer/COREMOD]: Transforming net/minecraft/world/level/block/LiquidBlock
[23Jul2025 23:49:08.683] [main/DEBUG] [mixin/]: Mixing inject.MixinLiquidBlock from architectury-common.mixins.json into net.minecraft.world.level.block.LiquidBlock
[23Jul2025 23:49:08.694] [main/DEBUG] [mixin/]: Mixing CuttingBoardDispenserMixin from farmersdelight.mixins.json into net.minecraft.world.level.block.DispenserBlock
[23Jul2025 23:49:08.699] [main/DEBUG] [mixin/]: Mixing accessor.DispenserBlockAccessor from moonlight-common.mixins.json into net.minecraft.world.level.block.DispenserBlock
[23Jul2025 23:49:08.700] [main/DEBUG] [mixin/]: Renaming @Accessor method getDispenserRegistry()Ljava/util/Map; to getDispenserRegistry_$md$ede484$0 in moonlight-common.mixins.json:accessor.DispenserBlockAccessor
[23Jul2025 23:49:08.718] [main/DEBUG] [net.minecraftforge.coremod.transformer.CoreModBaseTransformer/COREMOD]: Transforming m_7898_ with desc (Lnet/minecraft/world/level/block/state/BlockState;Lnet/minecraft/world/level/LevelReader;Lnet/minecraft/core/BlockPos;)Z
[23Jul2025 23:49:08.730] [main/DEBUG] [net.minecraftforge.coremod.transformer.CoreModBaseTransformer/COREMOD]: Transforming net/minecraft/world/level/block/StairBlock
[23Jul2025 23:49:08.737] [main/DEBUG] [mixin/]: Mixing CropBlockMixin from balm.mixins.json into net.minecraft.world.level.block.CropBlock
[23Jul2025 23:49:08.739] [main/DEBUG] [mixin/]: Mixing CropBlockAccessor from rightclickharvest.mixins.json into net.minecraft.world.level.block.CropBlock
[23Jul2025 23:49:08.773] [main/DEBUG] [mixin/]: Mixing IronBarsBlockMixin from supplementaries-common.mixins.json into net.minecraft.world.level.block.IronBarsBlock
[23Jul2025 23:49:08.784] [main/DEBUG] [mixin/]: Mixing StemBlockMixin from balm.mixins.json into net.minecraft.world.level.block.StemBlock
[23Jul2025 23:49:08.792] [main/DEBUG] [mixin/]: Mixing EnchantmentTableBlockMixin from easymagic.common.mixins.json into net.minecraft.world.level.block.EnchantmentTableBlock
[23Jul2025 23:49:08.825] [main/DEBUG] [net.minecraftforge.coremod.transformer.CoreModBaseTransformer/COREMOD]: Transforming net/minecraft/world/level/block/FlowerPotBlock
[23Jul2025 23:49:08.835] [main/DEBUG] [mixin/]: Mixing ComparatorBlockMixin from supplementaries-common.mixins.json into net.minecraft.world.level.block.ComparatorBlock
[23Jul2025 23:49:08.857] [main/DEBUG] [mixin/]: Mixing ObserverBlockMixin from supplementaries-common.mixins.json into net.minecraft.world.level.block.ObserverBlock
[23Jul2025 23:49:08.876] [main/DEBUG] [mixin/]: Mixing swimming.BubbleColumnBlockMixin from expandability-common.mixins.json into net.minecraft.world.level.block.BubbleColumnBlock
[23Jul2025 23:49:08.888] [main/DEBUG] [mixin/]: Mixing CampfireBlockMixin from supplementaries-common.mixins.json into net.minecraft.world.level.block.CampfireBlock
[23Jul2025 23:49:08.889] [main/DEBUG] [mixin/]: Mixing CampfireBaleMixin from farmersdelight.mixins.json into net.minecraft.world.level.block.CampfireBlock
[23Jul2025 23:49:08.907] [main/DEBUG] [mixin/]: Mixing MixinPowderSnowBlock from curios.mixins.json into net.minecraft.world.level.block.PowderSnowBlock
[23Jul2025 23:49:09.004] [main/DEBUG] [mixin/]: Mixing BlockEntityMixin from collective_forge.mixins.json into net.minecraft.world.level.block.entity.BlockEntity
[23Jul2025 23:49:09.018] [main/DEBUG] [mixin/]: Mixing FallingBlockEntityMixin from supplementaries-common.mixins.json into net.minecraft.world.entity.item.FallingBlockEntity
[23Jul2025 23:49:09.019] [main/DEBUG] [mixin/]: Mixing MixinFallingBlockEntity from architectury.mixins.json into net.minecraft.world.entity.item.FallingBlockEntity
[23Jul2025 23:49:09.062] [main/DEBUG] [mixin/]: Mixing accessor.DispenserBlockEntityAccessor from moonlight-common.mixins.json into net.minecraft.world.level.block.entity.DispenserBlockEntity
[23Jul2025 23:49:09.198] [main/DEBUG] [mixin/]: Mixing PistonBlockEntityMixin from moonlight-common.mixins.json into net.minecraft.world.level.block.piston.PistonMovingBlockEntity
[23Jul2025 23:49:09.229] [main/DEBUG] [mixin/]: Mixing KeepRichSoilTreeMixin from farmersdelight.mixins.json into net.minecraft.world.level.levelgen.feature.trunkplacers.TrunkPlacer
[23Jul2025 23:49:09.229] [main/DEBUG] [mixin/]: Renaming synthetic method lambda$cancelSetDirtIfRichSoil$0(Lnet/minecraft/world/level/block/state/BlockState;)Z to mdede484$lambda$cancelSetDirtIfRichSoil$0$0 in farmersdelight.mixins.json:KeepRichSoilTreeMixin
[23Jul2025 23:49:09.245] [main/DEBUG] [mixin/]: Mixing ChiseledBookShelfBlockEntityMixin from easymagic.common.mixins.json into net.minecraft.world.level.block.entity.ChiseledBookShelfBlockEntity
[23Jul2025 23:49:09.397] [main/DEBUG] [mixin/]: Mixing accessor.AbstractContainerMenuAccessor from puzzleslib.common.mixins.json into net.minecraft.world.inventory.AbstractContainerMenu
[23Jul2025 23:49:09.454] [main/DEBUG] [mixin/]: Mixing AbstractArrowMixin from supplementaries-common.mixins.json into net.minecraft.world.entity.projectile.AbstractArrow
[23Jul2025 23:49:09.474] [main/DEBUG] [mixin/]: Mixing accessors.MobAccessor from mixins.artifacts.common.json into net.minecraft.world.entity.Mob
[23Jul2025 23:49:09.475] [main/DEBUG] [mixin/]: Mixing MobRememberSpawnReasonMixin from takesapillage.mixins.json into net.minecraft.world.entity.Mob
[23Jul2025 23:49:09.476] [main/DEBUG] [mixin/]: Mixing EntityMixin from moonlight-common.mixins.json into net.minecraft.world.entity.Mob
[23Jul2025 23:49:09.532] [main/DEBUG] [mixin/]: Mixing accessor.EnchantmentMenuAccessor from easymagic.common.mixins.json into net.minecraft.world.inventory.EnchantmentMenu
[23Jul2025 23:49:09.533] [main/DEBUG] [mixin/]: Mixing PlayerEnchantMixin from endrem.mixins.json into net.minecraft.world.inventory.EnchantmentMenu
[23Jul2025 23:49:09.544] [main/DEBUG] [net.minecraftforge.coremod.transformer.CoreModBaseTransformer/COREMOD]: Transforming net/minecraft/world/item/ItemStack
[23Jul2025 23:49:09.705] [main/DEBUG] [mixin/]: Mixing ShulkerBoxBlockEntityMixin from supplementaries-common.mixins.json into net.minecraft.world.level.block.entity.ShulkerBoxBlockEntity
[23Jul2025 23:49:09.896] [main/DEBUG] [mixin/]: Mixing LoomMenuMixin from supplementaries-common.mixins.json into net.minecraft.world.inventory.LoomMenu
[23Jul2025 23:49:09.903] [main/DEBUG] [mixin/]: Mixing CartographyTableMixin from supplementaries-common.mixins.json into net.minecraft.world.inventory.CartographyTableMenu
[23Jul2025 23:49:09.910] [main/DEBUG] [mixin/]: Mixing GrindstoneMenuMixin from supplementaries-common.mixins.json into net.minecraft.world.inventory.GrindstoneMenu
[23Jul2025 23:49:09.924] [main/DEBUG] [mixin/]: Mixing SmithingMenuMixin from citadel.mixins.json into net.minecraft.world.inventory.SmithingMenu
[23Jul2025 23:49:09.948] [main/DEBUG] [mixin/]: Mixing StructureBlockEntityMixin from structure_gel.mixins.json into net.minecraft.world.level.block.entity.StructureBlockEntity
[23Jul2025 23:49:09.951] [main/DEBUG] [mixin/]: Mixing TemplateMixins$StructureBlockEntityMixin from structure_gel.mixins.json into net.minecraft.world.level.block.entity.StructureBlockEntity
[23Jul2025 23:49:10.043] [main/DEBUG] [mixin/]: Mixing LightningEntityMixin from moonlight-common.mixins.json into net.minecraft.world.entity.LightningBolt
[23Jul2025 23:49:10.044] [main/DEBUG] [mixin/]: Mixing MixinLightningBolt from architectury-common.mixins.json into net.minecraft.world.entity.LightningBolt
[23Jul2025 23:49:10.109] [main/DEBUG] [net.minecraftforge.coremod.transformer.CoreModBaseTransformer/COREMOD]: Transforming net/minecraft/world/entity/animal/frog/Tadpole
[23Jul2025 23:49:10.136] [main/DEBUG] [mixin/]: Mixing BlockItemMixin from moonlight-common.mixins.json into net.minecraft.world.item.BlockItem
[23Jul2025 23:49:10.137] [main/DEBUG] [mixin/]: Mixing accessor.BlockItemAccessor from puzzleslib.common.mixins.json into net.minecraft.world.item.BlockItem
[23Jul2025 23:49:10.145] [main/DEBUG] [mixin/]: Mixing BowMixin from supplementaries-common.mixins.json into net.minecraft.world.item.BowItem
[23Jul2025 23:49:10.145] [main/DEBUG] [mixin/]: Renaming synthetic method lambda$getAllSupportedProjectiles$0(Ljava/util/function/Predicate;Lnet/minecraft/world/item/ItemStack;)Z to mdede484$lambda$getAllSupportedProjectiles$0$0 in supplementaries-common.mixins.json:BowMixin
[23Jul2025 23:49:10.147] [main/DEBUG] [mixin/]: Mixing ProjectileWeaponItemMixin from supplementaries-common.mixins.json into net.minecraft.world.item.ProjectileWeaponItem
[23Jul2025 23:49:10.154] [main/DEBUG] [mixin/]: Mixing SoupItemMixin from farmersdelight.mixins.json into net.minecraft.world.item.BowlFoodItem
[23Jul2025 23:49:10.161] [main/DEBUG] [mixin/]: Mixing PaintingItemMixin from supplementaries-common.mixins.json into net.minecraft.world.item.HangingEntityItem
[23Jul2025 23:49:10.167] [main/DEBUG] [net.minecraftforge.coremod.transformer.CoreModBaseTransformer/COREMOD]: Transforming m_218868_ with desc ()Ljava/util/OptionalInt;
[23Jul2025 23:49:10.175] [main/DEBUG] [net.minecraftforge.coremod.transformer.CoreModBaseTransformer/COREMOD]: Transforming net/minecraft/world/item/BucketItem
[23Jul2025 23:49:10.175] [main/DEBUG] [mixin/]: Mixing inject.MixinBucketItem from architectury-common.mixins.json into net.minecraft.world.item.BucketItem
[23Jul2025 23:49:10.179] [main/DEBUG] [mixin/]: Mixing MobBucketItemAccessor from supplementaries.mixins.json into net.minecraft.world.item.MobBucketItem
[23Jul2025 23:49:10.182] [main/DEBUG] [mixin/]: Mixing item.wearable.anglershat.FishingRodItemMixin from mixins.artifacts.common.json into net.minecraft.world.item.FishingRodItem
[23Jul2025 23:49:10.185] [main/DEBUG] [mixin/]: Mixing InkSackMixin from supplementaries-common.mixins.json into net.minecraft.world.item.InkSacItem
[23Jul2025 23:49:10.188] [main/DEBUG] [mixin/]: Mixing BoneMealItemMixin from collective_forge.mixins.json into net.minecraft.world.item.BoneMealItem
[23Jul2025 23:49:10.191] [main/DEBUG] [net.minecraftforge.coremod.transformer.CoreModBaseTransformer/COREMOD]: Transforming m_7373_ with desc (Lnet/minecraft/world/item/ItemStack;Lnet/minecraft/world/level/Level;Ljava/util/List;Lnet/minecraft/world/item/TooltipFlag;)V
[23Jul2025 23:49:10.192] [main/DEBUG] [mixin/]: Mixing MapItemMixin from supplementaries-common.mixins.json into net.minecraft.world.item.MapItem
[23Jul2025 23:49:10.193] [main/DEBUG] [mixin/]: Renaming synthetic method lambda$updateCustomColor$3(Lorg/joml/Vector2i;)D to mdede484$lambda$updateCustomColor$3$0 in supplementaries-common.mixins.json:MapItemMixin
[23Jul2025 23:49:10.193] [main/DEBUG] [mixin/]: Renaming synthetic method lambda$updateCustomColor$2(Lorg/joml/Vector2i;)D to mdede484$lambda$updateCustomColor$2$1 in supplementaries-common.mixins.json:MapItemMixin
[23Jul2025 23:49:10.193] [main/DEBUG] [mixin/]: Renaming synthetic method lambda$removeXrayAndAddAccurateColor$1(Lnet/minecraft/core/BlockPos;Lorg/joml/Vector2i;)Lcom/mojang/datafixers/util/Pair; to mdede484$lambda$removeXrayAndAddAccurateColor$1$2 in supplementaries-common.mixins.json:MapItemMixin
[23Jul2025 23:49:10.193] [main/DEBUG] [mixin/]: Renaming synthetic method lambda$removeXrayAndAddAccurateColor$0(Lorg/joml/Vector2i;)Ljava/util/List; to mdede484$lambda$removeXrayAndAddAccurateColor$0$3 in supplementaries-common.mixins.json:MapItemMixin
[23Jul2025 23:49:10.205] [main/DEBUG] [mixin/]: Mixing MapItemMixin from moonlight-common.mixins.json into net.minecraft.world.item.MapItem
[23Jul2025 23:49:10.205] [main/DEBUG] [mixin/]: Renaming synthetic method lambda$update$1(Lnet/minecraft/world/level/saveddata/maps/MapItemSavedData;Lnet/minecraft/world/entity/Entity;Ljava/util/concurrent/atomic/AtomicBoolean;Lnet/minecraft/resources/ResourceLocation;Lnet/mehvahdjukaar/moonlight/api/map/CustomMapData;)V to mdede484$lambda$update$1$4 in moonlight-common.mixins.json:MapItemMixin
[23Jul2025 23:49:10.206] [main/DEBUG] [mixin/]: Renaming synthetic method lambda$appendHoverText$0(Lnet/minecraft/world/level/saveddata/maps/MapItemSavedData;Lnet/minecraft/world/item/ItemStack;Ljava/util/List;Lnet/minecraft/resources/ResourceLocation;Lnet/mehvahdjukaar/moonlight/api/map/CustomMapData;)V to mdede484$lambda$appendHoverText$0$5 in moonlight-common.mixins.json:MapItemMixin
[23Jul2025 23:49:10.225] [main/DEBUG] [mixin/]: Mixing ShearItemMixin from moonlight-common.mixins.json into net.minecraft.world.item.ShearsItem
[23Jul2025 23:49:10.226] [main/DEBUG] [mixin/]: Mixing MixinShearsItem from curios.mixins.json into net.minecraft.world.item.ShearsItem
[23Jul2025 23:49:10.230] [main/DEBUG] [mixin/]: Mixing EnderEyeItemMixin from endrem.mixins.json into net.minecraft.world.item.EnderEyeItem
[23Jul2025 23:49:10.237] [main/DEBUG] [net.minecraftforge.coremod.transformer.CoreModBaseTransformer/COREMOD]: Transforming m_7626_ with desc (Lnet/minecraft/world/item/ItemStack;)Lnet/minecraft/network/chat/Component;
[23Jul2025 23:49:10.252] [main/DEBUG] [mixin/]: Mixing CrossbowItemRopeMixin from supplementaries-common.mixins.json into net.minecraft.world.item.CrossbowItem
[23Jul2025 23:49:10.257] [main/DEBUG] [mixin/]: Mixing BannerPatternItemMixin from supplementaries-common.mixins.json into net.minecraft.world.item.BannerPatternItem
[23Jul2025 23:49:10.261] [main/DEBUG] [mixin/]: Mixing BrushItemMixin from supplementaries-common.mixins.json into net.minecraft.world.item.BrushItem
[23Jul2025 23:49:10.270] [main/DEBUG] [mixin/]: Mixing inject.MixinItemProperties from architectury-common.mixins.json into net.minecraft.world.item.Item$Properties
[23Jul2025 23:49:10.303] [main/DEBUG] [net.minecraftforge.coremod.transformer.CoreModBaseTransformer/COREMOD]: Transforming net/minecraft/server/level/ServerPlayer
[23Jul2025 23:49:10.304] [main/DEBUG] [mixin/]: Mixing ServerPlayerMixin from moonlight-common.mixins.json into net.minecraft.server.level.ServerPlayer
[23Jul2025 23:49:10.305] [main/DEBUG] [mixin/]: Mixing ServerPlayerMixin from rightclickharvest.mixins.json into net.minecraft.server.level.ServerPlayer
[23Jul2025 23:49:10.306] [main/DEBUG] [mixin/]: Mixing ServerPlayerMixin from playerrevive.mixins.json into net.minecraft.server.level.ServerPlayer
[23Jul2025 23:49:10.318] [main/DEBUG] [net.minecraftforge.coremod.transformer.CoreModBaseTransformer/COREMOD]: Transforming m_7088_ with desc ()Z
[23Jul2025 23:49:10.323] [main/DEBUG] [mixin/]: Mixing AbstractDecorationEntityMixin from bettervillage.mixins.json into net.minecraft.world.entity.decoration.HangingEntity
[23Jul2025 23:49:10.982] [main/DEBUG] [mixin/]: Mixing BeeGoalMixin from moonlight-common.mixins.json into net.minecraft.world.entity.animal.Bee$BeeGrowCropGoal
[23Jul2025 23:49:11.005] [main/DEBUG] [mixin/]: Mixing AbstractHorseMixin from supplementaries-common.mixins.json into net.minecraft.world.entity.animal.horse.AbstractHorse
[23Jul2025 23:49:11.027] [main/DEBUG] [mixin/]: Mixing CatSitOnBlockGoalMixin from supplementaries-common.mixins.json into net.minecraft.world.entity.ai.goal.CatSitOnBlockGoal
[23Jul2025 23:49:11.033] [main/DEBUG] [net.minecraftforge.coremod.transformer.CoreModBaseTransformer/COREMOD]: Transforming net/minecraft/world/entity/monster/Spider
[23Jul2025 23:49:11.051] [main/DEBUG] [mixin/]: Mixing SkeletonMixin from supplementaries-common.mixins.json into net.minecraft.world.entity.monster.Skeleton
[23Jul2025 23:49:11.064] [main/DEBUG] [mixin/]: Mixing AbstractSkeletonMixin from supplementaries-common.mixins.json into net.minecraft.world.entity.monster.AbstractSkeleton
[23Jul2025 23:49:11.084] [main/DEBUG] [mixin/]: Mixing CreeperMixin from supplementaries-common.mixins.json into net.minecraft.world.entity.monster.Creeper
[23Jul2025 23:49:11.100] [main/DEBUG] [net.minecraftforge.coremod.transformer.CoreModBaseTransformer/COREMOD]: Transforming net/minecraft/world/entity/monster/Zombie
[23Jul2025 23:49:11.158] [main/DEBUG] [net.minecraftforge.coremod.transformer.CoreModBaseTransformer/COREMOD]: Transforming net/minecraft/world/entity/monster/ZombieVillager
[23Jul2025 23:49:11.198] [main/DEBUG] [mixin/]: Mixing EndermanMixin from supplementaries-common.mixins.json into net.minecraft.world.entity.monster.EnderMan
[23Jul2025 23:49:11.205] [main/DEBUG] [mixin/]: Mixing EvokerMixin from supplementaries-common.mixins.json into net.minecraft.world.entity.monster.Evoker
[23Jul2025 23:49:11.217] [main/DEBUG] [net.minecraftforge.coremod.transformer.CoreModBaseTransformer/COREMOD]: Transforming net/minecraft/world/entity/monster/Evoker$EvokerSummonSpellGoal
[23Jul2025 23:49:11.227] [main/DEBUG] [mixin/]: Mixing FixBlockPlaceContextMixin from moonlight-common.mixins.json into net.minecraft.world.item.context.BlockPlaceContext
[23Jul2025 23:49:11.251] [main/DEBUG] [net.minecraftforge.coremod.transformer.CoreModBaseTransformer/COREMOD]: Transforming m_218868_ with desc ()Ljava/util/OptionalInt;
[23Jul2025 23:49:11.279] [main/DEBUG] [mixin/]: Mixing SlimeMixin from supplementaries-common.mixins.json into net.minecraft.world.entity.monster.Slime
[23Jul2025 23:49:11.317] [main/DEBUG] [mixin/]: Mixing ThrownPotionMixin from moonlight-common.mixins.json into net.minecraft.world.entity.projectile.ThrownPotion
[23Jul2025 23:49:11.323] [main/DEBUG] [mixin/]: Mixing RabbitsEatCabbageMixin from farmersdelight.mixins.json into net.minecraft.world.entity.animal.Rabbit
[23Jul2025 23:49:11.342] [main/DEBUG] [mixin/]: Mixing SkellyHorseMixin from supplementaries-common.mixins.json into net.minecraft.world.entity.animal.horse.SkeletonHorse
[23Jul2025 23:49:11.342] [main/DEBUG] [mixin/]: Renaming synthetic method lambda$tick$0(Ljava/lang/Integer;)V to mdede484$lambda$tick$0$0 in supplementaries-common.mixins.json:SkellyHorseMixin
[23Jul2025 23:49:11.351] [main/DEBUG] [net.minecraftforge.coremod.transformer.CoreModBaseTransformer/COREMOD]: Transforming net/minecraft/world/entity/animal/horse/SkeletonTrapGoal
[23Jul2025 23:49:11.365] [main/DEBUG] [mixin/]: Mixing StrayMixin from supplementaries-common.mixins.json into net.minecraft.world.entity.monster.Stray
[23Jul2025 23:49:11.370] [main/DEBUG] [net.minecraftforge.coremod.transformer.CoreModBaseTransformer/COREMOD]: Transforming net/minecraft/world/entity/monster/Strider
[23Jul2025 23:49:11.402] [main/DEBUG] [mixin/]: Mixing FriendlyByteBufMixin from supplementaries.mixins.json into net.minecraft.network.FriendlyByteBuf
[23Jul2025 23:49:11.431] [main/DEBUG] [mixin/]: Mixing ClayGolemSensorMixin from takesapillage.mixins.json into net.minecraft.world.entity.ai.sensing.GolemSensor
[23Jul2025 23:49:11.431] [main/DEBUG] [mixin/]: Renaming synthetic method lambda$checkForNearbyClayGolem$0(Lnet/minecraft/world/entity/LivingEntity;)Z to mdede484$lambda$checkForNearbyClayGolem$0$0 in takesapillage.mixins.json:ClayGolemSensorMixin
[23Jul2025 23:49:11.445] [main/DEBUG] [mixin/]: Mixing ChunkAccessMixin$Access from structure_gel.mixins.json into net.minecraft.world.level.chunk.ChunkAccess
[23Jul2025 23:49:11.449] [main/DEBUG] [net.minecraftforge.coremod.transformer.CoreModBaseTransformer/COREMOD]: Transforming net/minecraft/world/level/chunk/LevelChunk
[23Jul2025 23:49:11.449] [main/DEBUG] [mixin/]: Mixing LevelChunkMixin from moonlight-common.mixins.json into net.minecraft.world.level.chunk.LevelChunk
[23Jul2025 23:49:11.468] [main/DEBUG] [net.minecraftforge.coremod.transformer.CoreModBaseTransformer/COREMOD]: Transforming net/minecraft/world/entity/npc/Villager
[23Jul2025 23:49:11.519] [main/DEBUG] [mixin/]: Mixing item.wearable.villagerhat.VillagerMixin from mixins.artifacts.common.json into net.minecraft.world.entity.npc.Villager
[23Jul2025 23:49:11.520] [main/DEBUG] [mixin/]: Mixing VillagerMixin from moonlight-common.mixins.json into net.minecraft.world.entity.npc.Villager
[23Jul2025 23:49:11.535] [main/DEBUG] [mixin/]: Mixing WanderingTraderMixin from supplementaries-common.mixins.json into net.minecraft.world.entity.npc.WanderingTrader
[23Jul2025 23:49:11.550] [main/DEBUG] [mixin/]: Mixing ZombieHorseMixin from supplementaries-common.mixins.json into net.minecraft.world.entity.animal.horse.ZombieHorse
[23Jul2025 23:49:11.572] [main/DEBUG] [mixin/]: Mixing inject.MixinFoodPropertiesBuilder from architectury-common.mixins.json into net.minecraft.world.food.FoodProperties$Builder
[23Jul2025 23:49:11.574] [main/DEBUG] [net.minecraftforge.coremod.transformer.CoreModBaseTransformer/COREMOD]: Transforming net/minecraft/world/effect/MobEffectInstance
[23Jul2025 23:49:11.598] [main/DEBUG] [mixin/]: Mixing item.umbrella.server.ServerGamePacketListenerImplMixin from mixins.artifacts.common.json into net.minecraft.server.network.ServerGamePacketListenerImpl
[23Jul2025 23:49:11.598] [main/DEBUG] [mixin/]: Mixing ServerGamePacketListenerMixin from supplementaries-common.mixins.json into net.minecraft.server.network.ServerGamePacketListenerImpl
[23Jul2025 23:49:11.598] [main/DEBUG] [mixin/]: Renaming synthetic method lambda$addAntiqueInk$0(Ljava/util/function/UnaryOperator;Ljava/lang/String;)Ljava/lang/String; to mdede484$lambda$addAntiqueInk$0$0 in supplementaries-common.mixins.json:ServerGamePacketListenerMixin
[23Jul2025 23:49:11.602] [main/DEBUG] [mixin/]: Mixing swimming.server.ServerGamePacketListenerImplMixin from expandability-common.mixins.json into net.minecraft.server.network.ServerGamePacketListenerImpl
[23Jul2025 23:49:11.625] [main/DEBUG] [mixin/]: Mixing accessor.PotionBrewingForgeAccessor from puzzleslib.forge.mixins.json into net.minecraft.world.item.alchemy.PotionBrewing
[23Jul2025 23:49:11.626] [main/DEBUG] [mixin/]: Renaming @Accessor method puzzleslib$getPotionMixes()Ljava/util/List; to puzzleslib$getPotionMixes_$md$ede484$0 in puzzleslib.forge.mixins.json:accessor.PotionBrewingForgeAccessor
[23Jul2025 23:49:11.626] [main/DEBUG] [mixin/]: Renaming @Accessor method puzzleslib$getContainerMixes()Ljava/util/List; to puzzleslib$getContainerMixes_$md$ede484$1 in puzzleslib.forge.mixins.json:accessor.PotionBrewingForgeAccessor
[23Jul2025 23:49:11.626] [main/DEBUG] [mixin/]: Renaming @Accessor method puzzleslib$getAllowedContainers()Ljava/util/List; to puzzleslib$getAllowedContainers_$md$ede484$2 in puzzleslib.forge.mixins.json:accessor.PotionBrewingForgeAccessor
[23Jul2025 23:49:11.651] [main/DEBUG] [mixin/]: Mixing AbstractProjectileBehaviorAccessor from supplementaries-common.mixins.json into net.minecraft.core.dispenser.AbstractProjectileDispenseBehavior
[23Jul2025 23:49:11.695] [main/DEBUG] [mixin/]: Mixing structures.StructureProcessorAccessor from mvs-common.mixins.json into net.minecraft.world.level.levelgen.structure.templatesystem.StructureProcessor
[23Jul2025 23:49:11.721] [main/DEBUG] [mixin/]: Mixing structures.StructureTemplateManagerAccessor from mvs-common.mixins.json into net.minecraft.world.level.levelgen.structure.templatesystem.StructureTemplateManager
[23Jul2025 23:49:11.722] [main/DEBUG] [mixin/]: Mixing StructureTemplateManagerMixin from structure_gel.mixins.json into net.minecraft.world.level.levelgen.structure.templatesystem.StructureTemplateManager
[23Jul2025 23:49:11.731] [main/DEBUG] [mixin/]: Mixing ChunkGeneratorMixin from citadel.mixins.json into net.minecraft.world.level.chunk.ChunkGenerator
[23Jul2025 23:49:11.733] [main/DEBUG] [mixin/]: Mixing ChunkGeneratorMixin from structure_gel.mixins.json into net.minecraft.world.level.chunk.ChunkGenerator
[23Jul2025 23:49:11.733] [main/DEBUG] [mixin/]: Renaming synthetic method lambda$stopIfNotInDimension$0(Lnet/minecraft/resources/ResourceKey;Ljava/util/Optional;)Z to mdede484$lambda$stopIfNotInDimension$0$0 in structure_gel.mixins.json:ChunkGeneratorMixin
[23Jul2025 23:49:11.777] [main/DEBUG] [mixin/]: Mixing MixinInventory from curios.mixins.json into net.minecraft.world.entity.player.Inventory
[23Jul2025 23:49:11.777] [main/DEBUG] [mixin/]: Mixing InventoryMixin from carryon.mixins.json into net.minecraft.world.entity.player.Inventory
[23Jul2025 23:49:11.778] [main/DEBUG] [mixin/]: Mixing InventoryMixin from moonlight-common.mixins.json into net.minecraft.world.entity.player.Inventory
[23Jul2025 23:49:11.790] [main/DEBUG] [mixin/]: Mixing accessor.SimpleContainerAccessor from puzzleslib.common.mixins.json into net.minecraft.world.SimpleContainer
[23Jul2025 23:49:11.792] [main/DEBUG] [mixin/]: Mixing SlotAccessor from balm.mixins.json into net.minecraft.world.inventory.Slot
[23Jul2025 23:49:11.800] [main/DEBUG] [mixin/]: Mixing GrindstoneInputSlotMixin from supplementaries-common.mixins.json into net.minecraft.world.inventory.GrindstoneMenu$2
[23Jul2025 23:49:11.803] [main/DEBUG] [mixin/]: Mixing GrindstoneTestSlotMixin from supplementaries-common.mixins.json into net.minecraft.world.inventory.GrindstoneMenu$4
[23Jul2025 23:49:11.803] [main/DEBUG] [mixin/]: Mixing GrindstoneMenuSlotMixin from moonlight-common.mixins.json into net.minecraft.world.inventory.GrindstoneMenu$4
[23Jul2025 23:49:11.807] [main/DEBUG] [mixin/]: Mixing LoomInputSlotMixin from supplementaries-common.mixins.json into net.minecraft.world.inventory.LoomMenu$3
[23Jul2025 23:49:11.813] [main/DEBUG] [mixin/]: Mixing CartographyTableInputSlotMixin from supplementaries-common.mixins.json into net.minecraft.world.inventory.CartographyTableMenu$4
[23Jul2025 23:49:11.822] [main/DEBUG] [mixin/]: Mixing MapExtendingRecipeMixin from moonlight-common.mixins.json into net.minecraft.world.item.crafting.MapExtendingRecipe
[23Jul2025 23:49:11.906] [main/DEBUG] [mixin/]: Mixing ExplorationMapSerializerMixin from supplementaries-common.mixins.json into net.minecraft.world.level.storage.loot.functions.ExplorationMapFunction$Serializer
[23Jul2025 23:49:11.912] [main/DEBUG] [mixin/]: Mixing ExplorationMapFunctionMixin from supplementaries-common.mixins.json into net.minecraft.world.level.storage.loot.functions.ExplorationMapFunction
[23Jul2025 23:49:11.923] [main/DEBUG] [mixin/]: Mixing MixinApplyBonusCount from curios.mixins.json into net.minecraft.world.level.storage.loot.functions.ApplyBonusCount
[23Jul2025 23:49:12.030] [main/DEBUG] [mixin/]: Mixing gen.NoLakesInStructuresMixin from iceandfire.mixins.json into net.minecraft.world.level.levelgen.feature.LakeFeature
[23Jul2025 23:49:12.031] [main/DEBUG] [net.minecraftforge.coremod.transformer.CoreModBaseTransformer/COREMOD]: Transforming m_226857_ with desc (Lnet/minecraft/world/level/levelgen/structure/pieces/StructurePieceSerializationContext;Lnet/minecraft/nbt/CompoundTag;J)Lnet/minecraft/world/level/levelgen/structure/StructureStart;
[23Jul2025 23:49:12.038] [main/DEBUG] [mixin/]: Mixing LakeFeatureMixin from structure_gel.mixins.json into net.minecraft.world.level.levelgen.feature.LakeFeature
[23Jul2025 23:49:12.144] [main/DEBUG] [mixin/]: Mixing StructureSetMixin from bettervillage.mixins.json into net.minecraft.world.level.levelgen.structure.StructureSet
[23Jul2025 23:49:12.145] [main/DEBUG] [mixin/]: Renaming synthetic method lambda$onCreateStructureSet$1(Lnet/minecraft/world/level/levelgen/structure/StructureSet$StructureSelectionEntry;)Z to mdede484$lambda$onCreateStructureSet$1$0 in bettervillage.mixins.json:StructureSetMixin
[23Jul2025 23:49:12.145] [main/DEBUG] [mixin/]: Renaming synthetic method lambda$onCreateStructureSet$0(Lnet/minecraft/resources/ResourceKey;)Ljava/lang/Boolean; to mdede484$lambda$onCreateStructureSet$0$1 in bettervillage.mixins.json:StructureSetMixin
[23Jul2025 23:49:12.150] [main/DEBUG] [net.minecraftforge.coremod.transformer.CoreModBaseTransformer/COREMOD]: Transforming net/minecraft/world/level/levelgen/structure/Structure
[23Jul2025 23:49:12.150] [main/DEBUG] [mixin/]: Mixing StructureMixin from structure_gel.mixins.json into net.minecraft.world.level.levelgen.structure.Structure
[23Jul2025 23:49:12.167] [main/DEBUG] [mixin/]: Mixing StructurePieceMixin from tectonic.mixins.json into net.minecraft.world.level.levelgen.structure.StructurePiece
[23Jul2025 23:49:12.170] [main/DEBUG] [mixin/]: Mixing structures.StructurePieceAccessor from mvs-common.mixins.json into net.minecraft.world.level.levelgen.structure.StructurePiece
[23Jul2025 23:49:12.175] [main/DEBUG] [mixin/]: Mixing MineshaftCorridorMixin from supplementaries-common.mixins.json into net.minecraft.world.level.levelgen.structure.structures.MineshaftPieces$MineShaftCorridor
[23Jul2025 23:49:12.197] [main/DEBUG] [mixin/]: Mixing StrongholdCrossingSconceMixin from supplementaries-common.mixins.json into net.minecraft.world.level.levelgen.structure.structures.StrongholdPieces$FiveCrossing
[23Jul2025 23:49:12.202] [main/DEBUG] [mixin/]: Mixing StrongholdPiecesMixin from endrem.mixins.json into net.minecraft.world.level.levelgen.structure.structures.StrongholdPieces$PortalRoom
[23Jul2025 23:49:12.205] [main/DEBUG] [mixin/]: Mixing StrongholdRoomSconceMixin from supplementaries-common.mixins.json into net.minecraft.world.level.levelgen.structure.structures.StrongholdPieces$RoomCrossing
[23Jul2025 23:49:12.213] [main/DEBUG] [net.minecraftforge.coremod.transformer.CoreModBaseTransformer/COREMOD]: Transforming net/minecraft/world/level/levelgen/structure/structures/OceanRuinPieces$OceanRuinPiece
[23Jul2025 23:49:12.226] [main/DEBUG] [mixin/]: Mixing TemplateStructurePieceMixin from structure_gel.mixins.json into net.minecraft.world.level.levelgen.structure.TemplateStructurePiece
[23Jul2025 23:49:12.233] [main/DEBUG] [net.minecraftforge.coremod.transformer.CoreModBaseTransformer/COREMOD]: Transforming net/minecraft/world/level/levelgen/structure/structures/SwampHutPiece
[23Jul2025 23:49:12.246] [main/DEBUG] [net.minecraftforge.coremod.transformer.CoreModBaseTransformer/COREMOD]: Transforming net/minecraft/world/level/levelgen/structure/structures/OceanMonumentPieces$OceanMonumentPiece
[23Jul2025 23:49:12.267] [main/DEBUG] [net.minecraftforge.coremod.transformer.CoreModBaseTransformer/COREMOD]: Transforming net/minecraft/world/level/levelgen/structure/structures/WoodlandMansionPieces$WoodlandMansionPiece
[23Jul2025 23:49:12.280] [main/DEBUG] [mixin/]: Mixing structures.PoolElementStructurePieceAccessor from mvs-common.mixins.json into net.minecraft.world.level.levelgen.structure.PoolElementStructurePiece
[23Jul2025 23:49:12.280] [main/DEBUG] [mixin/]: Mixing PoolElementStructurePieceMixin from structure_gel.mixins.json into net.minecraft.world.level.levelgen.structure.PoolElementStructurePiece
[23Jul2025 23:49:12.296] [main/DEBUG] [mixin/]: Mixing StructureTemplatePoolAccessor from waystones.mixins.json into net.minecraft.world.level.levelgen.structure.pools.StructureTemplatePool
[23Jul2025 23:49:12.296] [main/DEBUG] [mixin/]: Mixing structures.StructurePoolAccessor from mvs-common.mixins.json into net.minecraft.world.level.levelgen.structure.pools.StructureTemplatePool
[23Jul2025 23:49:12.296] [main/DEBUG] [mixin/]: Renaming @Accessor method getCODEC_REFERENCE()Lorg/apache/commons/lang3/mutable/MutableObject; to getCODEC_REFERENCE_$md$ede484$0 in mvs-common.mixins.json:structures.StructurePoolAccessor
[23Jul2025 23:49:12.365] [main/DEBUG] [net.minecraftforge.coremod.transformer.CoreModBaseTransformer/COREMOD]: Transforming net/minecraft/world/level/biome/Biome
[23Jul2025 23:49:12.366] [main/DEBUG] [mixin/]: Mixing BiomeMixin from tectonic.mixins.json into net.minecraft.world.level.biome.Biome
[23Jul2025 23:49:12.375] [main/DEBUG] [mixin/]: Mixing TemperatureModifierMixin from tectonic.mixins.json into net.minecraft.world.level.biome.Biome$TemperatureModifier$2
[23Jul2025 23:49:12.390] [main/DEBUG] [mixin/]: Mixing accessor.MobSpawnSettingsBuilderForgeAccessor from puzzleslib.forge.mixins.json into net.minecraft.world.level.biome.MobSpawnSettings$Builder
[23Jul2025 23:49:12.416] [main/DEBUG] [mixin/]: Mixing NoiseBasedChunkGeneratorMixin from citadel.mixins.json into net.minecraft.world.level.levelgen.NoiseBasedChunkGenerator
[23Jul2025 23:49:12.498] [main/DEBUG] [mixin/]: Mixing SinglePoolElementMixin from waystones.mixins.json into net.minecraft.world.level.levelgen.structure.pools.SinglePoolElement
[23Jul2025 23:49:12.499] [main/DEBUG] [mixin/]: Renaming synthetic method lambda$waystones$isWaystone$1(Lnet/minecraft/world/level/levelgen/structure/templatesystem/StructureTemplate;)V to mdede484$lambda$waystones$isWaystone$1$0 in waystones.mixins.json:SinglePoolElementMixin
[23Jul2025 23:49:12.499] [main/DEBUG] [mixin/]: Renaming synthetic method lambda$waystones$isWaystone$0(Lnet/minecraft/resources/ResourceLocation;)V to mdede484$lambda$waystones$isWaystone$0$1 in waystones.mixins.json:SinglePoolElementMixin
[23Jul2025 23:49:12.502] [main/DEBUG] [mixin/]: Mixing structures.SinglePoolElementAccessor from mvs-common.mixins.json into net.minecraft.world.level.levelgen.structure.pools.SinglePoolElement
[23Jul2025 23:49:12.502] [main/DEBUG] [mixin/]: Mixing SinglePoolElementMixin from structure_gel.mixins.json into net.minecraft.world.level.levelgen.structure.pools.SinglePoolElement
[23Jul2025 23:49:12.511] [main/DEBUG] [mixin/]: Mixing structures.ListPoolElementAccessor from mvs-common.mixins.json into net.minecraft.world.level.levelgen.structure.pools.ListPoolElement
[23Jul2025 23:49:12.598] [main/DEBUG] [io.netty.util.internal.PlatformDependent0/]: -Dio.netty.noUnsafe: false
[23Jul2025 23:49:12.598] [main/DEBUG] [io.netty.util.internal.PlatformDependent0/]: Java version: 17
[23Jul2025 23:49:12.599] [main/DEBUG] [io.netty.util.internal.PlatformDependent0/]: sun.misc.Unsafe.theUnsafe: available
[23Jul2025 23:49:12.599] [main/DEBUG] [io.netty.util.internal.PlatformDependent0/]: sun.misc.Unsafe.copyMemory: available
[23Jul2025 23:49:12.599] [main/DEBUG] [io.netty.util.internal.PlatformDependent0/]: sun.misc.Unsafe.storeFence: available
[23Jul2025 23:49:12.600] [main/DEBUG] [io.netty.util.internal.PlatformDependent0/]: java.nio.Buffer.address: available
[23Jul2025 23:49:12.600] [main/DEBUG] [io.netty.util.internal.PlatformDependent0/]: direct buffer constructor: unavailable
java.lang.UnsupportedOperationException: Reflective setAccessible(true) disabled
	at io.netty.util.internal.ReflectionUtil.trySetAccessible(ReflectionUtil.java:31) ~[netty-common-4.1.82.Final.jar%2382!/:4.1.82.Final]
	at io.netty.util.internal.PlatformDependent0$5.run(PlatformDependent0.java:288) ~[netty-common-4.1.82.Final.jar%2382!/:4.1.82.Final]
	at java.security.AccessController.doPrivileged(AccessController.java:318) ~[?:?]
	at io.netty.util.internal.PlatformDependent0.<clinit>(PlatformDependent0.java:282) ~[netty-common-4.1.82.Final.jar%2382!/:4.1.82.Final]
	at io.netty.util.internal.PlatformDependent.isAndroid(PlatformDependent.java:333) ~[netty-common-4.1.82.Final.jar%2382!/:4.1.82.Final]
	at io.netty.util.internal.PlatformDependent.<clinit>(PlatformDependent.java:88) ~[netty-common-4.1.82.Final.jar%2382!/:4.1.82.Final]
	at io.netty.util.ConstantPool.<init>(ConstantPool.java:34) ~[netty-common-4.1.82.Final.jar%2382!/:4.1.82.Final]
	at io.netty.util.AttributeKey$1.<init>(AttributeKey.java:27) ~[netty-common-4.1.82.Final.jar%2382!/:4.1.82.Final]
	at io.netty.util.AttributeKey.<clinit>(AttributeKey.java:27) ~[netty-common-4.1.82.Final.jar%2382!/:4.1.82.Final]
	at net.minecraftforge.network.NetworkConstants.<clinit>(NetworkConstants.java:34) ~[forge-1.20.1-47.4.0-universal.jar%23198!/:?]
	at net.minecraftforge.network.NetworkHooks.init(NetworkHooks.java:52) ~[forge-1.20.1-47.4.0-universal.jar%23198!/:?]
	at net.minecraft.server.Bootstrap.m_135870_(Bootstrap.java:62) ~[server-1.20.1-20230612.114412-srg.jar%23193!/:?]
	at net.minecraft.server.Main.main(Main.java:121) ~[server-1.20.1-20230612.114412-srg.jar%23193!/:?]
	at jdk.internal.reflect.NativeMethodAccessorImpl.invoke0(Native Method) ~[?:?]
	at jdk.internal.reflect.NativeMethodAccessorImpl.invoke(NativeMethodAccessorImpl.java:77) ~[?:?]
	at jdk.internal.reflect.DelegatingMethodAccessorImpl.invoke(DelegatingMethodAccessorImpl.java:43) ~[?:?]
	at java.lang.reflect.Method.invoke(Method.java:569) ~[?:?]
	at net.minecraftforge.fml.loading.targets.CommonLaunchHandler.runTarget(CommonLaunchHandler.java:111) ~[fmlloader-1.20.1-47.4.0.jar%2369!/:?]
	at net.minecraftforge.fml.loading.targets.CommonLaunchHandler.serverService(CommonLaunchHandler.java:103) ~[fmlloader-1.20.1-47.4.0.jar%2369!/:?]
	at net.minecraftforge.fml.loading.targets.CommonServerLaunchHandler.lambda$makeService$0(CommonServerLaunchHandler.java:27) ~[fmlloader-1.20.1-47.4.0.jar%2369!/:?]
	at cpw.mods.modlauncher.LaunchServiceHandlerDecorator.launch(LaunchServiceHandlerDecorator.java:30) ~[modlauncher-10.0.9.jar%2355!/:?]
	at cpw.mods.modlauncher.LaunchServiceHandler.launch(LaunchServiceHandler.java:53) ~[modlauncher-10.0.9.jar%2355!/:?]
	at cpw.mods.modlauncher.LaunchServiceHandler.launch(LaunchServiceHandler.java:71) ~[modlauncher-10.0.9.jar%2355!/:?]
	at cpw.mods.modlauncher.Launcher.run(Launcher.java:108) ~[modlauncher-10.0.9.jar%2355!/:?]
	at cpw.mods.modlauncher.Launcher.main(Launcher.java:78) ~[modlauncher-10.0.9.jar%2355!/:?]
	at cpw.mods.modlauncher.BootstrapLaunchConsumer.accept(BootstrapLaunchConsumer.java:26) ~[modlauncher-10.0.9.jar%2355!/:?]
	at cpw.mods.modlauncher.BootstrapLaunchConsumer.accept(BootstrapLaunchConsumer.java:23) ~[modlauncher-10.0.9.jar%2355!/:?]
	at cpw.mods.bootstraplauncher.BootstrapLauncher.main(BootstrapLauncher.java:141) ~[bootstraplauncher-1.1.2.jar:?]
[23Jul2025 23:49:12.601] [main/DEBUG] [io.netty.util.internal.PlatformDependent0/]: java.nio.Bits.unaligned: available, true
[23Jul2025 23:49:12.601] [main/DEBUG] [io.netty.util.internal.PlatformDependent0/]: jdk.internal.misc.Unsafe.allocateUninitializedArray(int): unavailable
java.lang.IllegalAccessException: class io.netty.util.internal.PlatformDependent0$7 (in module io.netty.common) cannot access class jdk.internal.misc.Unsafe (in module java.base) because module java.base does not export jdk.internal.misc to module io.netty.common
	at jdk.internal.reflect.Reflection.newIllegalAccessException(Reflection.java:392) ~[?:?]
	at java.lang.reflect.AccessibleObject.checkAccess(AccessibleObject.java:674) ~[?:?]
	at java.lang.reflect.Method.invoke(Method.java:561) ~[?:?]
	at io.netty.util.internal.PlatformDependent0$7.run(PlatformDependent0.java:410) ~[netty-common-4.1.82.Final.jar%2382!/:4.1.82.Final]
	at java.security.AccessController.doPrivileged(AccessController.java:318) ~[?:?]
	at io.netty.util.internal.PlatformDependent0.<clinit>(PlatformDependent0.java:401) ~[netty-common-4.1.82.Final.jar%2382!/:4.1.82.Final]
	at io.netty.util.internal.PlatformDependent.isAndroid(PlatformDependent.java:333) ~[netty-common-4.1.82.Final.jar%2382!/:4.1.82.Final]
	at io.netty.util.internal.PlatformDependent.<clinit>(PlatformDependent.java:88) ~[netty-common-4.1.82.Final.jar%2382!/:4.1.82.Final]
	at io.netty.util.ConstantPool.<init>(ConstantPool.java:34) ~[netty-common-4.1.82.Final.jar%2382!/:4.1.82.Final]
	at io.netty.util.AttributeKey$1.<init>(AttributeKey.java:27) ~[netty-common-4.1.82.Final.jar%2382!/:4.1.82.Final]
	at io.netty.util.AttributeKey.<clinit>(AttributeKey.java:27) ~[netty-common-4.1.82.Final.jar%2382!/:4.1.82.Final]
	at net.minecraftforge.network.NetworkConstants.<clinit>(NetworkConstants.java:34) ~[forge-1.20.1-47.4.0-universal.jar%23198!/:?]
	at net.minecraftforge.network.NetworkHooks.init(NetworkHooks.java:52) ~[forge-1.20.1-47.4.0-universal.jar%23198!/:?]
	at net.minecraft.server.Bootstrap.m_135870_(Bootstrap.java:62) ~[server-1.20.1-20230612.114412-srg.jar%23193!/:?]
	at net.minecraft.server.Main.main(Main.java:121) ~[server-1.20.1-20230612.114412-srg.jar%23193!/:?]
	at jdk.internal.reflect.NativeMethodAccessorImpl.invoke0(Native Method) ~[?:?]
	at jdk.internal.reflect.NativeMethodAccessorImpl.invoke(NativeMethodAccessorImpl.java:77) ~[?:?]
	at jdk.internal.reflect.DelegatingMethodAccessorImpl.invoke(DelegatingMethodAccessorImpl.java:43) ~[?:?]
	at java.lang.reflect.Method.invoke(Method.java:569) ~[?:?]
	at net.minecraftforge.fml.loading.targets.CommonLaunchHandler.runTarget(CommonLaunchHandler.java:111) ~[fmlloader-1.20.1-47.4.0.jar%2369!/:?]
	at net.minecraftforge.fml.loading.targets.CommonLaunchHandler.serverService(CommonLaunchHandler.java:103) ~[fmlloader-1.20.1-47.4.0.jar%2369!/:?]
	at net.minecraftforge.fml.loading.targets.CommonServerLaunchHandler.lambda$makeService$0(CommonServerLaunchHandler.java:27) ~[fmlloader-1.20.1-47.4.0.jar%2369!/:?]
	at cpw.mods.modlauncher.LaunchServiceHandlerDecorator.launch(LaunchServiceHandlerDecorator.java:30) ~[modlauncher-10.0.9.jar%2355!/:?]
	at cpw.mods.modlauncher.LaunchServiceHandler.launch(LaunchServiceHandler.java:53) ~[modlauncher-10.0.9.jar%2355!/:?]
	at cpw.mods.modlauncher.LaunchServiceHandler.launch(LaunchServiceHandler.java:71) ~[modlauncher-10.0.9.jar%2355!/:?]
	at cpw.mods.modlauncher.Launcher.run(Launcher.java:108) ~[modlauncher-10.0.9.jar%2355!/:?]
	at cpw.mods.modlauncher.Launcher.main(Launcher.java:78) ~[modlauncher-10.0.9.jar%2355!/:?]
	at cpw.mods.modlauncher.BootstrapLaunchConsumer.accept(BootstrapLaunchConsumer.java:26) ~[modlauncher-10.0.9.jar%2355!/:?]
	at cpw.mods.modlauncher.BootstrapLaunchConsumer.accept(BootstrapLaunchConsumer.java:23) ~[modlauncher-10.0.9.jar%2355!/:?]
	at cpw.mods.bootstraplauncher.BootstrapLauncher.main(BootstrapLauncher.java:141) ~[bootstraplauncher-1.1.2.jar:?]
[23Jul2025 23:49:12.602] [main/DEBUG] [io.netty.util.internal.PlatformDependent0/]: java.nio.DirectByteBuffer.<init>(long, int): unavailable
[23Jul2025 23:49:12.602] [main/DEBUG] [io.netty.util.internal.PlatformDependent/]: sun.misc.Unsafe: available
[23Jul2025 23:49:12.603] [main/DEBUG] [io.netty.util.internal.PlatformDependent/]: maxDirectMemory: 12884901888 bytes (maybe)
[23Jul2025 23:49:12.603] [main/DEBUG] [io.netty.util.internal.PlatformDependent/]: -Dio.netty.tmpdir: /tmp (java.io.tmpdir)
[23Jul2025 23:49:12.603] [main/DEBUG] [io.netty.util.internal.PlatformDependent/]: -Dio.netty.bitMode: 64 (sun.arch.data.model)
[23Jul2025 23:49:12.603] [main/DEBUG] [io.netty.util.internal.PlatformDependent/]: -Dio.netty.maxDirectMemory: -1 bytes
[23Jul2025 23:49:12.604] [main/DEBUG] [io.netty.util.internal.PlatformDependent/]: -Dio.netty.uninitializedArrayAllocationThreshold: -1
[23Jul2025 23:49:12.604] [main/DEBUG] [io.netty.util.internal.CleanerJava9/]: java.nio.ByteBuffer.cleaner(): available
[23Jul2025 23:49:12.604] [main/DEBUG] [io.netty.util.internal.PlatformDependent/]: -Dio.netty.noPreferDirect: false
[23Jul2025 23:49:12.661] [main/DEBUG] [net.minecraftforge.network.NetworkHooks/]: Loading Network data for FML net version: FML3
[23Jul2025 23:49:12.682] [main/DEBUG] [net.minecraftforge.common.ForgeI18n/CORE]: Loading I18N data entries: 6434
[23Jul2025 23:49:12.697] [main/DEBUG] [net.minecraftforge.fml.ModWorkManager/LOADING]: Using 4 threads for parallel mod-loading
[23Jul2025 23:49:12.701] [main/DEBUG] [net.minecraftforge.fml.javafmlmod.FMLJavaModLanguageProvider/LOADING]: Loading FMLModContainer from classloader cpw.mods.modlauncher.TransformingClassLoader@15d114ce - got cpw.mods.cl.ModuleClassLoader@878537d
[23Jul2025 23:49:12.702] [main/DEBUG] [net.minecraftforge.fml.javafmlmod.FMLModContainer/LOADING]: Creating FMLModContainer instance for net.blay09.mods.kuma.forge.ForgeKumaAPI
[23Jul2025 23:49:12.704] [main/DEBUG] [net.minecraftforge.fml.javafmlmod.FMLJavaModLanguageProvider/LOADING]: Loading FMLModContainer from classloader cpw.mods.modlauncher.TransformingClassLoader@15d114ce - got cpw.mods.cl.ModuleClassLoader@878537d
[23Jul2025 23:49:12.704] [main/DEBUG] [net.minecraftforge.fml.javafmlmod.FMLModContainer/LOADING]: Creating FMLModContainer instance for fuzs.easymagic.EasyMagicForge
[23Jul2025 23:49:12.704] [main/DEBUG] [net.minecraftforge.fml.javafmlmod.FMLJavaModLanguageProvider/LOADING]: Loading FMLModContainer from classloader cpw.mods.modlauncher.TransformingClassLoader@15d114ce - got cpw.mods.cl.ModuleClassLoader@878537d
[23Jul2025 23:49:12.704] [main/DEBUG] [net.minecraftforge.fml.javafmlmod.FMLModContainer/LOADING]: Creating FMLModContainer instance for mezz.jei.forge.JustEnoughItems
[23Jul2025 23:49:12.705] [main/DEBUG] [net.minecraftforge.fml.javafmlmod.FMLJavaModLanguageProvider/LOADING]: Loading FMLModContainer from classloader cpw.mods.modlauncher.TransformingClassLoader@15d114ce - got cpw.mods.cl.ModuleClassLoader@878537d
[23Jul2025 23:49:12.705] [main/DEBUG] [net.minecraftforge.fml.javafmlmod.FMLModContainer/LOADING]: Creating FMLModContainer instance for com.jtorleonstudios.libraryferret.LibraryFerret
[23Jul2025 23:49:12.706] [main/DEBUG] [net.minecraftforge.fml.javafmlmod.FMLJavaModLanguageProvider/LOADING]: Loading FMLModContainer from classloader cpw.mods.modlauncher.TransformingClassLoader@15d114ce - got cpw.mods.cl.ModuleClassLoader@878537d
[23Jul2025 23:49:12.706] [main/DEBUG] [net.minecraftforge.fml.javafmlmod.FMLModContainer/LOADING]: Creating FMLModContainer instance for com.mcwwindows.kikoz.MacawsWindows
[23Jul2025 23:49:12.706] [main/DEBUG] [net.minecraftforge.fml.lowcodemod.LowCodeModLanguageProvider.LowCodeModTarget/LOADING]: Loading LowCodeModContainer from classloader cpw.mods.modlauncher.TransformingClassLoader@15d114ce - got cpw.mods.cl.ModuleClassLoader@878537d
[23Jul2025 23:49:12.707] [main/DEBUG] [net.minecraftforge.fml.lowcodemod.LowCodeModContainer/LOADING]: Creating LowCodeModContainer for incendium
[23Jul2025 23:49:12.707] [main/DEBUG] [net.minecraftforge.fml.javafmlmod.FMLJavaModLanguageProvider/LOADING]: Loading FMLModContainer from classloader cpw.mods.modlauncher.TransformingClassLoader@15d114ce - got cpw.mods.cl.ModuleClassLoader@878537d
[23Jul2025 23:49:12.707] [main/DEBUG] [net.minecraftforge.fml.javafmlmod.FMLModContainer/LOADING]: Creating FMLModContainer instance for net.p3pp3rf1y.sophisticatedcore.SophisticatedCore
[23Jul2025 23:49:12.707] [main/DEBUG] [net.minecraftforge.fml.javafmlmod.FMLJavaModLanguageProvider/LOADING]: Loading FMLModContainer from classloader cpw.mods.modlauncher.TransformingClassLoader@15d114ce - got cpw.mods.cl.ModuleClassLoader@878537d
[23Jul2025 23:49:12.707] [main/DEBUG] [net.minecraftforge.fml.javafmlmod.FMLModContainer/LOADING]: Creating FMLModContainer instance for net.blay09.mods.waystones.ForgeWaystones
[23Jul2025 23:49:12.708] [main/DEBUG] [net.minecraftforge.fml.javafmlmod.FMLJavaModLanguageProvider/LOADING]: Loading FMLModContainer from classloader cpw.mods.modlauncher.TransformingClassLoader@15d114ce - got cpw.mods.cl.ModuleClassLoader@878537d
[23Jul2025 23:49:12.708] [main/DEBUG] [net.minecraftforge.fml.javafmlmod.FMLModContainer/LOADING]: Creating FMLModContainer instance for com.natamus.villagernames.ModForge
[23Jul2025 23:49:12.708] [main/DEBUG] [net.minecraftforge.fml.javafmlmod.FMLJavaModLanguageProvider/LOADING]: Loading FMLModContainer from classloader cpw.mods.modlauncher.TransformingClassLoader@15d114ce - got cpw.mods.cl.ModuleClassLoader@878537d
[23Jul2025 23:49:12.708] [main/DEBUG] [net.minecraftforge.fml.javafmlmod.FMLModContainer/LOADING]: Creating FMLModContainer instance for de.cheaterpaul.fallingleaves.FallingLeavesMod
[23Jul2025 23:49:12.709] [main/DEBUG] [net.minecraftforge.fml.javafmlmod.FMLJavaModLanguageProvider/LOADING]: Loading FMLModContainer from classloader cpw.mods.modlauncher.TransformingClassLoader@15d114ce - got cpw.mods.cl.ModuleClassLoader@878537d
[23Jul2025 23:49:12.709] [main/DEBUG] [net.minecraftforge.fml.javafmlmod.FMLModContainer/LOADING]: Creating FMLModContainer instance for com.github.alexthe666.citadel.Citadel
[23Jul2025 23:49:12.710] [main/DEBUG] [net.minecraftforge.fml.javafmlmod.FMLJavaModLanguageProvider/LOADING]: Loading FMLModContainer from classloader cpw.mods.modlauncher.TransformingClassLoader@15d114ce - got cpw.mods.cl.ModuleClassLoader@878537d
[23Jul2025 23:49:12.710] [main/DEBUG] [net.minecraftforge.fml.javafmlmod.FMLModContainer/LOADING]: Creating FMLModContainer instance for artifacts.forge.ArtifactsForge
[23Jul2025 23:49:12.711] [main/DEBUG] [net.minecraftforge.fml.javafmlmod.FMLJavaModLanguageProvider/LOADING]: Loading FMLModContainer from classloader cpw.mods.modlauncher.TransformingClassLoader@15d114ce - got cpw.mods.cl.ModuleClassLoader@878537d
[23Jul2025 23:49:12.711] [main/DEBUG] [net.minecraftforge.fml.javafmlmod.FMLModContainer/LOADING]: Creating FMLModContainer instance for com.llamalad7.mixinextras.platform.forge.MixinExtrasMod
[23Jul2025 23:49:12.711] [main/DEBUG] [net.minecraftforge.fml.javafmlmod.FMLJavaModLanguageProvider/LOADING]: Loading FMLModContainer from classloader cpw.mods.modlauncher.TransformingClassLoader@15d114ce - got cpw.mods.cl.ModuleClassLoader@878537d
[23Jul2025 23:49:12.712] [main/DEBUG] [net.minecraftforge.fml.javafmlmod.FMLModContainer/LOADING]: Creating FMLModContainer instance for net.p3pp3rf1y.sophisticatedbackpacks.SophisticatedBackpacks
[23Jul2025 23:49:12.712] [main/DEBUG] [net.minecraftforge.fml.javafmlmod.FMLJavaModLanguageProvider/LOADING]: Loading FMLModContainer from classloader cpw.mods.modlauncher.TransformingClassLoader@15d114ce - got cpw.mods.cl.ModuleClassLoader@878537d
[23Jul2025 23:49:12.712] [main/DEBUG] [net.minecraftforge.fml.javafmlmod.FMLModContainer/LOADING]: Creating FMLModContainer instance for com.izofar.takesapillage.TakesAPillageMod
[23Jul2025 23:49:12.713] [main/DEBUG] [net.minecraftforge.fml.javafmlmod.FMLJavaModLanguageProvider/LOADING]: Loading FMLModContainer from classloader cpw.mods.modlauncher.TransformingClassLoader@15d114ce - got cpw.mods.cl.ModuleClassLoader@878537d
[23Jul2025 23:49:12.713] [main/DEBUG] [net.minecraftforge.fml.javafmlmod.FMLModContainer/LOADING]: Creating FMLModContainer instance for com.github.alexthe666.iceandfire.IceAndFire
[23Jul2025 23:49:12.714] [main/DEBUG] [net.minecraftforge.fml.javafmlmod.FMLJavaModLanguageProvider/LOADING]: Loading FMLModContainer from classloader cpw.mods.modlauncher.TransformingClassLoader@15d114ce - got cpw.mods.cl.ModuleClassLoader@878537d
[23Jul2025 23:49:12.715] [main/DEBUG] [net.minecraftforge.fml.javafmlmod.FMLModContainer/LOADING]: Creating FMLModContainer instance for net.blay09.mods.balm.forge.ForgeBalm
[23Jul2025 23:49:12.715] [main/DEBUG] [net.minecraftforge.fml.javafmlmod.FMLJavaModLanguageProvider/LOADING]: Loading FMLModContainer from classloader cpw.mods.modlauncher.TransformingClassLoader@15d114ce - got cpw.mods.cl.ModuleClassLoader@878537d
[23Jul2025 23:49:12.715] [main/DEBUG] [net.minecraftforge.fml.javafmlmod.FMLModContainer/LOADING]: Creating FMLModContainer instance for tschipp.carryon.CarryOnForge
[23Jul2025 23:49:12.716] [main/DEBUG] [net.minecraftforge.fml.javafmlmod.FMLJavaModLanguageProvider/LOADING]: Loading FMLModContainer from classloader cpw.mods.modlauncher.TransformingClassLoader@15d114ce - got cpw.mods.cl.ModuleClassLoader@878537d
[23Jul2025 23:49:12.716] [main/DEBUG] [net.minecraftforge.fml.javafmlmod.FMLModContainer/LOADING]: Creating FMLModContainer instance for fuzs.puzzlesaccessapi.forge.PuzzlesAccessApiForge
[23Jul2025 23:49:12.716] [main/DEBUG] [net.minecraftforge.fml.javafmlmod.FMLJavaModLanguageProvider/LOADING]: Loading FMLModContainer from classloader cpw.mods.modlauncher.TransformingClassLoader@15d114ce - got cpw.mods.cl.ModuleClassLoader@878537d
[23Jul2025 23:49:12.716] [main/DEBUG] [net.minecraftforge.fml.javafmlmod.FMLModContainer/LOADING]: Creating FMLModContainer instance for me.shedaniel.clothconfig.ClothConfigForge
[23Jul2025 23:49:12.717] [main/DEBUG] [net.minecraftforge.fml.javafmlmod.FMLJavaModLanguageProvider/LOADING]: Loading FMLModContainer from classloader cpw.mods.modlauncher.TransformingClassLoader@15d114ce - got cpw.mods.cl.ModuleClassLoader@878537d
[23Jul2025 23:49:12.717] [main/DEBUG] [net.minecraftforge.fml.javafmlmod.FMLModContainer/LOADING]: Creating FMLModContainer instance for net.minecraftforge.common.ForgeMod
[23Jul2025 23:49:12.719] [main/DEBUG] [net.minecraftforge.fml.javafmlmod.FMLJavaModLanguageProvider/LOADING]: Loading FMLModContainer from classloader cpw.mods.modlauncher.TransformingClassLoader@15d114ce - got cpw.mods.cl.ModuleClassLoader@878537d
[23Jul2025 23:49:12.719] [main/DEBUG] [net.minecraftforge.fml.javafmlmod.FMLModContainer/LOADING]: Creating FMLModContainer instance for com.lothrazar.simpletomb.ModTomb
[23Jul2025 23:49:12.719] [main/DEBUG] [net.minecraftforge.fml.javafmlmod.FMLJavaModLanguageProvider/LOADING]: Loading FMLModContainer from classloader cpw.mods.modlauncher.TransformingClassLoader@15d114ce - got cpw.mods.cl.ModuleClassLoader@878537d
[23Jul2025 23:49:12.719] [main/DEBUG] [net.minecraftforge.fml.javafmlmod.FMLModContainer/LOADING]: Creating FMLModContainer instance for twilightforest.TwilightForestMod
[23Jul2025 23:49:12.721] [main/DEBUG] [net.minecraftforge.fml.javafmlmod.FMLJavaModLanguageProvider/LOADING]: Loading FMLModContainer from classloader cpw.mods.modlauncher.TransformingClassLoader@15d114ce - got cpw.mods.cl.ModuleClassLoader@878537d
[23Jul2025 23:49:12.721] [main/DEBUG] [net.minecraftforge.fml.javafmlmod.FMLModContainer/LOADING]: Creating FMLModContainer instance for net.mehvahdjukaar.supplementaries.forge.SupplementariesForge
[23Jul2025 23:49:12.721] [main/DEBUG] [net.minecraftforge.fml.javafmlmod.FMLJavaModLanguageProvider/LOADING]: Loading FMLModContainer from classloader cpw.mods.modlauncher.TransformingClassLoader@15d114ce - got cpw.mods.cl.ModuleClassLoader@878537d
[23Jul2025 23:49:12.721] [main/DEBUG] [net.minecraftforge.fml.javafmlmod.FMLModContainer/LOADING]: Creating FMLModContainer instance for com.legacy.structure_gel.core.StructureGelMod
[23Jul2025 23:49:12.722] [main/DEBUG] [net.minecraftforge.fml.javafmlmod.FMLJavaModLanguageProvider/LOADING]: Loading FMLModContainer from classloader cpw.mods.modlauncher.TransformingClassLoader@15d114ce - got cpw.mods.cl.ModuleClassLoader@878537d
[23Jul2025 23:49:12.722] [main/DEBUG] [net.minecraftforge.fml.javafmlmod.FMLModContainer/LOADING]: Creating FMLModContainer instance for dev.worldgen.tectonic.TectonicForge
[23Jul2025 23:49:12.723] [main/DEBUG] [net.minecraftforge.fml.javafmlmod.FMLJavaModLanguageProvider/LOADING]: Loading FMLModContainer from classloader cpw.mods.modlauncher.TransformingClassLoader@15d114ce - got cpw.mods.cl.ModuleClassLoader@878537d
[23Jul2025 23:49:12.723] [main/DEBUG] [net.minecraftforge.fml.javafmlmod.FMLModContainer/LOADING]: Creating FMLModContainer instance for vectorwing.farmersdelight.FarmersDelight
[23Jul2025 23:49:12.724] [main/DEBUG] [net.minecraftforge.fml.javafmlmod.FMLJavaModLanguageProvider/LOADING]: Loading FMLModContainer from classloader cpw.mods.modlauncher.TransformingClassLoader@15d114ce - got cpw.mods.cl.ModuleClassLoader@878537d
[23Jul2025 23:49:12.724] [main/DEBUG] [net.minecraftforge.fml.javafmlmod.FMLModContainer/LOADING]: Creating FMLModContainer instance for net.mehvahdjukaar.moonlight.forge.MoonlightForge
[23Jul2025 23:49:12.724] [main/DEBUG] [net.minecraftforge.fml.javafmlmod.FMLJavaModLanguageProvider/LOADING]: Loading FMLModContainer from classloader cpw.mods.modlauncher.TransformingClassLoader@15d114ce - got cpw.mods.cl.ModuleClassLoader@878537d
[23Jul2025 23:49:12.724] [main/DEBUG] [net.minecraftforge.fml.javafmlmod.FMLModContainer/LOADING]: Creating FMLModContainer instance for team.creative.ambientsounds.AmbientSounds
[23Jul2025 23:49:12.725] [main/DEBUG] [net.minecraftforge.fml.javafmlmod.FMLJavaModLanguageProvider/LOADING]: Loading FMLModContainer from classloader cpw.mods.modlauncher.TransformingClassLoader@15d114ce - got cpw.mods.cl.ModuleClassLoader@878537d
[23Jul2025 23:49:12.725] [main/DEBUG] [net.minecraftforge.fml.javafmlmod.FMLModContainer/LOADING]: Creating FMLModContainer instance for com.bawnorton.mixinsquared.platform.forge.MixinSquaredMod
[23Jul2025 23:49:12.726] [main/DEBUG] [net.minecraftforge.fml.javafmlmod.FMLJavaModLanguageProvider/LOADING]: Loading FMLModContainer from classloader cpw.mods.modlauncher.TransformingClassLoader@15d114ce - got cpw.mods.cl.ModuleClassLoader@878537d
[23Jul2025 23:49:12.726] [main/DEBUG] [net.minecraftforge.fml.javafmlmod.FMLModContainer/LOADING]: Creating FMLModContainer instance for snownee.jade.util.CommonProxy
[23Jul2025 23:49:12.727] [main/DEBUG] [net.minecraftforge.fml.javafmlmod.FMLJavaModLanguageProvider/LOADING]: Loading FMLModContainer from classloader cpw.mods.modlauncher.TransformingClassLoader@15d114ce - got cpw.mods.cl.ModuleClassLoader@878537d
[23Jul2025 23:49:12.727] [main/DEBUG] [net.minecraftforge.fml.javafmlmod.FMLModContainer/LOADING]: Creating FMLModContainer instance for com.teamremastered.endrem.EndRemastered
[23Jul2025 23:49:12.728] [main/DEBUG] [net.minecraftforge.fml.javafmlmod.FMLJavaModLanguageProvider/LOADING]: Loading FMLModContainer from classloader cpw.mods.modlauncher.TransformingClassLoader@15d114ce - got cpw.mods.cl.ModuleClassLoader@878537d
[23Jul2025 23:49:12.728] [main/DEBUG] [net.minecraftforge.fml.javafmlmod.FMLModContainer/LOADING]: Creating FMLModContainer instance for team.creative.creativecore.CreativeCore
[23Jul2025 23:49:12.728] [main/DEBUG] [net.minecraftforge.fml.javafmlmod.FMLJavaModLanguageProvider/LOADING]: Loading FMLModContainer from classloader cpw.mods.modlauncher.TransformingClassLoader@15d114ce - got cpw.mods.cl.ModuleClassLoader@878537d
[23Jul2025 23:49:12.729] [main/DEBUG] [net.minecraftforge.fml.javafmlmod.FMLModContainer/LOADING]: Creating FMLModContainer instance for com.barion.dungeons_enhanced.DungeonsEnhanced
[23Jul2025 23:49:12.729] [main/DEBUG] [net.minecraftforge.fml.javafmlmod.FMLJavaModLanguageProvider/LOADING]: Loading FMLModContainer from classloader cpw.mods.modlauncher.TransformingClassLoader@15d114ce - got cpw.mods.cl.ModuleClassLoader@878537d
[23Jul2025 23:49:12.729] [main/DEBUG] [net.minecraftforge.fml.javafmlmod.FMLModContainer/LOADING]: Creating FMLModContainer instance for top.theillusivec4.curios.Curios
[23Jul2025 23:49:12.730] [main/DEBUG] [net.minecraftforge.fml.javafmlmod.FMLJavaModLanguageProvider/LOADING]: Loading FMLModContainer from classloader cpw.mods.modlauncher.TransformingClassLoader@15d114ce - got cpw.mods.cl.ModuleClassLoader@878537d
[23Jul2025 23:49:12.730] [main/DEBUG] [net.minecraftforge.fml.javafmlmod.FMLModContainer/LOADING]: Creating FMLModContainer instance for xaero.minimap.XaeroMinimapForge
[23Jul2025 23:49:12.732] [main/DEBUG] [net.minecraftforge.fml.javafmlmod.FMLJavaModLanguageProvider/LOADING]: Loading FMLModContainer from classloader cpw.mods.modlauncher.TransformingClassLoader@15d114ce - got cpw.mods.cl.ModuleClassLoader@878537d
[23Jul2025 23:49:12.733] [main/DEBUG] [net.minecraftforge.fml.javafmlmod.FMLModContainer/LOADING]: Creating FMLModContainer instance for com.natamus.collective.CollectiveForge
[23Jul2025 23:49:12.733] [main/DEBUG] [net.minecraftforge.fml.javafmlmod.FMLJavaModLanguageProvider/LOADING]: Loading FMLModContainer from classloader cpw.mods.modlauncher.TransformingClassLoader@15d114ce - got cpw.mods.cl.ModuleClassLoader@878537d
[23Jul2025 23:49:12.733] [main/DEBUG] [net.minecraftforge.fml.javafmlmod.FMLModContainer/LOADING]: Creating FMLModContainer instance for com.jtorleonstudios.bettervillage.Main
[23Jul2025 23:49:12.734] [main/DEBUG] [net.minecraftforge.fml.javafmlmod.FMLJavaModLanguageProvider/LOADING]: Loading FMLModContainer from classloader cpw.mods.modlauncher.TransformingClassLoader@15d114ce - got cpw.mods.cl.ModuleClassLoader@878537d
[23Jul2025 23:49:12.734] [main/DEBUG] [net.minecraftforge.fml.javafmlmod.FMLModContainer/LOADING]: Creating FMLModContainer instance for com.shiftthedev.sbblacklist.SBBlacklist
[23Jul2025 23:49:12.734] [main/DEBUG] [net.minecraftforge.fml.javafmlmod.FMLJavaModLanguageProvider/LOADING]: Loading FMLModContainer from classloader cpw.mods.modlauncher.TransformingClassLoader@15d114ce - got cpw.mods.cl.ModuleClassLoader@878537d
[23Jul2025 23:49:12.734] [main/DEBUG] [net.minecraftforge.fml.javafmlmod.FMLModContainer/LOADING]: Creating FMLModContainer instance for dlovin.inventoryhud.InventoryHUD
[23Jul2025 23:49:12.735] [main/DEBUG] [net.minecraftforge.fml.javafmlmod.FMLJavaModLanguageProvider/LOADING]: Loading FMLModContainer from classloader cpw.mods.modlauncher.TransformingClassLoader@15d114ce - got cpw.mods.cl.ModuleClassLoader@878537d
[23Jul2025 23:49:12.735] [main/DEBUG] [net.minecraftforge.fml.javafmlmod.FMLModContainer/LOADING]: Creating FMLModContainer instance for com.finndog.mvs.forge.MVSForge
[23Jul2025 23:49:12.735] [main/DEBUG] [net.minecraftforge.fml.javafmlmod.FMLJavaModLanguageProvider/LOADING]: Loading FMLModContainer from classloader cpw.mods.modlauncher.TransformingClassLoader@15d114ce - got cpw.mods.cl.ModuleClassLoader@878537d
[23Jul2025 23:49:12.735] [main/DEBUG] [net.minecraftforge.fml.javafmlmod.FMLModContainer/LOADING]: Creating FMLModContainer instance for com.mrcrayfish.furniture.FurnitureMod
[23Jul2025 23:49:12.736] [main/DEBUG] [net.minecraftforge.fml.javafmlmod.FMLJavaModLanguageProvider/LOADING]: Loading FMLModContainer from classloader cpw.mods.modlauncher.TransformingClassLoader@15d114ce - got cpw.mods.cl.ModuleClassLoader@878537d
[23Jul2025 23:49:12.736] [main/DEBUG] [net.minecraftforge.fml.javafmlmod.FMLModContainer/LOADING]: Creating FMLModContainer instance for dev.architectury.forge.ArchitecturyForge
[23Jul2025 23:49:12.736] [main/DEBUG] [net.minecraftforge.fml.javafmlmod.FMLJavaModLanguageProvider/LOADING]: Loading FMLModContainer from classloader cpw.mods.modlauncher.TransformingClassLoader@15d114ce - got cpw.mods.cl.ModuleClassLoader@878537d
[23Jul2025 23:49:12.736] [main/DEBUG] [net.minecraftforge.fml.javafmlmod.FMLModContainer/LOADING]: Creating FMLModContainer instance for io.github.jamalam360.jamlib.forge.JamLibForge
[23Jul2025 23:49:12.737] [main/DEBUG] [net.minecraftforge.fml.javafmlmod.FMLJavaModLanguageProvider/LOADING]: Loading FMLModContainer from classloader cpw.mods.modlauncher.TransformingClassLoader@15d114ce - got cpw.mods.cl.ModuleClassLoader@878537d
[23Jul2025 23:49:12.737] [main/DEBUG] [net.minecraftforge.fml.javafmlmod.FMLModContainer/LOADING]: Creating FMLModContainer instance for io.github.jamalam360.rightclickharvest.forge.RightClickHarvestForge
[23Jul2025 23:49:12.737] [main/DEBUG] [net.minecraftforge.fml.javafmlmod.FMLJavaModLanguageProvider/LOADING]: Loading FMLModContainer from classloader cpw.mods.modlauncher.TransformingClassLoader@15d114ce - got cpw.mods.cl.ModuleClassLoader@878537d
[23Jul2025 23:49:12.737] [main/DEBUG] [net.minecraftforge.fml.javafmlmod.FMLModContainer/LOADING]: Creating FMLModContainer instance for com.lothrazar.library.FutureLibMod
[23Jul2025 23:49:12.737] [main/DEBUG] [net.minecraftforge.fml.javafmlmod.FMLJavaModLanguageProvider/LOADING]: Loading FMLModContainer from classloader cpw.mods.modlauncher.TransformingClassLoader@15d114ce - got cpw.mods.cl.ModuleClassLoader@878537d
[23Jul2025 23:49:12.738] [main/DEBUG] [net.minecraftforge.fml.javafmlmod.FMLModContainer/LOADING]: Creating FMLModContainer instance for fuzs.puzzleslib.impl.PuzzlesLibForge
[23Jul2025 23:49:12.738] [main/DEBUG] [net.minecraftforge.fml.javafmlmod.FMLJavaModLanguageProvider/LOADING]: Loading FMLModContainer from classloader cpw.mods.modlauncher.TransformingClassLoader@15d114ce - got cpw.mods.cl.ModuleClassLoader@878537d
[23Jul2025 23:49:12.738] [main/DEBUG] [net.minecraftforge.fml.javafmlmod.FMLModContainer/LOADING]: Creating FMLModContainer instance for fr.rakambda.fallingtree.forge.FallingTree
[23Jul2025 23:49:12.738] [main/DEBUG] [net.minecraftforge.fml.javafmlmod.FMLJavaModLanguageProvider/LOADING]: Loading FMLModContainer from classloader cpw.mods.modlauncher.TransformingClassLoader@15d114ce - got cpw.mods.cl.ModuleClassLoader@878537d
[23Jul2025 23:49:12.738] [main/DEBUG] [net.minecraftforge.fml.javafmlmod.FMLModContainer/LOADING]: Creating FMLModContainer instance for be.florens.expandability.forge.ExpandAbilityForge
[23Jul2025 23:49:12.739] [main/DEBUG] [net.minecraftforge.fml.javafmlmod.FMLJavaModLanguageProvider/LOADING]: Loading FMLModContainer from classloader cpw.mods.modlauncher.TransformingClassLoader@15d114ce - got cpw.mods.cl.ModuleClassLoader@878537d
[23Jul2025 23:49:12.739] [main/DEBUG] [net.minecraftforge.fml.javafmlmod.FMLModContainer/LOADING]: Creating FMLModContainer instance for team.creative.playerrevive.PlayerRevive
[23Jul2025 23:49:12.739] [main/DEBUG] [net.minecraftforge.fml.javafmlmod.FMLJavaModLanguageProvider/LOADING]: Loading FMLModContainer from classloader cpw.mods.modlauncher.TransformingClassLoader@15d114ce - got cpw.mods.cl.ModuleClassLoader@878537d
[23Jul2025 23:49:12.739] [main/DEBUG] [net.minecraftforge.fml.javafmlmod.FMLModContainer/LOADING]: Creating FMLModContainer instance for com.natamus.scaffoldingdropsnearby.ModForge
[23Jul2025 23:49:12.751] [modloading-worker-0/DEBUG] [net.minecraftforge.fml.javafmlmod.AutomaticEventSubscriber/LOADING]: Attempting to inject @EventBusSubscriber classes into the eventbus for kuma_api
[23Jul2025 23:49:12.752] [modloading-worker-0/DEBUG] [net.minecraftforge.fml.javafmlmod.AutomaticEventSubscriber/LOADING]: Attempting to inject @EventBusSubscriber classes into the eventbus for easymagic
[23Jul2025 23:49:12.755] [modloading-worker-0/DEBUG] [net.minecraftforge.fml.javafmlmod.AutomaticEventSubscriber/LOADING]: Auto-subscribing fuzs.easymagic.EasyMagicForge to MOD
[23Jul2025 23:49:12.777] [modloading-worker-0/INFO] [com.jtorleonstudios.libraryferret.LibraryFerret/]: Initialize mod Library Ferret
[23Jul2025 23:49:12.785] [modloading-worker-0/DEBUG] [net.minecraftforge.fml.config.ConfigTracker/CONFIG]: Config file jei-server.toml for jei tracking
[23Jul2025 23:49:12.797] [modloading-worker-0/INFO] [com.jtorleonstudios.libraryferret.LibraryFerret/]: Initialized mod Library Ferret
[23Jul2025 23:49:12.798] [modloading-worker-0/DEBUG] [net.minecraftforge.fml.javafmlmod.AutomaticEventSubscriber/LOADING]: Attempting to inject @EventBusSubscriber classes into the eventbus for libraryferret
[23Jul2025 23:49:12.798] [modloading-worker-0/DEBUG] [net.minecraftforge.fml.javafmlmod.AutomaticEventSubscriber/LOADING]: Attempting to inject @EventBusSubscriber classes into the eventbus for jei
[23Jul2025 23:49:12.798] [modloading-worker-0/DEBUG] [net.minecraftforge.fml.javafmlmod.AutomaticEventSubscriber/LOADING]: Auto-subscribing com.jtorleonstudios.libraryferret.CommonEvent to FORGE
[23Jul2025 23:49:12.816] [modloading-worker-0/DEBUG] [net.minecraftforge.fml.config.ConfigTracker/CONFIG]: Config file sophisticatedcore-common.toml for sophisticatedcore tracking
[23Jul2025 23:49:12.816] [modloading-worker-0/DEBUG] [net.minecraftforge.fml.config.ConfigTracker/CONFIG]: Config file sophisticatedcore-client.toml for sophisticatedcore tracking
[23Jul2025 23:49:12.837] [modloading-worker-0/DEBUG] [mixin/]: Mixing ReloadableServerResourcesMixin from balm.mixins.json into net.minecraft.server.ReloadableServerResources
[23Jul2025 23:49:12.837] [modloading-worker-0/DEBUG] [mixin/]: Renaming synthetic method lambda$loadResources$0(Lnet/minecraft/server/ReloadableServerResources;)V to mdede484$lambda$loadResources$0$0 in balm.mixins.json:ReloadableServerResourcesMixin
[23Jul2025 23:49:12.854] [modloading-worker-0/INFO] [Puzzles Lib/]: Constructing common components for easymagic:main
[23Jul2025 23:49:12.885] [modloading-worker-0/DEBUG] [net.minecraftforge.coremod.transformer.CoreModBaseTransformer/COREMOD]: Transforming m_11229_ with desc (Lnet/minecraft/server/level/ServerPlayer;Lnet/minecraft/server/level/ServerLevel;)V
[23Jul2025 23:49:12.886] [modloading-worker-0/DEBUG] [mixin/]: Mixing PlayerListMixin from balm.mixins.json into net.minecraft.server.players.PlayerList
[23Jul2025 23:49:12.906] [modloading-worker-0/DEBUG] [mixin/]: Mixing accessor.RecipeManagerAccessor from farmersdelight.mixins.json into net.minecraft.world.item.crafting.RecipeManager
[23Jul2025 23:49:12.918] [modloading-worker-0/DEBUG] [mixin/]: Mixing ConditionHackMixin from moonlight.mixins.json into net.minecraft.server.packs.resources.SimplePreparableReloadListener
[23Jul2025 23:49:12.927] [modloading-worker-0/DEBUG] [net.minecraftforge.fml.config.ConfigTracker/CONFIG]: Config file easymagic-server.toml for easymagic tracking
[23Jul2025 23:49:12.942] [modloading-worker-0/DEBUG] [mixin/]: Mixing MixinLevelEvent from architectury.mixins.json into net.minecraftforge.event.level.LevelEvent
[23Jul2025 23:49:12.950] [modloading-worker-0/DEBUG] [net.minecraftforge.fml.javafmlmod.AutomaticEventSubscriber/LOADING]: Attempting to inject @EventBusSubscriber classes into the eventbus for sophisticatedcore
[23Jul2025 23:49:12.950] [modloading-worker-0/DEBUG] [net.minecraftforge.fml.javafmlmod.AutomaticEventSubscriber/LOADING]: Attempting to inject @EventBusSubscriber classes into the eventbus for mcwwindows
[23Jul2025 23:49:12.951] [modloading-worker-0/DEBUG] [net.minecraftforge.fml.javafmlmod.AutomaticEventSubscriber/LOADING]: Auto-subscribing com.mcwwindows.kikoz.MacawsWindows to MOD
[23Jul2025 23:49:12.952] [modloading-worker-0/WARN] [fallingleaves/]: Falling Leaves is a client only mod and should be removed from the mods list
[23Jul2025 23:49:12.953] [modloading-worker-0/DEBUG] [net.minecraftforge.fml.javafmlmod.AutomaticEventSubscriber/LOADING]: Attempting to inject @EventBusSubscriber classes into the eventbus for fallingleaves
[23Jul2025 23:49:12.993] [modloading-worker-0/DEBUG] [net.minecraftforge.fml.config.ConfigTracker/CONFIG]: Config file citadel-common.toml for citadel tracking
[23Jul2025 23:49:13.011] [modloading-worker-0/DEBUG] [net.minecraftforge.fml.javafmlmod.AutomaticEventSubscriber/LOADING]: Attempting to inject @EventBusSubscriber classes into the eventbus for citadel
[23Jul2025 23:49:13.011] [modloading-worker-0/DEBUG] [net.minecraftforge.fml.javafmlmod.AutomaticEventSubscriber/LOADING]: Auto-subscribing com.github.alexthe666.citadel.ServerProxy to MOD
[23Jul2025 23:49:13.039] [modloading-worker-0/DEBUG] [net.minecraftforge.fml.javafmlmod.AutomaticEventSubscriber/LOADING]: Attempting to inject @EventBusSubscriber classes into the eventbus for mixinextras
[23Jul2025 23:49:13.049] [modloading-worker-0/INFO] [Collective/]: [Collective] JSON file 'entity_names.json' generation requested by mod 'villagernames'.
[23Jul2025 23:49:13.061] [modloading-worker-0/DEBUG] [net.minecraftforge.fml.javafmlmod.AutomaticEventSubscriber/LOADING]: Attempting to inject @EventBusSubscriber classes into the eventbus for villagernames
[23Jul2025 23:49:13.081] [modloading-worker-0/DEBUG] [net.minecraftforge.fml.config.ConfigTracker/CONFIG]: Config file takesapillage-common.toml for takesapillage tracking
[23Jul2025 23:49:13.084] [modloading-worker-0/DEBUG] [net.minecraftforge.fml.javafmlmod.AutomaticEventSubscriber/LOADING]: Attempting to inject @EventBusSubscriber classes into the eventbus for takesapillage
[23Jul2025 23:49:13.084] [modloading-worker-0/DEBUG] [net.minecraftforge.fml.javafmlmod.AutomaticEventSubscriber/LOADING]: Auto-subscribing com.izofar.takesapillage.RegistryEvents to MOD
[23Jul2025 23:49:13.145] [modloading-worker-0/DEBUG] [net.minecraftforge.fml.config.ConfigTracker/CONFIG]: Config file iceandfire-client.toml for iceandfire tracking
[23Jul2025 23:49:13.145] [modloading-worker-0/DEBUG] [net.minecraftforge.fml.config.ConfigTracker/CONFIG]: Config file iceandfire-common.toml for iceandfire tracking
[23Jul2025 23:49:13.194] [modloading-worker-0/DEBUG] [net.minecraftforge.fml.config.ConfigTracker/CONFIG]: Config file waystones-common.toml for waystones tracking
[23Jul2025 23:49:13.211] [modloading-worker-0/DEBUG] [net.minecraftforge.fml.config.ConfigTracker/CONFIG]: Config file sophisticatedbackpacks-server.toml for sophisticatedbackpacks tracking
[23Jul2025 23:49:13.211] [modloading-worker-0/DEBUG] [net.minecraftforge.fml.config.ConfigTracker/CONFIG]: Config file sophisticatedbackpacks-common.toml for sophisticatedbackpacks tracking
[23Jul2025 23:49:13.216] [modloading-worker-0/INFO] [dev.architectury.networking.forge.NetworkManagerImpl/]: Registering C2S receiver with id architectury:sync_ids
[23Jul2025 23:49:13.218] [modloading-worker-0/INFO] [dev.architectury.networking.forge.NetworkManagerImpl/]: Registering C2S receiver with id artifacts:networking_channel/42a7ad70b1cc371599a0eff744096b8a
[23Jul2025 23:49:13.222] [modloading-worker-0/DEBUG] [mixin/]: Mixing BackpackItemMixin from sbblacklist.mixins.json into net.p3pp3rf1y.sophisticatedbackpacks.backpack.BackpackItem
[23Jul2025 23:49:13.223] [modloading-worker-0/DEBUG] [mixin/]: sbblacklist.mixins.json:BackpackItemMixin: Class version 61 required is higher than the class version supported by the current version of Mixin (JAVA_8 supports class version 52)
[23Jul2025 23:49:13.232] [modloading-worker-0/INFO] [dev.architectury.networking.forge.NetworkManagerImpl/]: Registering C2S receiver with id artifacts:networking_channel/74a5e841822a3a87854ae896a33430d6
[23Jul2025 23:49:13.236] [modloading-worker-0/INFO] [dev.architectury.networking.forge.NetworkManagerImpl/]: Registering C2S receiver with id artifacts:networking_channel/eb3d1e2748533430848cadf0f37c7e9c
[23Jul2025 23:49:13.237] [modloading-worker-0/INFO] [dev.architectury.networking.forge.NetworkManagerImpl/]: Registering C2S receiver with id artifacts:networking_channel/91c8520f19f93b3e8b6a727568e194ab
[23Jul2025 23:49:13.238] [modloading-worker-0/INFO] [dev.architectury.networking.forge.NetworkManagerImpl/]: Registering C2S receiver with id artifacts:networking_channel/8c2784d778293fd482ed84b8aa5fedb9
[23Jul2025 23:49:13.241] [modloading-worker-0/INFO] [dev.architectury.networking.forge.NetworkManagerImpl/]: Registering C2S receiver with id artifacts:networking_channel/ea038224ea783d40b2863f52239e2604
[23Jul2025 23:49:13.242] [modloading-worker-0/INFO] [dev.architectury.networking.forge.NetworkManagerImpl/]: Registering C2S receiver with id artifacts:networking_channel/97ad64b7ecaf33209991c4f031501a58
[23Jul2025 23:49:13.276] [modloading-worker-0/DEBUG] [mixin/]: Mixing item.wearable.WearableArtifactItemMixin from mixins.artifacts.forge.json into artifacts.item.wearable.WearableArtifactItem
[23Jul2025 23:49:13.290] [modloading-worker-0/DEBUG] [mixin/]: Mixing item.umbrella.UmbrellaItemMixin from mixins.artifacts.forge.json into artifacts.item.UmbrellaItem
[23Jul2025 23:49:13.317] [modloading-worker-0/DEBUG] [net.minecraftforge.fml.javafmlmod.AutomaticEventSubscriber/LOADING]: Attempting to inject @EventBusSubscriber classes into the eventbus for waystones
[23Jul2025 23:49:13.327] [modloading-worker-0/DEBUG] [net.minecraftforge.fml.config.ConfigTracker/CONFIG]: Config file balm-common.toml for balm tracking
[23Jul2025 23:49:13.336] [modloading-worker-0/DEBUG] [net.minecraftforge.fml.javafmlmod.AutomaticEventSubscriber/LOADING]: Attempting to inject @EventBusSubscriber classes into the eventbus for balm
[23Jul2025 23:49:13.360] [modloading-worker-0/DEBUG] [Carry On/]: Loaded tschipp.carryon.platform.ForgePlatformHelper@3f622b9d for service interface tschipp.carryon.platform.services.IPlatformHelper
[23Jul2025 23:49:13.365] [modloading-worker-0/DEBUG] [Carry On/]: Loaded tschipp.carryon.platform.ForgeGamestagesHelper@5e0b8502 for service interface tschipp.carryon.platform.services.IGamestagePlatformHelper
[23Jul2025 23:49:13.374] [modloading-worker-0/DEBUG] [net.minecraftforge.fml.config.ConfigTracker/CONFIG]: Config file carryon-client.toml for carryon tracking
[23Jul2025 23:49:13.374] [modloading-worker-0/DEBUG] [net.minecraftforge.fml.config.ConfigTracker/CONFIG]: Config file carryon-common.toml for carryon tracking
[23Jul2025 23:49:13.374] [modloading-worker-0/DEBUG] [net.minecraftforge.fml.javafmlmod.AutomaticEventSubscriber/LOADING]: Attempting to inject @EventBusSubscriber classes into the eventbus for carryon
[23Jul2025 23:49:13.374] [modloading-worker-0/DEBUG] [net.minecraftforge.fml.javafmlmod.AutomaticEventSubscriber/LOADING]: Auto-subscribing tschipp.carryon.CarryOnForge to MOD
[23Jul2025 23:49:13.374] [modloading-worker-0/DEBUG] [net.minecraftforge.fml.javafmlmod.AutomaticEventSubscriber/LOADING]: Auto-subscribing tschipp.carryon.events.CommonEvents to FORGE
[23Jul2025 23:49:13.400] [modloading-worker-0/DEBUG] [net.minecraftforge.fml.javafmlmod.AutomaticEventSubscriber/LOADING]: Auto-subscribing tschipp.carryon.events.ModBusEvents to MOD
[23Jul2025 23:49:13.401] [modloading-worker-0/DEBUG] [net.minecraftforge.fml.javafmlmod.AutomaticEventSubscriber/LOADING]: Attempting to inject @EventBusSubscriber classes into the eventbus for puzzlesaccessapi
[23Jul2025 23:49:13.411] [modloading-worker-0/DEBUG] [net.minecraftforge.fml.javafmlmod.AutomaticEventSubscriber/LOADING]: Attempting to inject @EventBusSubscriber classes into the eventbus for cloth_config
[23Jul2025 23:49:13.420] [modloading-worker-0/DEBUG] [net.minecraftforge.fml.javafmlmod.AutomaticEventSubscriber/LOADING]: Attempting to inject @EventBusSubscriber classes into the eventbus for artifacts
[23Jul2025 23:49:13.431] [modloading-worker-0/DEBUG] [net.minecraftforge.versions.forge.ForgeVersion/CORE]: Forge Version package package net.minecraftforge.versions.forge, Forge, version 47.4 from cpw.mods.modlauncher.TransformingClassLoader@15d114ce
[23Jul2025 23:49:13.434] [modloading-worker-0/DEBUG] [net.minecraftforge.versions.forge.ForgeVersion/CORE]: Found Forge version 47.4.0
[23Jul2025 23:49:13.435] [modloading-worker-0/DEBUG] [net.minecraftforge.versions.forge.ForgeVersion/CORE]: Found Forge spec 47.4
[23Jul2025 23:49:13.435] [modloading-worker-0/DEBUG] [net.minecraftforge.versions.forge.ForgeVersion/CORE]: Found Forge group net.minecraftforge
[23Jul2025 23:49:13.435] [modloading-worker-0/DEBUG] [net.minecraftforge.versions.mcp.MCPVersion/CORE]: MCP Version package package net.minecraftforge.versions.mcp, Minecraft, version 1.20.1 from cpw.mods.modlauncher.TransformingClassLoader@15d114ce
[23Jul2025 23:49:13.435] [modloading-worker-0/DEBUG] [net.minecraftforge.versions.mcp.MCPVersion/CORE]: Found MC version information 1.20.1
[23Jul2025 23:49:13.435] [modloading-worker-0/DEBUG] [net.minecraftforge.versions.mcp.MCPVersion/CORE]: Found MCP version information 20230612.114412
[23Jul2025 23:49:13.435] [modloading-worker-0/INFO] [net.minecraftforge.common.ForgeMod/FORGEMOD]: Forge mod loading, version 47.4.0, for MC 1.20.1 with MCP 20230612.114412
[23Jul2025 23:49:13.436] [modloading-worker-0/INFO] [net.minecraftforge.common.MinecraftForge/FORGE]: MinecraftForge v47.4.0 Initialized
[23Jul2025 23:49:13.453] [modloading-worker-0/DEBUG] [net.minecraftforge.fml.javafmlmod.AutomaticEventSubscriber/LOADING]: Attempting to inject @EventBusSubscriber classes into the eventbus for sophisticatedbackpacks
[23Jul2025 23:49:13.455] [modloading-worker-0/DEBUG] [mixin/]: Mixing gamerule.BooleanValueInvoker from mixins.artifacts.common.json into net.minecraft.world.level.GameRules$BooleanValue
[23Jul2025 23:49:13.456] [modloading-worker-0/DEBUG] [mixin/]: Renaming @Invoker method invokeCreate(ZLjava/util/function/BiConsumer;)Lnet/minecraft/world/level/GameRules$Type; to invokeCreate_$md$ede484$0 in mixins.artifacts.common.json:gamerule.BooleanValueInvoker
[23Jul2025 23:49:13.463] [modloading-worker-0/DEBUG] [mixin/]: Mixing gamerule.IntegerValueInvoker from mixins.artifacts.common.json into net.minecraft.world.level.GameRules$IntegerValue
[23Jul2025 23:49:13.464] [modloading-worker-0/DEBUG] [mixin/]: Renaming @Invoker method invokeCreate(ILjava/util/function/BiConsumer;)Lnet/minecraft/world/level/GameRules$Type; to invokeCreate_$md$ede484$0 in mixins.artifacts.common.json:gamerule.IntegerValueInvoker
[23Jul2025 23:49:13.467] [modloading-worker-0/DEBUG] [net.minecraftforge.fml.javafmlmod.AutomaticEventSubscriber/LOADING]: Attempting to inject @EventBusSubscriber classes into the eventbus for simpletomb
[23Jul2025 23:49:13.479] [modloading-worker-0/DEBUG] [net.minecraftforge.fml.config.ConfigTracker/CONFIG]: Config file forge-client.toml for forge tracking
[23Jul2025 23:49:13.479] [modloading-worker-0/DEBUG] [net.minecraftforge.fml.config.ConfigTracker/CONFIG]: Config file forge-server.toml for forge tracking
[23Jul2025 23:49:13.479] [modloading-worker-0/DEBUG] [net.minecraftforge.fml.ModLoadingContext/]: Attempted to register an empty config for type COMMON on mod forge
[23Jul2025 23:49:13.483] [modloading-worker-0/DEBUG] [net.minecraftforge.fml.config.ConfigTracker/CONFIG]: Config file twilightforest-common.toml for twilightforest tracking
[23Jul2025 23:49:13.487] [modloading-worker-0/DEBUG] [net.minecraftforge.fml.config.ConfigTracker/CONFIG]: Config file twilightforest-client.toml for twilightforest tracking
[23Jul2025 23:49:13.503] [modloading-worker-0/DEBUG] [net.minecraftforge.fml.javafmlmod.AutomaticEventSubscriber/LOADING]: Attempting to inject @EventBusSubscriber classes into the eventbus for forge
[23Jul2025 23:49:13.503] [modloading-worker-0/DEBUG] [net.minecraftforge.fml.javafmlmod.AutomaticEventSubscriber/LOADING]: Auto-subscribing net.minecraftforge.common.ForgeSpawnEggItem$CommonHandler to MOD
[23Jul2025 23:49:13.513] [modloading-worker-0/DEBUG] [net.minecraftforge.fml.config.ConfigTracker/CONFIG]: Config file structure_gel-common.toml for structure_gel tracking
[23Jul2025 23:49:13.567] [modloading-worker-0/DEBUG] [net.minecraftforge.fml.config.ConfigTracker/CONFIG]: Config file supplementaries-common.toml for supplementaries tracking
[23Jul2025 23:49:13.609] [modloading-worker-0/DEBUG] [mixin/]: Mixing CustomDeathMessageMixin from takesapillage.mixins.json into net.minecraft.world.damagesource.DamageSources
[23Jul2025 23:49:13.627] [modloading-worker-0/DEBUG] [mixin/]: Mixing ExplosionMixin from supplementaries-common.mixins.json into net.minecraft.world.level.Explosion
[23Jul2025 23:49:13.664] [modloading-worker-0/DEBUG] [net.minecraftforge.fml.javafmlmod.AutomaticEventSubscriber/LOADING]: Attempting to inject @EventBusSubscriber classes into the eventbus for structure_gel
[23Jul2025 23:49:13.665] [modloading-worker-0/DEBUG] [net.minecraftforge.fml.javafmlmod.AutomaticEventSubscriber/LOADING]: Auto-subscribing com.legacy.structure_gel.core.events.SGCommonEvents$ModBus to MOD
[23Jul2025 23:49:13.677] [modloading-worker-0/DEBUG] [net.minecraftforge.fml.javafmlmod.AutomaticEventSubscriber/LOADING]: Auto-subscribing com.legacy.structure_gel.core.events.SGCommonEvents$ForgeBus to FORGE
[23Jul2025 23:49:13.741] [modloading-worker-0/DEBUG] [net.minecraftforge.fml.javafmlmod.AutomaticEventSubscriber/LOADING]: Attempting to inject @EventBusSubscriber classes into the eventbus for tectonic
[23Jul2025 23:49:13.750] [modloading-worker-0/DEBUG] [net.minecraftforge.fml.config.ConfigTracker/CONFIG]: Config file farmersdelight-common.toml for farmersdelight tracking
[23Jul2025 23:49:13.751] [modloading-worker-0/DEBUG] [mixin/]: Mixing self.SelfLumiseneFluidMixin from supplementaries.mixins.json into net.mehvahdjukaar.supplementaries.common.fluids.LumiseneFluid
[23Jul2025 23:49:13.755] [modloading-worker-0/DEBUG] [net.minecraftforge.fml.config.ConfigTracker/CONFIG]: Config file farmersdelight-client.toml for farmersdelight tracking
[23Jul2025 23:49:13.770] [modloading-worker-0/DEBUG] [mixin/]: Mixing self.SelfFlammableFluidBlockMixin from supplementaries.mixins.json into net.mehvahdjukaar.supplementaries.common.fluids.FlammableLiquidBlock
[23Jul2025 23:49:13.780] [modloading-worker-0/DEBUG] [mixin/]: Mixing CompatFarmersDelightTomatoMixin from supplementaries.mixins.json into vectorwing.farmersdelight.common.block.TomatoVineBlock
[23Jul2025 23:49:13.844] [modloading-worker-0/DEBUG] [mixin/]: Mixing self.SelfGunpowderMixin from supplementaries.mixins.json into net.mehvahdjukaar.supplementaries.common.block.blocks.GunpowderBlock
[23Jul2025 23:49:13.995] [modloading-worker-0/DEBUG] [mixin/]: Mixing self.SelfSoapItemMixin from supplementaries.mixins.json into net.mehvahdjukaar.supplementaries.common.items.SoapItem
[23Jul2025 23:49:14.020] [modloading-worker-0/DEBUG] [mixin/]: Mixing self.SelfSlingshotMixin from supplementaries.mixins.json into net.mehvahdjukaar.supplementaries.common.items.SlingshotItem
[23Jul2025 23:49:14.037] [modloading-worker-0/DEBUG] [net.minecraftforge.fml.javafmlmod.AutomaticEventSubscriber/LOADING]: Attempting to inject @EventBusSubscriber classes into the eventbus for farmersdelight
[23Jul2025 23:49:14.037] [modloading-worker-0/DEBUG] [net.minecraftforge.fml.javafmlmod.AutomaticEventSubscriber/LOADING]: Auto-subscribing vectorwing.farmersdelight.data.DataGenerators to MOD
[23Jul2025 23:49:14.040] [modloading-worker-0/DEBUG] [net.minecraftforge.fml.javafmlmod.AutomaticEventSubscriber/LOADING]: Auto-subscribing vectorwing.farmersdelight.common.item.SkilletItem$SkilletEvents to FORGE
[23Jul2025 23:49:14.041] [modloading-worker-0/DEBUG] [net.minecraftforge.fml.javafmlmod.AutomaticEventSubscriber/LOADING]: Auto-subscribing vectorwing.farmersdelight.common.item.KnifeItem$KnifeEvents to FORGE
[23Jul2025 23:49:14.043] [modloading-worker-0/DEBUG] [mixin/]: Mixing self.SelfSafeMixin from supplementaries.mixins.json into net.mehvahdjukaar.supplementaries.common.block.blocks.SafeBlock
[23Jul2025 23:49:14.050] [modloading-worker-0/DEBUG] [net.minecraftforge.fml.javafmlmod.AutomaticEventSubscriber/LOADING]: Auto-subscribing vectorwing.farmersdelight.common.item.HorseFeedItem$HorseFeedEvent to FORGE
[23Jul2025 23:49:14.051] [modloading-worker-0/DEBUG] [net.minecraftforge.fml.javafmlmod.AutomaticEventSubscriber/LOADING]: Auto-subscribing vectorwing.farmersdelight.common.item.enchantment.BackstabbingEnchantment$BackstabbingEvent to FORGE
[23Jul2025 23:49:14.054] [modloading-worker-0/DEBUG] [net.minecraftforge.fml.javafmlmod.AutomaticEventSubscriber/LOADING]: Auto-subscribing vectorwing.farmersdelight.common.item.DogFoodItem$DogFoodEvent to FORGE
[23Jul2025 23:49:14.059] [modloading-worker-0/DEBUG] [net.minecraftforge.fml.javafmlmod.AutomaticEventSubscriber/LOADING]: Auto-subscribing vectorwing.farmersdelight.common.event.VillagerEvents to FORGE
[23Jul2025 23:49:14.170] [modloading-worker-0/DEBUG] [net.minecraftforge.fml.javafmlmod.AutomaticEventSubscriber/LOADING]: Auto-subscribing vectorwing.farmersdelight.common.event.SetupEvents to MOD
[23Jul2025 23:49:14.178] [modloading-worker-0/DEBUG] [mixin/]: Mixing self.SelfWrenchMixin from supplementaries.mixins.json into net.mehvahdjukaar.supplementaries.common.items.WrenchItem
[23Jul2025 23:49:14.192] [modloading-worker-0/DEBUG] [mixin/]: Renaming synthetic method lambda$onLeftClickEntity$0(Lnet/minecraft/world/entity/player/Player;Lnet/minecraft/world/entity/player/Player;)V to mdede484$lambda$onLeftClickEntity$0$0 in supplementaries.mixins.json:self.SelfWrenchMixin
[23Jul2025 23:49:14.209] [modloading-worker-0/DEBUG] [net.minecraftforge.fml.javafmlmod.AutomaticEventSubscriber/LOADING]: Auto-subscribing vectorwing.farmersdelight.common.event.MappingEvents to FORGE
[23Jul2025 23:49:14.210] [modloading-worker-0/DEBUG] [net.minecraftforge.fml.javafmlmod.AutomaticEventSubscriber/LOADING]: Auto-subscribing vectorwing.farmersdelight.common.event.CommonEvents to FORGE
[23Jul2025 23:49:14.218] [modloading-worker-0/DEBUG] [net.minecraftforge.fml.javafmlmod.AutomaticEventSubscriber/LOADING]: Auto-subscribing vectorwing.farmersdelight.common.block.CuttingBoardBlock$ToolCarvingEvent to FORGE
[23Jul2025 23:49:14.242] [modloading-worker-0/DEBUG] [mixin/]: Mixing self.SelfQuiverItemMixin from supplementaries.mixins.json into net.mehvahdjukaar.supplementaries.common.items.QuiverItem
[23Jul2025 23:49:14.250] [modloading-worker-0/DEBUG] [mixin/]: Mixing self.SelfLunchBoxItemMixin from supplementaries.mixins.json into net.mehvahdjukaar.supplementaries.common.items.LunchBoxItem
[23Jul2025 23:49:14.269] [modloading-worker-0/DEBUG] [net.minecraftforge.fml.javafmlmod.AutomaticEventSubscriber/LOADING]: Attempting to inject @EventBusSubscriber classes into the eventbus for iceandfire
[23Jul2025 23:49:14.270] [modloading-worker-0/DEBUG] [net.minecraftforge.fml.javafmlmod.AutomaticEventSubscriber/LOADING]: Auto-subscribing com.github.alexthe666.iceandfire.recipe.IafRecipeRegistry to MOD
[23Jul2025 23:49:14.271] [modloading-worker-0/DEBUG] [net.minecraftforge.fml.javafmlmod.AutomaticEventSubscriber/LOADING]: Auto-subscribing com.github.alexthe666.iceandfire.misc.IafSoundRegistry to MOD
[23Jul2025 23:49:14.271] [modloading-worker-0/DEBUG] [net.minecraftforge.fml.javafmlmod.AutomaticEventSubscriber/LOADING]: Auto-subscribing com.github.alexthe666.iceandfire.misc.IafDamageRegistry to MOD
[23Jul2025 23:49:14.284] [modloading-worker-0/DEBUG] [net.minecraftforge.fml.javafmlmod.AutomaticEventSubscriber/LOADING]: Auto-subscribing com.github.alexthe666.iceandfire.item.IafItemRegistry to MOD
[23Jul2025 23:49:14.289] [modloading-worker-0/DEBUG] [net.minecraftforge.fml.javafmlmod.AutomaticEventSubscriber/LOADING]: Auto-subscribing com.github.alexthe666.iceandfire.event.ServerEvents to FORGE
[23Jul2025 23:49:14.296] [modloading-worker-0/DEBUG] [mixin/]: Mixing self.SelfOpenableContainerMixin from supplementaries.mixins.json into net.mehvahdjukaar.supplementaries.common.block.tiles.OpeneableContainerBlockEntity
[23Jul2025 23:49:14.319] [modloading-worker-0/DEBUG] [net.minecraftforge.fml.javafmlmod.AutomaticEventSubscriber/LOADING]: Auto-subscribing com.github.alexthe666.iceandfire.entity.props.CapabilityHandler to FORGE
[23Jul2025 23:49:14.319] [modloading-worker-0/DEBUG] [mixin/]: Mixing self.SelfPlanterMixin from supplementaries.mixins.json into net.mehvahdjukaar.supplementaries.common.block.blocks.PlanterBlock
[23Jul2025 23:49:14.329] [modloading-worker-0/DEBUG] [net.minecraftforge.fml.javafmlmod.AutomaticEventSubscriber/LOADING]: Auto-subscribing com.github.alexthe666.iceandfire.entity.IafVillagerRegistry to MOD
[23Jul2025 23:49:14.334] [modloading-worker-0/DEBUG] [net.minecraftforge.fml.javafmlmod.AutomaticEventSubscriber/LOADING]: Auto-subscribing com.github.alexthe666.iceandfire.entity.IafEntityRegistry to MOD
[23Jul2025 23:49:14.338] [modloading-worker-0/DEBUG] [net.minecraftforge.fml.javafmlmod.AutomaticEventSubscriber/LOADING]: Auto-subscribing com.github.alexthe666.iceandfire.datagen.DataGenerators to MOD
[23Jul2025 23:49:14.352] [modloading-worker-0/DEBUG] [mixin/]: Mixing TagsProviderForgeMixin from puzzleslib.forge.mixins.json into net.minecraft.data.tags.TagsProvider
[23Jul2025 23:49:14.364] [modloading-worker-0/DEBUG] [net.minecraftforge.fml.javafmlmod.AutomaticEventSubscriber/LOADING]: Auto-subscribing com.github.alexthe666.iceandfire.block.IafBlockRegistry to MOD
[23Jul2025 23:49:14.364] [modloading-worker-0/DEBUG] [net.minecraftforge.fml.javafmlmod.AutomaticEventSubscriber/LOADING]: Auto-subscribing com.github.alexthe666.iceandfire.IceAndFire to FORGE
[23Jul2025 23:49:14.364] [modloading-worker-0/DEBUG] [net.minecraftforge.fml.javafmlmod.AutomaticEventSubscriber/LOADING]: Auto-subscribing com.github.alexthe666.iceandfire.CommonProxy to MOD
[23Jul2025 23:49:14.443] [modloading-worker-0/DEBUG] [mixin/]: Mixing self.SelfFrameMixin from supplementaries.mixins.json into net.mehvahdjukaar.supplementaries.common.block.blocks.FrameBlock
[23Jul2025 23:49:14.484] [modloading-worker-0/DEBUG] [net.minecraftforge.fml.config.ConfigTracker/CONFIG]: Config file moonlight-common.toml for moonlight tracking
[23Jul2025 23:49:14.541] [modloading-worker-0/DEBUG] [creativecore/]: Created network creativecore:main
[23Jul2025 23:49:14.548] [modloading-worker-0/DEBUG] [net.minecraftforge.fml.javafmlmod.AutomaticEventSubscriber/LOADING]: Attempting to inject @EventBusSubscriber classes into the eventbus for ambientsounds
[23Jul2025 23:49:14.549] [modloading-worker-0/DEBUG] [net.minecraftforge.fml.javafmlmod.AutomaticEventSubscriber/LOADING]: Attempting to inject @EventBusSubscriber classes into the eventbus for mixinsquared
[23Jul2025 23:49:14.558] [modloading-worker-0/DEBUG] [net.minecraftforge.fml.javafmlmod.AutomaticEventSubscriber/LOADING]: Attempting to inject @EventBusSubscriber classes into the eventbus for jade
[23Jul2025 23:49:14.563] [modloading-worker-0/DEBUG] [net.minecraftforge.fml.config.ConfigTracker/CONFIG]: Config file endrem.toml for endrem tracking
[23Jul2025 23:49:14.575] [modloading-worker-0/DEBUG] [net.minecraftforge.fml.javafmlmod.AutomaticEventSubscriber/LOADING]: Attempting to inject @EventBusSubscriber classes into the eventbus for moonlight
[23Jul2025 23:49:14.581] [modloading-worker-0/DEBUG] [net.minecraftforge.fml.javafmlmod.AutomaticEventSubscriber/LOADING]: Attempting to inject @EventBusSubscriber classes into the eventbus for creativecore
[23Jul2025 23:49:14.582] [modloading-worker-0/DEBUG] [net.minecraftforge.fml.javafmlmod.AutomaticEventSubscriber/LOADING]: Attempting to inject @EventBusSubscriber classes into the eventbus for endrem
[23Jul2025 23:49:14.585] [modloading-worker-0/DEBUG] [net.minecraftforge.fml.javafmlmod.AutomaticEventSubscriber/LOADING]: Auto-subscribing com.teamremastered.endrem.registers.RegisterHandler to MOD
[23Jul2025 23:49:14.585] [modloading-worker-0/DEBUG] [net.minecraftforge.fml.javafmlmod.AutomaticEventSubscriber/LOADING]: Auto-subscribing com.teamremastered.endrem.events.ModEvents to FORGE
[23Jul2025 23:49:14.594] [modloading-worker-0/DEBUG] [net.minecraftforge.fml.config.ConfigTracker/CONFIG]: Config file curios-client.toml for curios tracking
[23Jul2025 23:49:14.600] [modloading-worker-0/DEBUG] [net.minecraftforge.fml.config.ConfigTracker/CONFIG]: Config file curios-common.toml for curios tracking
[23Jul2025 23:49:14.602] [modloading-worker-0/DEBUG] [net.minecraftforge.fml.config.ConfigTracker/CONFIG]: Config file curios-server.toml for curios tracking
[23Jul2025 23:49:14.602] [modloading-worker-0/DEBUG] [net.minecraftforge.fml.javafmlmod.AutomaticEventSubscriber/LOADING]: Attempting to inject @EventBusSubscriber classes into the eventbus for curios
[23Jul2025 23:49:14.603] [modloading-worker-0/DEBUG] [mixin/]: Mixing SelfEntitySpawnDataMixin from moonlight.mixins.json into net.mehvahdjukaar.moonlight.api.entity.IExtraClientSpawnData
[23Jul2025 23:49:14.667] [modloading-worker-0/DEBUG] [xaero.hud.minimap.MinimapLogs/]: Loaded xaero.common.platform.services.ForgePlatformHelper@a856ca6 for service interface xaero.common.platform.services.IPlatformHelper
[23Jul2025 23:49:14.680] [modloading-worker-0/DEBUG] [mixin/]: Mixing MapDataMixin from moonlight-common.mixins.json into net.minecraft.world.level.saveddata.maps.MapItemSavedData
[23Jul2025 23:49:14.682] [modloading-worker-0/DEBUG] [mixin/]: Renaming synthetic method lambda$save$3(Lnet/minecraft/nbt/CompoundTag;Lnet/minecraft/resources/ResourceLocation;Lnet/mehvahdjukaar/moonlight/api/map/CustomMapData;)V to mdede484$lambda$save$3$0 in moonlight-common.mixins.json:MapDataMixin
[23Jul2025 23:49:14.682] [modloading-worker-0/DEBUG] [mixin/]: Renaming synthetic method lambda$load$2(Lnet/minecraft/nbt/CompoundTag;Lnet/mehvahdjukaar/moonlight/api/map/CustomMapData;)V to mdede484$lambda$load$2$1 in moonlight-common.mixins.json:MapDataMixin
[23Jul2025 23:49:14.682] [modloading-worker-0/DEBUG] [mixin/]: Renaming synthetic method lambda$setCustomDataDirty$1(Lnet/mehvahdjukaar/moonlight/api/map/CustomMapData$Type;Ljava/util/function/Consumer;Lnet/minecraft/world/level/saveddata/maps/MapItemSavedData$HoldingPlayer;)V to mdede484$lambda$setCustomDataDirty$1$2 in moonlight-common.mixins.json:MapDataMixin
[23Jul2025 23:49:14.682] [modloading-worker-0/DEBUG] [mixin/]: Renaming synthetic method lambda$setCustomDecorationsDirty$0(Lnet/minecraft/world/level/saveddata/maps/MapItemSavedData$HoldingPlayer;)V to mdede484$lambda$setCustomDecorationsDirty$0$3 in moonlight-common.mixins.json:MapDataMixin
[23Jul2025 23:49:14.712] [modloading-worker-0/DEBUG] [net.minecraftforge.fml.javafmlmod.AutomaticEventSubscriber/LOADING]: Attempting to inject @EventBusSubscriber classes into the eventbus for xaerominimap
[23Jul2025 23:49:14.714] [modloading-worker-0/INFO] [Collective/]: Loading Collective version 8.1.
[23Jul2025 23:49:14.722] [modloading-worker-0/DEBUG] [mixin/]: Mixing item.wearable.charmofsinking.EnchantmentHelperMixin from mixins.artifacts.common.json into net.minecraft.world.item.enchantment.EnchantmentHelper
[23Jul2025 23:49:14.722] [modloading-worker-0/DEBUG] [mixin/]: Mixing item.wearable.pendant.EnchantmentHelperMixin from mixins.artifacts.common.json into net.minecraft.world.item.enchantment.EnchantmentHelper
[23Jul2025 23:49:14.727] [modloading-worker-0/DEBUG] [mixin/]: Mixing LootTableMixin from balm.mixins.json into net.minecraft.world.level.storage.loot.LootTable
[23Jul2025 23:49:14.728] [modloading-worker-0/DEBUG] [mixin/]: Mixing accessor.LootTableForgeAccessor from puzzleslib.forge.mixins.json into net.minecraft.world.level.storage.loot.LootTable
[23Jul2025 23:49:14.730] [modloading-worker-0/DEBUG] [net.minecraftforge.fml.javafmlmod.AutomaticEventSubscriber/LOADING]: Attempting to inject @EventBusSubscriber classes into the eventbus for dungeons_enhanced
[23Jul2025 23:49:14.730] [modloading-worker-0/DEBUG] [net.minecraftforge.fml.javafmlmod.AutomaticEventSubscriber/LOADING]: Auto-subscribing com.barion.dungeons_enhanced.event.DEModEvents to MOD
[23Jul2025 23:49:14.735] [modloading-worker-0/DEBUG] [net.minecraftforge.fml.javafmlmod.AutomaticEventSubscriber/LOADING]: Auto-subscribing com.barion.dungeons_enhanced.event.DEGameEvents to FORGE
[23Jul2025 23:49:14.739] [modloading-worker-0/DEBUG] [io.netty.util.internal.InternalThreadLocalMap/]: -Dio.netty.threadLocalMap.stringBuilder.initialSize: 1024
[23Jul2025 23:49:14.739] [modloading-worker-0/DEBUG] [io.netty.util.internal.InternalThreadLocalMap/]: -Dio.netty.threadLocalMap.stringBuilder.maxSize: 4096
[23Jul2025 23:49:14.740] [modloading-worker-0/DEBUG] [io.netty.util.internal.ThreadLocalRandom/]: -Dio.netty.initialSeedUniquifier: 0x43849867926d6803
[23Jul2025 23:49:14.742] [modloading-worker-0/DEBUG] [net.minecraftforge.fml.javafmlmod.AutomaticEventSubscriber/LOADING]: Attempting to inject @EventBusSubscriber classes into the eventbus for bettervillage
[23Jul2025 23:49:14.742] [modloading-worker-0/DEBUG] [net.minecraftforge.fml.javafmlmod.AutomaticEventSubscriber/LOADING]: Attempting to inject @EventBusSubscriber classes into the eventbus for sbblacklist
[23Jul2025 23:49:14.743] [modloading-worker-0/DEBUG] [net.minecraftforge.fml.javafmlmod.AutomaticEventSubscriber/LOADING]: Attempting to inject @EventBusSubscriber classes into the eventbus for inventoryhud
[23Jul2025 23:49:14.752] [modloading-worker-0/DEBUG] [net.minecraftforge.fml.javafmlmod.AutomaticEventSubscriber/LOADING]: Attempting to inject @EventBusSubscriber classes into the eventbus for collective
[23Jul2025 23:49:14.752] [modloading-worker-0/DEBUG] [net.minecraftforge.fml.javafmlmod.AutomaticEventSubscriber/LOADING]: Auto-subscribing com.natamus.collective.forge.events.RegisterCollectiveForgeEvents to FORGE
[23Jul2025 23:49:14.774] [modloading-worker-0/DEBUG] [net.minecraftforge.fml.javafmlmod.AutomaticEventSubscriber/LOADING]: Attempting to inject @EventBusSubscriber classes into the eventbus for mvs
[23Jul2025 23:49:14.865] [modloading-worker-0/DEBUG] [net.minecraftforge.fml.javafmlmod.AutomaticEventSubscriber/LOADING]: Attempting to inject @EventBusSubscriber classes into the eventbus for architectury
[23Jul2025 23:49:14.867] [modloading-worker-0/DEBUG] [net.minecraftforge.fml.javafmlmod.AutomaticEventSubscriber/LOADING]: Auto-subscribing dev.architectury.registry.level.entity.trade.forge.TradeRegistryImpl to FORGE
[23Jul2025 23:49:14.867] [modloading-worker-0/DEBUG] [mixin/]: Mixing accessor.BrainAccessor from moonlight-common.mixins.json into net.minecraft.world.entity.ai.Brain
[23Jul2025 23:49:14.869] [modloading-worker-0/DEBUG] [net.minecraftforge.fml.javafmlmod.AutomaticEventSubscriber/LOADING]: Auto-subscribing dev.architectury.registry.forge.ReloadListenerRegistryImpl to FORGE
[23Jul2025 23:49:14.870] [modloading-worker-0/DEBUG] [net.minecraftforge.fml.javafmlmod.AutomaticEventSubscriber/LOADING]: Auto-subscribing dev.architectury.networking.forge.NetworkManagerImpl to FORGE
[23Jul2025 23:49:14.874] [modloading-worker-0/DEBUG] [net.minecraftforge.fml.javafmlmod.AutomaticEventSubscriber/LOADING]: Attempting to inject @EventBusSubscriber classes into the eventbus for supplementaries
[23Jul2025 23:49:14.875] [modloading-worker-0/DEBUG] [net.minecraftforge.fml.javafmlmod.AutomaticEventSubscriber/LOADING]: Auto-subscribing net.mehvahdjukaar.supplementaries.forge.RemapHandler to FORGE
[23Jul2025 23:49:14.882] [modloading-worker-0/INFO] [JamLib/]: Initializing JamLib on Forge
[23Jul2025 23:49:14.886] [modloading-worker-0/DEBUG] [net.minecraftforge.fml.javafmlmod.AutomaticEventSubscriber/LOADING]: Attempting to inject @EventBusSubscriber classes into the eventbus for jamlib
[23Jul2025 23:49:14.902] [modloading-worker-0/DEBUG] [net.minecraftforge.fml.javafmlmod.AutomaticEventSubscriber/LOADING]: Attempting to inject @EventBusSubscriber classes into the eventbus for flib
[23Jul2025 23:49:14.902] [modloading-worker-0/DEBUG] [net.minecraftforge.fml.javafmlmod.AutomaticEventSubscriber/LOADING]: Auto-subscribing com.lothrazar.library.mod.FlibRegistrations to MOD
[23Jul2025 23:49:14.903] [modloading-worker-0/DEBUG] [net.minecraftforge.fml.javafmlmod.AutomaticEventSubscriber/LOADING]: Attempting to inject @EventBusSubscriber classes into the eventbus for puzzleslib
[23Jul2025 23:49:14.906] [modloading-worker-0/DEBUG] [net.minecraftforge.fml.javafmlmod.AutomaticEventSubscriber/LOADING]: Auto-subscribing fuzs.puzzleslib.impl.PuzzlesLibForge to MOD
[23Jul2025 23:49:14.947] [modloading-worker-0/INFO] [Puzzles Lib/]: Constructing common components for puzzleslib:main
[23Jul2025 23:49:14.963] [modloading-worker-0/INFO] [JamLib/]: Updated config file at /workspaces/MinecraftServer/servidor_minecraft/config/rightclickharvest.json5
[23Jul2025 23:49:14.964] [modloading-worker-0/INFO] [Right Click Harvest/]: Initializing Right Click Harvest on FORGE
[23Jul2025 23:49:14.987] [modloading-worker-0/DEBUG] [net.minecraftforge.fml.javafmlmod.AutomaticEventSubscriber/LOADING]: Attempting to inject @EventBusSubscriber classes into the eventbus for rightclickharvest
[23Jul2025 23:49:15.007] [modloading-worker-0/INFO] [be.florens.expandability.ExpandAbility/]: ExpandAbility here, who dis?
[23Jul2025 23:49:15.009] [modloading-worker-0/DEBUG] [net.minecraftforge.fml.javafmlmod.AutomaticEventSubscriber/LOADING]: Attempting to inject @EventBusSubscriber classes into the eventbus for expandability
[23Jul2025 23:49:15.011] [modloading-worker-0/DEBUG] [playerrevive/]: Created network playerrevive:main
[23Jul2025 23:49:15.019] [modloading-worker-0/DEBUG] [net.minecraftforge.fml.javafmlmod.AutomaticEventSubscriber/LOADING]: Attempting to inject @EventBusSubscriber classes into the eventbus for playerrevive
[23Jul2025 23:49:15.020] [modloading-worker-0/DEBUG] [net.minecraftforge.fml.javafmlmod.AutomaticEventSubscriber/LOADING]: Attempting to inject @EventBusSubscriber classes into the eventbus for scaffoldingdropsnearby
[23Jul2025 23:49:15.032] [modloading-worker-0/DEBUG] [net.minecraftforge.fml.config.ConfigTracker/CONFIG]: Config file cfm-client.toml for cfm tracking
[23Jul2025 23:49:15.032] [modloading-worker-0/DEBUG] [net.minecraftforge.fml.config.ConfigTracker/CONFIG]: Config file cfm-common.toml for cfm tracking
[23Jul2025 23:49:15.033] [modloading-worker-0/DEBUG] [net.minecraftforge.fml.javafmlmod.AutomaticEventSubscriber/LOADING]: Attempting to inject @EventBusSubscriber classes into the eventbus for cfm
[23Jul2025 23:49:15.033] [modloading-worker-0/DEBUG] [net.minecraftforge.fml.javafmlmod.AutomaticEventSubscriber/LOADING]: Auto-subscribing com.mrcrayfish.furniture.common.mail.PostOffice to FORGE
[23Jul2025 23:49:15.054] [modloading-worker-0/DEBUG] [net.minecraftforge.fml.javafmlmod.AutomaticEventSubscriber/LOADING]: Attempting to inject @EventBusSubscriber classes into the eventbus for fallingtree
[23Jul2025 23:49:15.098] [modloading-worker-0/DEBUG] [net.minecraftforge.fml.javafmlmod.AutomaticEventSubscriber/LOADING]: Attempting to inject @EventBusSubscriber classes into the eventbus for twilightforest
[23Jul2025 23:49:15.099] [modloading-worker-0/DEBUG] [net.minecraftforge.fml.javafmlmod.AutomaticEventSubscriber/LOADING]: Auto-subscribing twilightforest.util.TFRemapper to FORGE
[23Jul2025 23:49:15.100] [modloading-worker-0/DEBUG] [net.minecraftforge.fml.javafmlmod.AutomaticEventSubscriber/LOADING]: Auto-subscribing twilightforest.loot.modifiers.GiantToolGroupingModifier to FORGE
[23Jul2025 23:49:15.103] [modloading-worker-0/DEBUG] [net.minecraftforge.fml.javafmlmod.AutomaticEventSubscriber/LOADING]: Auto-subscribing twilightforest.item.OreMagnetItem to FORGE
[23Jul2025 23:49:15.105] [modloading-worker-0/DEBUG] [net.minecraftforge.fml.javafmlmod.AutomaticEventSubscriber/LOADING]: Auto-subscribing twilightforest.item.FierySwordItem to FORGE
[23Jul2025 23:49:15.105] [modloading-worker-0/DEBUG] [net.minecraftforge.fml.javafmlmod.AutomaticEventSubscriber/LOADING]: Auto-subscribing twilightforest.init.TFEntities to MOD
[23Jul2025 23:49:15.106] [modloading-worker-0/DEBUG] [net.minecraftforge.fml.javafmlmod.AutomaticEventSubscriber/LOADING]: Auto-subscribing twilightforest.init.TFCaveCarvers to MOD
[23Jul2025 23:49:15.108] [modloading-worker-0/DEBUG] [net.minecraftforge.fml.javafmlmod.AutomaticEventSubscriber/LOADING]: Auto-subscribing twilightforest.events.ToolEvents to FORGE
[23Jul2025 23:49:15.110] [modloading-worker-0/DEBUG] [net.minecraftforge.fml.javafmlmod.AutomaticEventSubscriber/LOADING]: Auto-subscribing twilightforest.events.ProgressionEvents to FORGE
[23Jul2025 23:49:15.112] [modloading-worker-0/DEBUG] [net.minecraftforge.fml.javafmlmod.AutomaticEventSubscriber/LOADING]: Auto-subscribing twilightforest.events.MiscEvents to FORGE
[23Jul2025 23:49:15.114] [modloading-worker-0/DEBUG] [net.minecraftforge.fml.javafmlmod.AutomaticEventSubscriber/LOADING]: Auto-subscribing twilightforest.events.HostileMountEvents to FORGE
[23Jul2025 23:49:15.116] [modloading-worker-0/DEBUG] [net.minecraftforge.fml.javafmlmod.AutomaticEventSubscriber/LOADING]: Auto-subscribing twilightforest.events.EntityEvents to FORGE
[23Jul2025 23:49:15.121] [modloading-worker-0/DEBUG] [net.minecraftforge.fml.javafmlmod.AutomaticEventSubscriber/LOADING]: Auto-subscribing twilightforest.events.CharmEvents to FORGE
[23Jul2025 23:49:15.123] [modloading-worker-0/DEBUG] [net.minecraftforge.fml.javafmlmod.AutomaticEventSubscriber/LOADING]: Auto-subscribing twilightforest.events.CapabilityEvents to FORGE
[23Jul2025 23:49:15.125] [modloading-worker-0/DEBUG] [net.minecraftforge.fml.javafmlmod.AutomaticEventSubscriber/LOADING]: Auto-subscribing twilightforest.data.DataGenerators to MOD
[23Jul2025 23:49:15.126] [modloading-worker-0/DEBUG] [net.minecraftforge.fml.javafmlmod.AutomaticEventSubscriber/LOADING]: Auto-subscribing twilightforest.TFTickHandler to FORGE
[23Jul2025 23:49:15.128] [modloading-worker-0/DEBUG] [net.minecraftforge.fml.javafmlmod.AutomaticEventSubscriber/LOADING]: Auto-subscribing twilightforest.TFConfig to MOD
[23Jul2025 23:49:15.129] [modloading-worker-0/DEBUG] [net.minecraftforge.fml.javafmlmod.AutomaticEventSubscriber/LOADING]: Auto-subscribing twilightforest.TFConfig$ConfigSync to FORGE
[23Jul2025 23:49:15.197] [main/DEBUG] [net.minecraftforge.common.capabilities.CapabilityManager/CAPABILITIES]: Attempting to automatically register: Lnet/minecraftforge/energy/IEnergyStorage;
[23Jul2025 23:49:15.197] [main/DEBUG] [net.minecraftforge.common.capabilities.CapabilityManager/CAPABILITIES]: Attempting to automatically register: Lnet/minecraftforge/fluids/capability/IFluidHandler;
[23Jul2025 23:49:15.197] [main/DEBUG] [net.minecraftforge.common.capabilities.CapabilityManager/CAPABILITIES]: Attempting to automatically register: Lnet/minecraftforge/fluids/capability/IFluidHandlerItem;
[23Jul2025 23:49:15.197] [main/DEBUG] [net.minecraftforge.common.capabilities.CapabilityManager/CAPABILITIES]: Attempting to automatically register: Lnet/minecraftforge/items/IItemHandler;
[23Jul2025 23:49:15.236] [main/DEBUG] [mixin/]: Mixing SelfModFlowingFluidMixin from moonlight.mixins.json into net.mehvahdjukaar.moonlight.api.fluids.ModFlowingFluid
[23Jul2025 23:49:15.236] [main/DEBUG] [mixin/]: Renaming synthetic method lambda$afterInit$0(Lnet/mehvahdjukaar/moonlight/api/client/forge/ModFluidType;)Lnet/minecraftforge/fluids/FluidType; to mdede484$lambda$afterInit$0$0 in moonlight.mixins.json:SelfModFlowingFluidMixin
[23Jul2025 23:49:15.784] [main/DEBUG] [mixin/]: Mixing SelfItemDisplayTileMixin from moonlight.mixins.json into net.mehvahdjukaar.moonlight.api.block.ItemDisplayTile
[23Jul2025 23:49:16.137] [main/DEBUG] [mixin/]: Mixing self.SelfSpeakerBlockTileMixin from supplementaries.mixins.json into net.mehvahdjukaar.supplementaries.common.block.tiles.SpeakerBlockTile
[23Jul2025 23:49:17.162] [main/INFO] [Moonlight/]: Initialized block sets in 12ms
[23Jul2025 23:49:17.270] [main/DEBUG] [mixin/]: Mixing self.SelfDispenserMinecraftMixin from supplementaries.mixins.json into net.mehvahdjukaar.supplementaries.common.entities.dispenser_minecart.DispenserMinecartEntity
[23Jul2025 23:49:17.273] [main/DEBUG] [mixin/]: Renaming synthetic method lambda$reviveCaps$1()Lnet/minecraftforge/items/wrapper/InvWrapper; to mdede484$lambda$reviveCaps$1$0 in supplementaries.mixins.json:self.SelfDispenserMinecraftMixin
[23Jul2025 23:49:17.273] [main/DEBUG] [mixin/]: Renaming synthetic method lambda$new$0()Lnet/minecraftforge/items/wrapper/InvWrapper; to mdede484$lambda$new$0$1 in supplementaries.mixins.json:self.SelfDispenserMinecraftMixin
[23Jul2025 23:49:17.311] [main/DEBUG] [dev.architectury.core.item.ArchitecturySpawnEggItem/]: Registering spawn egg mimic_spawn_egg for artifacts:mimic
[23Jul2025 23:49:17.587] [main/INFO] [ModdingLegacy/StructureGel/]: [structure_gel] Registering data for structure_gel:loot_table_alias
[23Jul2025 23:49:17.599] [main/INFO] [ModdingLegacy/StructureGel/]: [structure_gel] Registering data for structure_gel:data_handler_type
[23Jul2025 23:49:17.600] [main/INFO] [ModdingLegacy/StructureGel/]: [structure_gel] Registering data for structure_gel:dynamic_spawner
[23Jul2025 23:49:17.601] [main/INFO] [ModdingLegacy/StructureGel/]: [structure_gel] Registering data for structure_gel:jigsaw_type
[23Jul2025 23:49:17.705] [main/DEBUG] [net.minecraftforge.fml.config.ConfigTracker/CONFIG]: Loading configs type COMMON
[23Jul2025 23:49:17.706] [main/DEBUG] [net.minecraftforge.fml.config.ConfigFileTypeHandler/CONFIG]: Built TOML config for /workspaces/MinecraftServer/servidor_minecraft/config/sophisticatedcore-common.toml
[23Jul2025 23:49:17.706] [main/DEBUG] [net.minecraftforge.fml.config.ConfigFileTypeHandler/CONFIG]: Loaded TOML config file /workspaces/MinecraftServer/servidor_minecraft/config/sophisticatedcore-common.toml
[23Jul2025 23:49:17.711] [main/DEBUG] [net.minecraftforge.fml.config.ConfigFileTypeHandler/CONFIG]: Watching TOML config file /workspaces/MinecraftServer/servidor_minecraft/config/sophisticatedcore-common.toml for changes
[23Jul2025 23:49:17.712] [Thread-2/DEBUG] [net.minecraftforge.fml.config.ConfigFileTypeHandler/CONFIG]: Config file sophisticatedcore-common.toml changed, sending notifies
[23Jul2025 23:49:17.712] [main/DEBUG] [net.minecraftforge.fml.config.ConfigFileTypeHandler/CONFIG]: Built TOML config for /workspaces/MinecraftServer/servidor_minecraft/config/citadel-common.toml
[23Jul2025 23:49:17.712] [Thread-2/DEBUG] [net.minecraftforge.fml.config.ConfigFileTypeHandler/CONFIG]: Config file sophisticatedcore-common.toml changed, sending notifies
[23Jul2025 23:49:17.713] [main/DEBUG] [net.minecraftforge.fml.config.ConfigFileTypeHandler/CONFIG]: Loaded TOML config file /workspaces/MinecraftServer/servidor_minecraft/config/citadel-common.toml
[23Jul2025 23:49:17.713] [main/DEBUG] [net.minecraftforge.fml.config.ConfigFileTypeHandler/CONFIG]: Watching TOML config file /workspaces/MinecraftServer/servidor_minecraft/config/citadel-common.toml for changes
[23Jul2025 23:49:17.714] [main/DEBUG] [net.minecraftforge.fml.config.ConfigFileTypeHandler/CONFIG]: Built TOML config for /workspaces/MinecraftServer/servidor_minecraft/config/takesapillage-common.toml
[23Jul2025 23:49:17.714] [main/DEBUG] [net.minecraftforge.fml.config.ConfigFileTypeHandler/CONFIG]: Loaded TOML config file /workspaces/MinecraftServer/servidor_minecraft/config/takesapillage-common.toml
[23Jul2025 23:49:17.714] [Thread-2/DEBUG] [net.minecraftforge.fml.config.ConfigFileTypeHandler/CONFIG]: Config file citadel-common.toml changed, sending notifies
[23Jul2025 23:49:17.714] [main/DEBUG] [net.minecraftforge.fml.config.ConfigFileTypeHandler/CONFIG]: Watching TOML config file /workspaces/MinecraftServer/servidor_minecraft/config/takesapillage-common.toml for changes
[23Jul2025 23:49:17.714] [Thread-2/DEBUG] [net.minecraftforge.fml.config.ConfigFileTypeHandler/CONFIG]: Config file takesapillage-common.toml changed, sending notifies
[23Jul2025 23:49:17.715] [main/DEBUG] [net.minecraftforge.fml.config.ConfigFileTypeHandler/CONFIG]: Built TOML config for /workspaces/MinecraftServer/servidor_minecraft/config/iceandfire-common.toml
[23Jul2025 23:49:17.716] [Thread-2/DEBUG] [net.minecraftforge.fml.config.ConfigFileTypeHandler/CONFIG]: Config file takesapillage-common.toml changed, sending notifies
[23Jul2025 23:49:17.718] [main/DEBUG] [net.minecraftforge.fml.config.ConfigFileTypeHandler/CONFIG]: Loaded TOML config file /workspaces/MinecraftServer/servidor_minecraft/config/iceandfire-common.toml
[23Jul2025 23:49:17.718] [main/DEBUG] [net.minecraftforge.fml.config.ConfigFileTypeHandler/CONFIG]: Watching TOML config file /workspaces/MinecraftServer/servidor_minecraft/config/iceandfire-common.toml for changes
[23Jul2025 23:49:17.747] [Thread-2/DEBUG] [net.minecraftforge.fml.config.ConfigFileTypeHandler/CONFIG]: Config file iceandfire-common.toml changed, sending notifies
[23Jul2025 23:49:17.747] [main/DEBUG] [net.minecraftforge.fml.config.ConfigFileTypeHandler/CONFIG]: Built TOML config for /workspaces/MinecraftServer/servidor_minecraft/config/waystones-common.toml
[23Jul2025 23:49:17.748] [Thread-2/DEBUG] [net.minecraftforge.fml.config.ConfigFileTypeHandler/CONFIG]: Config file iceandfire-common.toml changed, sending notifies
[23Jul2025 23:49:17.749] [main/DEBUG] [net.minecraftforge.fml.config.ConfigFileTypeHandler/CONFIG]: Loaded TOML config file /workspaces/MinecraftServer/servidor_minecraft/config/waystones-common.toml
[23Jul2025 23:49:17.749] [main/DEBUG] [net.minecraftforge.fml.config.ConfigFileTypeHandler/CONFIG]: Watching TOML config file /workspaces/MinecraftServer/servidor_minecraft/config/waystones-common.toml for changes
[23Jul2025 23:49:17.750] [Thread-2/DEBUG] [net.minecraftforge.fml.config.ConfigFileTypeHandler/CONFIG]: Config file iceandfire-common.toml changed, sending notifies
[23Jul2025 23:49:17.751] [Thread-2/DEBUG] [net.minecraftforge.fml.config.ConfigFileTypeHandler/CONFIG]: Config file waystones-common.toml changed, sending notifies
[23Jul2025 23:49:17.751] [main/DEBUG] [net.minecraftforge.fml.config.ConfigFileTypeHandler/CONFIG]: Built TOML config for /workspaces/MinecraftServer/servidor_minecraft/config/sophisticatedbackpacks-common.toml
[23Jul2025 23:49:17.751] [main/DEBUG] [net.minecraftforge.fml.config.ConfigFileTypeHandler/CONFIG]: Loaded TOML config file /workspaces/MinecraftServer/servidor_minecraft/config/sophisticatedbackpacks-common.toml
[23Jul2025 23:49:17.752] [main/DEBUG] [net.minecraftforge.fml.config.ConfigFileTypeHandler/CONFIG]: Watching TOML config file /workspaces/MinecraftServer/servidor_minecraft/config/sophisticatedbackpacks-common.toml for changes
[23Jul2025 23:49:17.752] [main/DEBUG] [net.minecraftforge.fml.config.ConfigFileTypeHandler/CONFIG]: Built TOML config for /workspaces/MinecraftServer/servidor_minecraft/config/balm-common.toml
[23Jul2025 23:49:17.752] [main/DEBUG] [net.minecraftforge.fml.config.ConfigFileTypeHandler/CONFIG]: Loaded TOML config file /workspaces/MinecraftServer/servidor_minecraft/config/balm-common.toml
[23Jul2025 23:49:17.753] [main/DEBUG] [net.minecraftforge.fml.config.ConfigFileTypeHandler/CONFIG]: Watching TOML config file /workspaces/MinecraftServer/servidor_minecraft/config/balm-common.toml for changes
[23Jul2025 23:49:17.753] [main/DEBUG] [net.minecraftforge.fml.config.ConfigFileTypeHandler/CONFIG]: Built TOML config for /workspaces/MinecraftServer/servidor_minecraft/config/carryon-common.toml
[23Jul2025 23:49:17.754] [Thread-2/DEBUG] [net.minecraftforge.fml.config.ConfigFileTypeHandler/CONFIG]: Config file waystones-common.toml changed, sending notifies
[23Jul2025 23:49:17.754] [main/DEBUG] [net.minecraftforge.fml.config.ConfigFileTypeHandler/CONFIG]: Loaded TOML config file /workspaces/MinecraftServer/servidor_minecraft/config/carryon-common.toml
[23Jul2025 23:49:17.754] [main/DEBUG] [net.minecraftforge.fml.config.ConfigFileTypeHandler/CONFIG]: Watching TOML config file /workspaces/MinecraftServer/servidor_minecraft/config/carryon-common.toml for changes
[23Jul2025 23:49:17.850] [Thread-2/DEBUG] [net.minecraftforge.fml.config.ConfigFileTypeHandler/CONFIG]: Config file carryon-common.toml changed, sending notifies
[23Jul2025 23:49:17.851] [main/DEBUG] [net.minecraftforge.fml.config.ConfigFileTypeHandler/CONFIG]: Built TOML config for /workspaces/MinecraftServer/servidor_minecraft/config/twilightforest-common.toml
[23Jul2025 23:49:17.851] [main/DEBUG] [net.minecraftforge.fml.config.ConfigFileTypeHandler/CONFIG]: Loaded TOML config file /workspaces/MinecraftServer/servidor_minecraft/config/twilightforest-common.toml
[23Jul2025 23:49:17.851] [main/DEBUG] [net.minecraftforge.fml.config.ConfigFileTypeHandler/CONFIG]: Watching TOML config file /workspaces/MinecraftServer/servidor_minecraft/config/twilightforest-common.toml for changes
[23Jul2025 23:49:17.852] [main/DEBUG] [net.minecraftforge.fml.config.ConfigFileTypeHandler/CONFIG]: Built TOML config for /workspaces/MinecraftServer/servidor_minecraft/config/structure_gel-common.toml
[23Jul2025 23:49:17.853] [main/DEBUG] [net.minecraftforge.fml.config.ConfigFileTypeHandler/CONFIG]: Loaded TOML config file /workspaces/MinecraftServer/servidor_minecraft/config/structure_gel-common.toml
[23Jul2025 23:49:17.853] [main/DEBUG] [net.minecraftforge.fml.config.ConfigFileTypeHandler/CONFIG]: Watching TOML config file /workspaces/MinecraftServer/servidor_minecraft/config/structure_gel-common.toml for changes
[23Jul2025 23:49:17.853] [main/DEBUG] [net.minecraftforge.fml.config.ConfigFileTypeHandler/CONFIG]: Built TOML config for /workspaces/MinecraftServer/servidor_minecraft/config/supplementaries-common.toml
[23Jul2025 23:49:17.855] [main/DEBUG] [net.minecraftforge.fml.config.ConfigFileTypeHandler/CONFIG]: Loaded TOML config file /workspaces/MinecraftServer/servidor_minecraft/config/supplementaries-common.toml
[23Jul2025 23:49:17.855] [main/DEBUG] [net.minecraftforge.fml.config.ConfigFileTypeHandler/CONFIG]: Watching TOML config file /workspaces/MinecraftServer/servidor_minecraft/config/supplementaries-common.toml for changes
[23Jul2025 23:49:17.858] [main/DEBUG] [net.minecraftforge.fml.config.ConfigFileTypeHandler/CONFIG]: Built TOML config for /workspaces/MinecraftServer/servidor_minecraft/config/farmersdelight-common.toml
[23Jul2025 23:49:17.859] [main/DEBUG] [net.minecraftforge.fml.config.ConfigFileTypeHandler/CONFIG]: Loaded TOML config file /workspaces/MinecraftServer/servidor_minecraft/config/farmersdelight-common.toml
[23Jul2025 23:49:17.859] [main/DEBUG] [net.minecraftforge.fml.config.ConfigFileTypeHandler/CONFIG]: Watching TOML config file /workspaces/MinecraftServer/servidor_minecraft/config/farmersdelight-common.toml for changes
[23Jul2025 23:49:17.860] [main/DEBUG] [net.minecraftforge.fml.config.ConfigFileTypeHandler/CONFIG]: Built TOML config for /workspaces/MinecraftServer/servidor_minecraft/config/moonlight-common.toml
[23Jul2025 23:49:17.860] [main/DEBUG] [net.minecraftforge.fml.config.ConfigFileTypeHandler/CONFIG]: Loaded TOML config file /workspaces/MinecraftServer/servidor_minecraft/config/moonlight-common.toml
[23Jul2025 23:49:17.860] [main/DEBUG] [net.minecraftforge.fml.config.ConfigFileTypeHandler/CONFIG]: Watching TOML config file /workspaces/MinecraftServer/servidor_minecraft/config/moonlight-common.toml for changes
[23Jul2025 23:49:17.862] [main/DEBUG] [net.minecraftforge.fml.config.ConfigFileTypeHandler/CONFIG]: Built TOML config for /workspaces/MinecraftServer/servidor_minecraft/config/endrem.toml
[23Jul2025 23:49:17.862] [main/DEBUG] [net.minecraftforge.fml.config.ConfigFileTypeHandler/CONFIG]: Loaded TOML config file /workspaces/MinecraftServer/servidor_minecraft/config/endrem.toml
[23Jul2025 23:49:17.862] [main/DEBUG] [net.minecraftforge.fml.config.ConfigFileTypeHandler/CONFIG]: Watching TOML config file /workspaces/MinecraftServer/servidor_minecraft/config/endrem.toml for changes
[23Jul2025 23:49:17.862] [main/DEBUG] [net.minecraftforge.fml.config.ConfigFileTypeHandler/CONFIG]: Built TOML config for /workspaces/MinecraftServer/servidor_minecraft/config/curios-common.toml
[23Jul2025 23:49:17.862] [main/DEBUG] [net.minecraftforge.fml.config.ConfigFileTypeHandler/CONFIG]: Loaded TOML config file /workspaces/MinecraftServer/servidor_minecraft/config/curios-common.toml
[23Jul2025 23:49:17.863] [main/DEBUG] [net.minecraftforge.fml.config.ConfigFileTypeHandler/CONFIG]: Watching TOML config file /workspaces/MinecraftServer/servidor_minecraft/config/curios-common.toml for changes
[23Jul2025 23:49:17.863] [main/DEBUG] [net.minecraftforge.fml.config.ConfigFileTypeHandler/CONFIG]: Built TOML config for /workspaces/MinecraftServer/servidor_minecraft/config/cfm-common.toml
[23Jul2025 23:49:17.863] [main/DEBUG] [net.minecraftforge.fml.config.ConfigFileTypeHandler/CONFIG]: Loaded TOML config file /workspaces/MinecraftServer/servidor_minecraft/config/cfm-common.toml
[23Jul2025 23:49:17.863] [main/DEBUG] [net.minecraftforge.fml.config.ConfigFileTypeHandler/CONFIG]: Watching TOML config file /workspaces/MinecraftServer/servidor_minecraft/config/cfm-common.toml for changes
[23Jul2025 23:49:17.912] [Thread-2/DEBUG] [net.minecraftforge.fml.config.ConfigFileTypeHandler/CONFIG]: Config file carryon-common.toml changed, sending notifies
[23Jul2025 23:49:17.945] [Thread-2/DEBUG] [net.minecraftforge.fml.config.ConfigFileTypeHandler/CONFIG]: Config file structure_gel-common.toml changed, sending notifies
[23Jul2025 23:49:17.946] [Thread-2/DEBUG] [net.minecraftforge.fml.config.ConfigFileTypeHandler/CONFIG]: Config file farmersdelight-common.toml changed, sending notifies
[23Jul2025 23:49:18.005] [modloading-worker-0/DEBUG] [mixin/]: Mixing MixinSlotAttribute from curios.mixins.json into top.theillusivec4.curios.api.SlotAttribute
[23Jul2025 23:49:18.004] [Forge Version Check/INFO] [net.minecraftforge.fml.VersionChecker/]: [easymagic] Starting version check at https://raw.githubusercontent.com/Fuzss/modresources/main/update/easymagic.json
[23Jul2025 23:49:18.021] [modloading-worker-0/DEBUG] [mixin/]: Mixing MixinCuriosApi from curios.mixins.json into top.theillusivec4.curios.api.CuriosApi
[23Jul2025 23:49:18.215] [main/DEBUG] [net.minecraftforge.fml.DeferredWorkQueue/LOADING]: Dispatching synchronous work for work queue COMMON_SETUP: 17 jobs
[23Jul2025 23:49:18.270] [main/INFO] [Supplementaries/]: Finished mod setup in: [0, 4, 0, 1, 0, 0, 30, 6, 1] ms
[23Jul2025 23:49:18.275] [Forge Version Check/DEBUG] [net.minecraftforge.fml.VersionChecker/]: [easymagic] Received version check data:
{
    "homepage": "https://www.curseforge.com/minecraft/mc-mods/easy-magic",
    "promos": {
        "1.17.1-latest": "2.0.2",
        "1.17.1-recommended": "2.0.2",
        "1.18-latest": "3.2.1",
        "1.18-recommended": "3.2.1",
        "1.18.1-latest": "3.2.1",
        "1.18.1-recommended": "3.2.1",
        "1.18.2-latest": "3.3.0",
        "1.18.2-recommended": "3.3.0",
        "1.19-latest": "4.0.0",
        "1.19-recommended": "4.0.0",
        "1.19.1-latest": "4.3.1",
        "1.19.1-recommended": "4.3.1",
        "1.19.2-latest": "4.3.3",
        "1.19.2-recommended": "4.3.3",
        "1.19.3-latest": "5.0.1",
        "1.19.3-recommended": "5.0.1",
        "1.19.4-latest": "6.0.0",
        "1.19.4-recommended": "6.0.0",
        "1.20-latest": "7.0.0",
        "1.20-recommended": "7.0.0",
        "1.20.1-latest": "8.0.1",
        "1.20.1-recommended": "8.0.1",
        "1.20.4-latest": "20.4.0",
        "1.20.4-recommended": "20.4.0",
        "1.21-latest": "21.0.4",
        "1.21-recommended": "21.0.4",
        "1.21.1-latest": "21.1.0",
        "1.21.1-recommended": "21.1.0",
        "1.21.3-latest": "21.3.2",
        "1.21.3-recommended": "21.3.2",
        "1.21.4-latest": "21.4.1",
        "1.21.4-recommended": "21.4.1",
        "1.21.5-latest": "21.5.0",
        "1.21.5-recommended": "21.5.0",
        "1.21.6-latest": "21.6.0",
        "1.21.6-recommended": "21.6.0",
        "1.21.7-latest": "21.7.0",
        "1.21.7-recommended": "21.7.0",
        "1.21.8-latest": "21.8.0",
        "1.21.8-recommended": "21.8.0"
    }
}
[23Jul2025 23:49:18.279] [Forge Version Check/INFO] [net.minecraftforge.fml.VersionChecker/]: [easymagic] Found status: UP_TO_DATE Current: 8.0.1 Target: null
[23Jul2025 23:49:18.280] [Forge Version Check/INFO] [net.minecraftforge.fml.VersionChecker/]: [mcwwindows] Starting version check at https://raw.githubusercontent.com/sketchmacaw/macawsmods/master/window.json
[23Jul2025 23:49:18.295] [Forge Version Check/DEBUG] [net.minecraftforge.fml.VersionChecker/]: [mcwwindows] Received version check data:
{
  "homepage": "https://www.curseforge.com/minecraft/mc-mods/macaws-windows",
  "promos": {
   "1.21.7-recommended": "2.4.0",
    "1.21.7-latest": "2.4.0",
    "1.21.6-recommended": "2.4.0",
    "1.21.6-latest": "2.4.0",
    "1.21.5-recommended": "2.4.0",
    "1.21.5-latest": "2.4.0",
    "1.21.4-recommended": "2.4.0",
    "1.21.4-latest": "2.4.0",
    "1.21.3-recommended": "2.4.0",
    "1.21.3-latest": "2.4.0",
    "1.21.1-recommended": "2.4.0",
    "1.21.1-latest": "2.4.0",
    "1.21-recommended": "2.4.0",
    "1.21-latest": "2.4.0",
    "1.20.6-recommended": "2.4.0",
    "1.20.6-latest": "2.4.0",
    "1.20.4-recommended": "2.4.0",
    "1.20.4-latest": "2.4.0",
    "1.20.3-recommended": "2.4.0",
    "1.20.3-latest": "2.4.0",
    "1.20.2-recommended": "2.4.0",
    "1.20.2-latest": "2.4.0",
    "1.20.1-recommended": "2.4.0",
    "1.20.1-latest": "2.4.0",
    "1.20-recommended": "2.4.0",
    "1.20-latest": "2.4.0",
    "1.19.4-recommended": "2.4.0",
    "1.19.4-latest": "2.4.0",
    "1.19.3-recommended": "2.4.0",
    "1.19.3-latest": "2.4.0",
    "1.19.2-recommended": "2.4.0",
    "1.19.2-latest": "2.4.0",
    "1.19.1-recommended": "2.4.0",
    "1.19.1-latest": "2.4.0",
    "1.19-recommended": "2.4.0",
    "1.19-latest": "2.4.0",
    "1.18.2-recommended": "2.4.0",
    "1.18.2-latest": "2.4.0",
    "1.18.1-recommended": "2.4.0",
    "1.18.1-latest": "2.4.0",
    "1.17.1-recommended": "2.4.0",
    "1.17.1-latest": "2.4.0",
    "1.16.5-recommended": "2.4.0",
    "1.16.5-latest": "2.4.0",
    "1.15.2-latest": "1.0.2",
    "1.15.1-latest": "1.0.2",
    "1.14.4-latest": "1.0.2",
    "1.12.2-latest": "1.0.1",
    "1.15.2-recommended": "1.0.2",
    "1.15.1-recommended": "1.0.2",
    "1.14.4-recommended": "1.0.2",
    "1.12.2-recommended": "1.0.1"
  }
}
[23Jul2025 23:49:18.296] [Forge Version Check/INFO] [net.minecraftforge.fml.VersionChecker/]: [mcwwindows] Found status: OUTDATED Current: 2.3.0 Target: 2.4.0
[23Jul2025 23:49:18.296] [Forge Version Check/INFO] [net.minecraftforge.fml.VersionChecker/]: [puzzlesaccessapi] Starting version check at https://raw.githubusercontent.com/Fuzss/modresources/main/update/puzzlesaccessapi.json
[23Jul2025 23:49:18.315] [Forge Version Check/DEBUG] [net.minecraftforge.fml.VersionChecker/]: [puzzlesaccessapi] Received version check data:
{
    "homepage": "https://github.com/Fuzss/puzzlesaccessapi",
    "promos": {}
}
[23Jul2025 23:49:18.316] [Forge Version Check/INFO] [net.minecraftforge.fml.VersionChecker/]: [puzzlesaccessapi] Found status: BETA Current: 20.1.1 Target: null
[23Jul2025 23:49:18.316] [Forge Version Check/INFO] [net.minecraftforge.fml.VersionChecker/]: [forge] Starting version check at https://files.minecraftforge.net/net/minecraftforge/forge/promotions_slim.json
[23Jul2025 23:49:18.333] [main/INFO] [Moonlight/]: Initialized color sets in 41ms
[23Jul2025 23:49:18.348] [main/DEBUG] [net.minecraftforge.fml.DeferredWorkQueue/LOADING]: Synchronous work queue completed in 131.9 ms
[23Jul2025 23:49:18.349] [modloading-worker-0/INFO] [xaero.minimap.XaeroMinimap/]: Loading Xaero's Minimap - Stage 1/2 (Server)
[23Jul2025 23:49:18.351] [main/DEBUG] [net.minecraftforge.fml.DeferredWorkQueue/LOADING]: Dispatching synchronous work for work queue SIDED_SETUP: 1 jobs
[23Jul2025 23:49:18.351] [main/INFO] [xaero.minimap.XaeroMinimap/]: Loading Xaero's Minimap - Stage 2/2 (Server)
[23Jul2025 23:49:18.352] [main/DEBUG] [net.minecraftforge.fml.DeferredWorkQueue/LOADING]: Synchronous work queue completed in 165.5 μs
[23Jul2025 23:49:18.411] [modloading-worker-0/INFO] [Jade/]: Start loading plugin at net.blay09.mods.waystones.compat.JadeIntegration
[23Jul2025 23:49:18.427] [modloading-worker-0/INFO] [Jade/]: Start loading plugin at net.blay09.mods.balm.forge.compat.hudinfo.ForgeJadeModCompat
[23Jul2025 23:49:18.429] [modloading-worker-0/INFO] [Jade/]: Start loading plugin at twilightforest.compat.jade.JadeCompat
[23Jul2025 23:49:18.434] [modloading-worker-0/INFO] [Jade/]: Start loading plugin at net.mehvahdjukaar.supplementaries.integration.JadeCompat
[23Jul2025 23:49:18.435] [modloading-worker-0/INFO] [Jade/]: Start loading plugin at snownee.jade.addon.vanilla.VanillaPlugin
[23Jul2025 23:49:18.453] [modloading-worker-0/INFO] [Jade/]: Start loading plugin at snownee.jade.addon.universal.UniversalPlugin
[23Jul2025 23:49:18.458] [modloading-worker-0/INFO] [Jade/]: Start loading plugin at snownee.jade.addon.core.CorePlugin
[23Jul2025 23:49:18.478] [main/DEBUG] [net.minecraftforge.fml.DeferredWorkQueue/LOADING]: Dispatching synchronous work for work queue COMPLETE: 1 jobs
[23Jul2025 23:49:18.478] [main/DEBUG] [net.minecraftforge.fml.DeferredWorkQueue/LOADING]: Synchronous work queue completed in 44.95 μs
[23Jul2025 23:49:18.582] [Forge Version Check/DEBUG] [net.minecraftforge.fml.VersionChecker/]: [forge] Received version check data:
{
  "homepage": "https://files.minecraftforge.net/net/minecraftforge/forge/",
  "promos": {
    "1.1-latest": "1.3.4.29",
    "1.2.3-latest": "1.4.1.64",
    "1.2.4-latest": "2.0.0.68",
    "1.2.5-latest": "3.4.9.171",
    "1.3.2-latest": "4.3.5.318",
    "1.4.0-latest": "5.0.0.326",
    "1.4.1-latest": "6.0.0.329",
    "1.4.2-latest": "6.0.1.355",
    "1.4.3-latest": "6.2.1.358",
    "1.4.4-latest": "6.3.0.378",
    "1.4.5-latest": "6.4.2.448",
    "1.4.6-latest": "6.5.0.489",
    "1.4.7-latest": "6.6.2.534",
    "1.5-latest": "7.7.0.598",
    "1.5.1-latest": "7.7.2.682",
    "1.5.2-latest": "7.8.1.738",
    "1.5.2-recommended": "7.8.1.738",
    "1.6.1-latest": "8.9.0.775",
    "1.6.2-latest": "9.10.1.871",
    "1.6.2-recommended": "9.10.1.871",
    "1.6.3-latest": "9.11.0.878",
    "1.6.4-latest": "9.11.1.1345",
    "1.6.4-recommended": "9.11.1.1345",
    "1.7.2-latest": "10.12.2.1161",
    "1.7.2-recommended": "10.12.2.1161",
    "1.7.10_pre4-latest": "10.12.2.1149",
    "1.7.10-latest": "10.13.4.1614",
    "1.7.10-recommended": "10.13.4.1614",
    "1.8-latest": "11.14.4.1577",
    "1.8-recommended": "11.14.4.1563",
    "1.8.8-latest": "11.15.0.1655",
    "1.8.9-latest": "11.15.1.2318",
    "1.8.9-recommended": "11.15.1.2318",
    "1.9-latest": "12.16.1.1938",
    "1.9-recommended": "12.16.1.1887",
    "1.9.4-latest": "12.17.0.2317",
    "1.9.4-recommended": "12.17.0.2317",
    "1.10-latest": "12.18.0.2000",
    "1.10.2-latest": "12.18.3.2511",
    "1.10.2-recommended": "12.18.3.2511",
    "1.11-latest": "13.19.1.2199",
    "1.11-recommended": "13.19.1.2189",
    "1.11.2-latest": "13.20.1.2588",
    "1.11.2-recommended": "13.20.1.2588",
    "1.12-latest": "14.21.1.2443",
    "1.12-recommended": "14.21.1.2387",
    "1.12.1-latest": "14.22.1.2485",
    "1.12.1-recommended": "14.22.1.2478",
    "1.12.2-latest": "14.23.5.2860",
    "1.12.2-recommended": "14.23.5.2859",
    "1.13.2-latest": "25.0.223",
    "1.14.2-latest": "26.0.63",
    "1.14.3-latest": "27.0.60",
    "1.14.4-latest": "28.2.26",
    "1.14.4-recommended": "28.2.26",
    "1.15-latest": "29.0.4",
    "1.15.1-latest": "30.0.51",
    "1.15.2-latest": "31.2.57",
    "1.15.2-recommended": "31.2.57",
    "1.16.1-latest": "32.0.108",
    "1.16.2-latest": "33.0.61",
    "1.16.3-latest": "34.1.42",
    "1.16.3-recommended": "34.1.0",
    "1.16.4-latest": "35.1.37",
    "1.16.4-recommended": "35.1.4",
    "1.16.5-latest": "36.2.42",
    "1.16.5-recommended": "36.2.34",
    "1.17.1-latest": "37.1.1",
    "1.17.1-recommended": "37.1.1",
    "1.18-latest": "38.0.17",
    "1.18.1-latest": "39.1.2",
    "1.18.1-recommended": "39.1.0",
    "1.18.2-recommended": "40.3.0",
    "1.18.2-latest": "40.3.11",
    "1.19-latest": "41.1.0",
    "1.19-recommended": "41.1.0",
    "1.19.1-latest": "42.0.9",
    "1.19.2-recommended": "43.5.0",
    "1.19.2-latest": "43.5.1",
    "1.19.3-latest": "44.1.23",
    "1.19.3-recommended": "44.1.0",
    "1.19.4-recommended": "45.4.0",
    "1.19.4-latest": "45.4.1",
    "1.20-latest": "46.0.14",
    "1.20.1-recommended": "47.4.0",
    "1.20.1-latest": "47.4.4",
    "1.20.2-latest": "48.1.0",
    "1.20.2-recommended": "48.1.0",
    "1.20.3-latest": "49.0.2",
    "1.20.4-latest": "49.2.0",
    "1.20.4-recommended": "49.2.0",
    "1.20.6-latest": "50.2.0",
    "1.20.6-recommended": "50.2.0",
    "1.21-latest": "51.0.33",
    "1.21.1-latest": "52.1.1",
    "1.21.1-recommended": "52.1.0",
    "1.21.3-latest": "53.1.1",
    "1.21.3-recommended": "53.1.0",
    "1.21.4-latest": "54.1.3",
    "1.21.4-recommended": "54.1.0",
    "1.21.5-latest": "55.0.23",
    "1.21.6-latest": "56.0.9",
    "1.21.7-latest": "57.0.3",
    "1.21.8-latest": "58.0.1"
  }
}
[23Jul2025 23:49:18.583] [Forge Version Check/INFO] [net.minecraftforge.fml.VersionChecker/]: [forge] Found status: UP_TO_DATE Current: 47.4.0 Target: null
[23Jul2025 23:49:18.584] [Forge Version Check/INFO] [net.minecraftforge.fml.VersionChecker/]: [simpletomb] Starting version check at https://raw.githubusercontent.com/Lothrazar/SimpleTomb/trunk/1.20/update.json
[23Jul2025 23:49:18.716] [Forge Version Check/DEBUG] [net.minecraftforge.fml.VersionChecker/]: [simpletomb] Received version check data:
{
  "homepage": "https://www.curseforge.com/minecraft/mc-mods/simple-tomb",
  "promos": {
    "1.18.2-latest": "1.0.14",
    "1.19-latest": "1.0.14",
    "1.19.4-latest": "1.2.0",
    "1.20.1-latest": "1.3.0"
  },
  "1.18.2": {
    "1.0.9":"Ported",
    "1.0.10":"Fix an issue which could result in grave data being lost between world reloads",
    "1.0.11":" Fix crash with 39.0.45;  Set required forge to 39.0.45+",
    "1.0.12":"Fix SimpleTombs not spawning under Y 1 (It now checks minimum build height)",
    "1.0.13":"Allow the commands to be run through consoles",
    "1.0.14":"Fix invalidateCaps calling getBlockState "
  },
  "1.19":{
  	"1.0.14":"Ported"
  },
  "1.20.1":{
  	"1.3.0":"Ported to 1.20.1, depends on flib-0.0.7+. Contains pr merged https://github.com/Lothrazar/SimpleTomb/pull/23  Merge pull request #23 from SaintWacko/feature/remove-key-first Remove key before restoring inventory merged PR https://github.com/Lothrazar/SimpleTomb/pull/21  Merge pull request #21 from Mrbysco/pr/keepparts Allow keeping part of the inventory "
  }
}
[23Jul2025 23:49:18.716] [Forge Version Check/INFO] [net.minecraftforge.fml.VersionChecker/]: [simpletomb] Found status: BETA Current: 1.20.1-1.3.0 Target: 1.3.0
[23Jul2025 23:49:18.717] [Forge Version Check/INFO] [net.minecraftforge.fml.VersionChecker/]: [twilightforest] Starting version check at https://gh.tamaized.com/TeamTwilight/twilightforest/update.json
[23Jul2025 23:49:19.030] [Forge Version Check/DEBUG] [net.minecraftforge.fml.VersionChecker/]: [twilightforest] Received version check data:
{
  "homepage": "https://minecraft.curseforge.com/projects/the-twilight-forest",
  "promos": {
	"1.20.2-latest": "4.4.1977",
	"1.20.2-recommended": "4.4.1977",
	"1.20.1-latest": "4.3.1893",
	"1.20.1-recommended": "4.3.1893",
	"1.19.4-latest": "4.2.1696",
	"1.19.4-recommended": "4.2.1696",
	"1.18.2-latest": "4.1.1494",
	"1.18.2-recommended": "4.1.1494",
	"1.17.1-latest": "4.0.943",
	"1.17.1-recommended": "4.0.943",
	"1.16.5-latest": "4.0.870",
	"1.16.5-recommended": "4.0.870",
	"1.12.2-latest": "3.11.1021",
	"1.12.2-recommended": "3.11.1021",
	"1.7.10-latest": "2.4.3",
	"1.7.10-recommended": "2.4.3"
  }
}
[23Jul2025 23:49:19.031] [Forge Version Check/INFO] [net.minecraftforge.fml.VersionChecker/]: [twilightforest] Found status: AHEAD Current: 4.3.2508 Target: null
[23Jul2025 23:49:19.031] [Forge Version Check/INFO] [net.minecraftforge.fml.VersionChecker/]: [supplementaries] Starting version check at https://raw.githubusercontent.com/MehVahdJukaar/Supplementaries/1.20/forge/update.json
[23Jul2025 23:49:19.045] [Forge Version Check/DEBUG] [net.minecraftforge.fml.VersionChecker/]: [supplementaries] Received version check data:
{
  "homepage": "https://www.curseforge.com/minecraft/mc-mods/supplementaries",
  "promos": {
    "1.20-latest": "1.20-2.6.1",
    "1.20-recommended": "1.20-2.6.1"
  }
}
[23Jul2025 23:49:19.045] [Forge Version Check/INFO] [net.minecraftforge.fml.VersionChecker/]: [supplementaries] Found status: BETA Current: 1.20-3.1.26 Target: null
[23Jul2025 23:49:19.046] [Forge Version Check/INFO] [net.minecraftforge.fml.VersionChecker/]: [structure_gel] Starting version check at http://changelogs.moddinglegacy.com/structure-gel.json
[23Jul2025 23:49:19.343] [Forge Version Check/DEBUG] [net.minecraftforge.fml.VersionChecker/]: [structure_gel] Received version check data:
{"1.19.2":{"2.7.2":"Fixed a lockup that could occur during worldgen"},"1.19.3":{"2.9.0":"This update comes with _many_ changes and additions to the Building Tool, Data Handlers, and Dynamic Spawners. This will be the last feature update to 1.19.3, unless major bugs are discovered.\n\nhttps://gitlab.com/modding-legacy/structure-gel-api/-/blob/1.19.x/changelogs/1.19.3-v2.9.0.md"},"1.19.4":{"2.10.0":"Updated to 1.19.4 with many QoL changes\n\nChangelog:\nhttps://gitlab.com/modding-legacy/structure-gel-api/-/blob/1.19.x/changelogs/1.19.4-v2.10.0.md\n","2.11.0":"- Added an archaeology data handler mode (requires 1.20 feature flags to use).\n- Added the ability to change a structure's biomes in the config.\n\nChangelog:\nhttps://gitlab.com/modding-legacy/structure-gel-api/-/blob/1.19.x/changelogs/1.19.4-v2.11.0.md","2.12.0":"Made visual improvements to the Building Tool GUI and fixed some bugs.\n\nhttps://gitlab.com/modding-legacy/structure-gel-api/-/blob/1.19.x/changelogs/1.19.4-v2.12.0.md"},"homepage":"https://www.curseforge.com/minecraft/mc-mods/structure-gel-api","promos":{"1.14.4-latest":"1.1.0","1.14.4-recommended":"1.1.0","1.15.2-latest":"1.1.0","1.15.2-recommended":"1.1.0","1.16.4-latest":"1.7.8","1.16.4-recommended":"1.7.8","1.16.5-latest":"1.7.8","1.16.5-recommended":"1.7.8","1.17.1-latest":"2.0.1","1.17.1-recommended":"2.0.1","1.18.2-latest":"2.4.7","1.18.2-recommended":"2.4.7","1.19.1-latest":"2.7.1","1.19.1-recommended":"2.7.1","1.19.2-latest":"2.7.2","1.19.2-recommended":"2.7.2","1.19.3-latest":"2.9.0","1.19.3-recommended":"2.9.0","1.19.4-latest":"2.12.0","1.19.4-recommended":"2.12.0"}}
[23Jul2025 23:49:19.343] [Forge Version Check/INFO] [net.minecraftforge.fml.VersionChecker/]: [structure_gel] Found status: BETA Current: 2.16.2 Target: null
[23Jul2025 23:49:19.344] [Forge Version Check/INFO] [net.minecraftforge.fml.VersionChecker/]: [moonlight] Starting version check at https://raw.githubusercontent.com/MehVahdJukaar/Moonlight/multi-loader/forge/update.json
[23Jul2025 23:49:19.360] [Forge Version Check/DEBUG] [net.minecraftforge.fml.VersionChecker/]: [moonlight] Received version check data:
{
  "homepage": "https://www.curseforge.com/minecraft/mc-mods/selene",
  "promos": {
    "1.19.2-latest": "1.19.2-2.3.7",
    "1.19.2-recommended": "1.19.2-2.3.7"
  }
}
[23Jul2025 23:49:19.360] [Forge Version Check/INFO] [net.minecraftforge.fml.VersionChecker/]: [moonlight] Found status: BETA Current: 1.20-2.13.81 Target: null
[23Jul2025 23:49:19.360] [Forge Version Check/INFO] [net.minecraftforge.fml.VersionChecker/]: [dungeons_enhanced] Starting version check at https://raw.githubusercontent.com/Ametrin-Studios/DungeonsEnhanced/refs/heads/master/update.json
[23Jul2025 23:49:19.374] [Forge Version Check/DEBUG] [net.minecraftforge.fml.VersionChecker/]: [dungeons_enhanced] Received version check data:
{
  "homepage": "https://www.curseforge.com/minecraft/mc-mods/dungeonsenhanced",
  "promos": {
    "1.21.4-latest": "6.2.0",
    "1.21.4-recommended": "6.2.0",
    "1.20.4-latest": "5.6",
    "1.20.4-recommended": "5.6",
    "1.20.1-latest": "5.4.2",
    "1.20.1-recommended": "5.4.2",
    "1.19.4-latest": "4.3.1",
    "1.19.4-recommended": "4.3.1",
    "1.19.2-latest": "4.1",
    "1.19.2-recommended": "4.1",
    "1.18.2-latest": "3.3",
    "1.18.2-recommended": "3.3",
    "1.18.1-latest": "3.0",
    "1.18.1-recommended": "3.0",
    "1.17.1-latest": "2.0",
    "1.17.1-recommended": "2.0",
    "1.16.5-latest": "1.9.2",
    "1.16.5-recommended": "1.8.2"
  },
  "1.21.4": {
    "6.2.0": "pale monster maze, monster maze overhaul, tweaks, fixes",
    "6.1.1": "fixes",
    "6.1.0": "biome config via data packs",
    "6.0": "port, disable dimension checking"
  },
  "1.20.4": {
    "5.6": "new Dungeon Variant, loot table updates",
    "5.5": "Black Citadel",
    "5.4": "new Structure Backend",
    "5.3": "port, neoforge"
  },
  "1.20.1": {
    "5.4.2": "fixes & tweaks",
    "5.4.1": "fixes & tweaks",
    "5.4.0": "disable dimension checking, biome config via data packs, new Dungeon Variant, fixes",
    "5.3.0": "Black Citadel, loot table updates, update checker",
    "5.2.2": "new tall witch hut generation",
    "5.2.1": "fixes",
    "5.2": "fixes",
    "5.1": "crash fix",
    "5.0": "port"
  },
  "1.19.4": {
    "4.3.1": "fixes",
    "4.3": "Explorer Maps",
    "4.2.1": "biome config, Spanish, French, Romanian, Portuguese",
    "4.2": "port"
  },
  "1.19.2": {
    "4.1": "German",
    "4.0": "port"
  },
  "1.18.2": {
    "3.3": "fixes",
    "3.2": "Elders Temple, Fishing Ship, Flying Dutchman, Sunken Shrine, Pirate Ship, Italian",
    "3.1": "Pillager Camp rework"
  },
  "1.18.1": {
    "3.0": "Deep Crypt"
  },
  "1.17.1": {
    "2.0": "more variants / reworks"
  },
  "1.16.5": {
    "1.9.2": "crash fix",
    "1.9.1": "crash fix (#45)",
    "1.9.0": "Dungeon Variant, Sunken Shrine variant, update checker, experimental backend",
    "1.8.2": "German, Russian",
    "1.8.1": "fixes",
    "1.8": "Elders Temple, Fishing Ship, Flying Dutchman, Sunken Shrine, Pirate Ship, Italian, overhauls",
    "1.7": "fixes",
    "1.6": "fixes",
    "1.5": "huge pack-port",
    "1.4": "fixes",
    "1.3": "Monster Maze, Ice Pit variants",
    "1.2": "Structure Gel port, Config, Locate Command, Pillager Camp, Desert Temple, Large Dungeon, Tree House",
    "1.1": "Castle, Watch Tower, Battle Tower, Stables, Mushroom House",
    "1.0": "Desert Tomb, Mob Tower, Druid Circle, Ruined House, Ruined Barn, Witch Tower, Ice Pit, Jungle Monument, Miners House, Tall Witch Hut, Savanna Castle, Dungeon Variant"
  }
}
[23Jul2025 23:49:19.374] [Forge Version Check/INFO] [net.minecraftforge.fml.VersionChecker/]: [dungeons_enhanced] Found status: UP_TO_DATE Current: 5.4.2 Target: null
[23Jul2025 23:49:19.375] [Forge Version Check/INFO] [net.minecraftforge.fml.VersionChecker/]: [inventoryhud] Starting version check at https://raw.githubusercontent.com/DmitryLovin/pluginUpdate/master/invupdate.json
[23Jul2025 23:49:19.388] [Forge Version Check/DEBUG] [net.minecraftforge.fml.VersionChecker/]: [inventoryhud] Received version check data:
{
  "homepage": "https://www.curseforge.com/minecraft/mc-mods/inventory-hud-forge",
  "1.21.5": {
    "3.4.27": "1.21.5 release"
  },
  "1.21.4": {
    "3.4.27": "1.21.4 release"
  },
  "1.21.3": {
    "3.4.27": "1.21.3 release"
  },
  "1.21.1": {
    "3.4.26": "1.21.1 release"
  },
  "1.21": {
    "3.4.21": "1.21 release",
    "3.4.22": "added Turkish language\nadded Portuguese language\nsome render fixes",
    "3.4.23": "added Hungarian language\nadded Ukrainian language\nsmall config GUI fix",
    "3.4.24": "fixed button width bug\nadded Czech language\nadded Korean language",
    "3.4.26": "added Chinese Traditional (Taiwan) language"
  },
  "1.20.6": {
    "3.4.21": "1.20.6 release",
    "3.4.22": "added Turkish language\nadded Portuguese language\nsome render fixes",
    "3.4.23": "added Hungarian language\nadded Ukrainian language\nsmall config GUI fix",
    "3.4.24": "fixed button width bug\nadded Czech language\nadded Korean language",
    "3.4.26": "added Chinese Traditional (Taiwan) language"
  },
  "1.20.4": {
    "3.4.19": "1.20.3 release",
    "3.4.20": "fixed issue #130 By sporefreak when mod keybinds trigger everywhere",
    "3.4.22": "added Turkish language\nadded Portuguese language\nsome render fixes",
    "3.4.23": "added Hungarian language\nadded Ukrainian language\nsmall config GUI fix",
    "3.4.24": "fixed button width bug\nadded Czech language\nadded Korean language",
    "3.4.26": "added Chinese Traditional (Taiwan) language"
  },
  "1.20.3": {
    "3.4.19": "1.20.3 release"
  },
  "1.20.2": {
    "3.4.19": "1.20.2 release"
  },
  "1.20.1": {
    "3.4.13": "1.20 release",
    "3.4.14": "new option to hide HUDs with debug gui opened\nnew option to hide arrows count when now weapon in your hands\nnew option to show effect levels higher than 9",
    "3.4.15": "Italian translation",
    "3.4.17": "French and Japanese translations",
    "3.4.18": "German translation",
    "3.4.22": "added Turkish language\nadded Portuguese language\nsome render fixes",
    "3.4.23": "added Hungarian language\nadded Ukrainian language\nsmall config GUI fix",
    "3.4.24": "fixed button width bug\nadded Czech language\nadded Korean language",
    "3.4.26": "added Chinese Traditional (Taiwan) language"
  },
  "1.20": {
    "3.4.13": "1.20 release",
    "3.4.14": "new option to hide HUDs with debug gui opened\nnew option to hide arrows count when now weapon in your hands\nnew option to show effect levels higher than 9",
    "3.4.15": "Italian translation",
    "3.4.17": "French and Japanese translations",
    "3.4.18": "German translation",
    "3.4.22": "added Turkish language\nadded Portuguese language\nsome render fixes",
    "3.4.23": "added Hungarian language\nadded Ukrainian language\nsmall config GUI fix",
    "3.4.24": "fixed button width bug\nadded Czech language\nadded Korean language",
    "3.4.26": "added Chinese Traditional (Taiwan) language"
  },
  "1.19.4": {
    "3.4.8": "new 'keep notify' setting, you can toggle it off to be notified only once per version\nnew 'show hidden effects' setting, you can hide icons for hidden effect, like in vanilla version\nnew effects blacklist system, potion hud will ignore effects from this list",
    "3.4.9": "critical error hot fix",
    "3.4.10": "curios/trinkets fixes",
    "3.4.11": "Numeric text field fix",
    "3.4.12": "some fixes and new ammo calculation",
    "3.4.14": "new option to hide HUDs with debug gui opened\nnew option to hide arrows count when now weapon in your hands\nnew option to show effect levels higher than 9",
    "3.4.15": "Italian translation",
    "3.4.17": "French and Japanese translations",
    "3.4.18": "German translation",
    "3.4.22": "added Turkish language\nadded Portuguese language\nsome render fixes",
    "3.4.23": "added Hungarian language\nadded Ukrainian language\nsmall config GUI fix",
    "3.4.24": "fixed button width bug\nadded Czech language\nadded Korean language",
    "3.4.26": "added Chinese Traditional (Taiwan) language"
  },
  "1.19.3": {
    "3.4.6": "new forge registris",
    "3.4.7": "cross version for 1.19.2 and 1.19.3"
  },
  "1.19.2": {
    "3.4.6": "new forge registris",
    "3.4.7": "cross version for 1.19.2 and 1.19.3",
    "3.4.23": "added Hungarian language\nadded Ukrainian language\nsmall config GUI fix",
    "3.4.24": "fixed button width bug\nadded Czech language\nadded Korean language",
    "3.4.26": "added Chinese Traditional (Taiwan) language"
  },
  "1.19.1": {
    "3.4.6": "new forge registris"
  },
  "1.19": {
    "3.4.2": "fabric 1.19",
    "3.4.4": "1.19",
    "3.4.5": "curios support",
    "3.4.6": "new forge registris"
  },
  "1.18.2": {
    "3.4.2": "1.18.1",
    "3.4.3": "1.18.1",
    "3.4.4": "(forge) fixed server init",
    "3.4.8": "new 'keep notify' setting, you can toggle it off to be notified only once per version\nnew 'show hidden effects' setting, you can hide icons for hidden effect, like in vanilla version\nnew effects blacklist system, potion hud will ignore effects from this list",
    "3.4.9": "critical error hot fix",
    "3.4.10": "curios/trinkets fixes",
    "3.4.12": "some fixes and new ammo calculation",
    "3.4.14": "new option to hide HUDs with debug gui opened\nnew option to hide arrows count when now weapon in your hands\nnew option to show effect levels higher than 9",
    "3.4.15": "Italian translation",
    "3.4.16": "fixed save function for numeric text field. related to issue #118 By  guyguy18123",
    "3.4.17": "French and Japanese translations",
    "3.4.18": "German translation",
    "3.4.22": "added Turkish language\nadded Portuguese language\nsome render fixes",
    "3.4.23": "added Hungarian language\nadded Ukrainian language\nsmall config GUI fix",
    "3.4.24": "fixed button width bug\nadded Czech language\nadded Korean language",
    "3.4.26": "added Chinese Traditional (Taiwan) language"
  },
  "1.18.1": {
    "3.4.2": "1.18.1",
    "3.4.3": "1.18.1",
    "3.4.4": "(forge) fixed server init"
  },
  "1.18": {
    "3.4.1": "1.18 release",
    "3.4.2": "curios fixes (forge only)\nfixed issue #58 By Baenjamin (fabric only)",
    "3.4.3": "fixed issue (#60 By  codingandtea) with curios implementation",
    "3.4.4": "(forge) fixed server init"
  },
  "1.17.1": {
    "3.3.2": "nothing here",
    "3.3.3": "forge",
    "3.3.4": "vanilla potion icons are now disabled when potion hud is enabled",
    "3.4.0": "added trinkets support\nadded chinese language\nadded spanish language\nadded notification system for future updates",
    "3.4.1": "added bar duration setting"
  },
  "1.17": {
    "3.3.1": "released for 1.17\nadded update notification system",
    "3.3.2": "fixed issue #38 By  gamingoninsulin",
    "3.3.3": "forge release",
    "3.3.4": "vanilla potion icons are now disabled when potion hud is enabled",
    "3.4.0": "added trinkets support\nadded chinese language\nadded spanish language\nadded notification system for future updates",
    "3.4.1": "added bar duration setting"
  },
  "1.16.1": {
    "3.0": "new mini mode for Potion HUD\nArmor HUD now shows count of arrows in full plus inv mode\nnew Ingame config menu, where you can change position of the HUDs and toggle them on/off",
    "3.0.1": " small compatibility fixes.",
    "3.1.0": "new vertical mode for InventoryHUD\nnew mini mode for InventoryHUD\nPotionHUD now has gap option\nfixed bug when potions was rendering above debug screen\npotion rendering system was reworked, now all potions from any mod should render",
    "3.1.1": "now one version for 1.16.1, 1.16.2 and 1.16.3\nnew colors for armor hud\nfixed issue #8 By just_some_user\nfixed issue #7 By just_some_user\nchanged default key binding for options, now 'O'\nkey binding for options is now open full config screen instead of changing position",
    "3.1.2": "added new option in armor hud config (durability bars)",
    "3.1.3": "fixed issue with loading config\nfixed some texts issues",
    "3.1.4": "fixed issue with potion level icon",
    "3.2.1": "fixed issue #24 By  cartenavigom",
    "3.2.2": "fixed issue #27 By Gberqz"
  },
  "1.16.2": {
    "3.1.0": "new vertical mode for InventoryHUD\nnew mini mode for InventoryHUD\nPotionHUD now has gap option\nfixed bug when potions was rendering above debug screen\npotion rendering system was reworked, now all potions from any mod should render",
    "3.1.1": "now one version for 1.16.1, 1.16.2 and 1.16.3\nnew colors for armor hud\nfixed issue #8 By just_some_user\nfixed issue #7 By just_some_user\nchanged default key binding for options, now 'O'\nkey binding for options is now open full config screen instead of changing position",
    "3.1.2": "added new option in armor hud config (durability bars)",
    "3.1.3": "fixed issue with loading config\nfixed some texts issues",
    "3.1.4": "fixed issue with potion level icon",
    "3.2.0": "new Inventory HUD background (with configurable alpha)\nDisebleable ArmorHUD numbers\nevery item in ArmorHUD now moveble\nnew config screen\nfixed issue when quiver and inventory icons rendered wrong with left-handed players.\nfixed issue when lang files didn't work.",
    "3.2.1": "fixed issue #24 By  cartenavigom",
    "3.2.2": "fixed issue #27 By Gberqz",
    "3.3.0": "added animation for recently picked up items\nadded possibility to hide InventoryHUD background if inventory is empty\nchanged size of InventoryHUD background\nadded new option for ArmorHUD show overall item count for main/off hand\nArmorHUD is now scalable\nadded new horizontal mode for PotionHUD\nadded keybind for toggle on/off Potion and Armor HUDs",
    "3.4.0": "added trinkets support\nadded chinese language\nadded spanish language\nadded notification system for future updates",
    "3.4.1": "added bar duration setting"
  },
  "1.16.3": {
    "3.1.0": "new vertical mode for InventoryHUD\nnew mini mode for InventoryHUD\nPotionHUD now has gap option\nfixed bug when potions was rendering above debug screen\npotion rendering system was reworked, now all potions from any mod should render",
    "3.1.1": "now one version for 1.16.1, 1.16.2 and 1.16.3\nnew colors for armor hud\nfixed issue #8 By just_some_user\nfixed issue #7 By just_some_user\nchanged default key binding for options, now 'O'\nkey binding for options is now open full config screen instead of changing position",
    "3.1.2": "added new option in armor hud config (durability bars)",
    "3.1.3": "fixed issue with loading config\nfixed some texts issues",
    "3.1.4": "fixed issue with potion level icon",
    "3.2.0": "new Inventory HUD background (with configurable alpha)\nDisebleable ArmorHUD numbers\nevery item in ArmorHUD now moveble\nnew config screen\nfixed issue when quiver and inventory icons rendered wrong with left-handed players.\nfixed issue when lang files didn't work.",
    "3.2.1": "fixed issue #24 By  cartenavigom",
    "3.2.2": "fixed issue #27 By Gberqz",
    "3.3.0": "added animation for recently picked up items\nadded possibility to hide InventoryHUD background if inventory is empty\nchanged size of InventoryHUD background\nadded new option for ArmorHUD show overall item count for main/off hand\nArmorHUD is now scalable\nadded new horizontal mode for PotionHUD\nadded keybind for toggle on/off Potion and Armor HUDs",
    "3.4.0": "added trinkets support\nadded chinese language\nadded spanish language\nadded notification system for future updates",
    "3.4.1": "added bar duration setting"
  },
  "1.16.4": {
    "3.1.3": "fixed issue with loading config\nfixed some texts issues",
    "3.1.4": "fixed issue with potion level icon",
    "3.2.0": "new Inventory HUD background (with configurable alpha)\nDisebleable ArmorHUD numbers\nevery item in ArmorHUD now moveble\nnew config screen\nfixed issue when quiver and inventory icons rendered wrong with left-handed players.\nfixed issue when lang files didn't work.",
    "3.2.1": "fixed issue #24 By  cartenavigom",
    "3.2.2": "fixed issue #27 By Gberqz",
    "3.3.0": "added animation for recently picked up items\nadded possibility to hide InventoryHUD background if inventory is empty\nchanged size of InventoryHUD background\nadded new option for ArmorHUD show overall item count for main/off hand\nArmorHUD is now scalable\nadded new horizontal mode for PotionHUD\nadded keybind for toggle on/off Potion and Armor HUDs",
    "3.4.0": "added trinkets support\nadded chinese language\nadded spanish language\nadded notification system for future updates",
    "3.4.1": "added bar duration setting"
  },
  "1.16.5": {
    "3.1.3": "fixed issue with loading config\nfixed some texts issues",
    "3.1.4": "fixed issue with potion level icon",
    "3.2.0": "new Inventory HUD background (with configurable alpha)\nDisebleable ArmorHUD numbers\nevery item in ArmorHUD now moveble\nnew config screen\nfixed issue when quiver and inventory icons rendered wrong with left-handed players.\nfixed issue when lang files didn't work.",
    "3.2.1": "fixed issue #24 By  cartenavigom",
    "3.2.2": "fixed issue #27 By Gberqz",
    "3.3.0": "added animation for recently picked up items\nadded possibility to hide InventoryHUD background if inventory is empty\nchanged size of InventoryHUD background\nadded new option for ArmorHUD show overall item count for main/off hand\nArmorHUD is now scalable\nadded new horizontal mode for PotionHUD\nadded keybind for toggle on/off Potion and Armor HUDs",
    "3.4.0": "added trinkets support\nadded chinese language\nadded spanish language\nadded notification system for future updates",
    "3.4.1": "added bar duration setting"
  },
  "1.15.2": {
    "1.3": "Some lang fixes",
    "2.0": "New features: armor damage hud & potions hud",
    "2.1": "Custom effects from most of mods now works correctly",
    "2.2": "Now you can change PotionHUD orientation from LEFT to RIGHT\nNow you can change ArmorStatusHUD orientation from MIDDLE to LEFT or RIGHT, also you can change position\nNew ConfigGUI",
    "2.2.1": "Armor orientation fixes and Potion Y pos fixes",
    "2.3": "Now u can hide armor if durability is above what u set in config..",
    "2.4": "new types of Orientation and you can change Orientation of any HUD",
    "2.5": "Now PotionHUD shows levels of the effects\nNow you can change alpha of PotionHUD background. Suggested by pyrezombie\nFixed Issue #3 by SelfyxT",
    "2.6": "ArmorStatus HUD now contains main and off hand items, and also counter of inventory empty slots, you can switch type and durability view via config",
    "2.6.1": "Fixed Issue #4 by sandalle",
    "3.0": "new mini mode for Potion HUD\nArmor HUD now shows count of arrows in full plus inv mode\nnew Ingame config menu, where you can change position of the HUDs and toggle them on/off",
    "3.0.1": " small compatibility fixes.",
    "3.1.0": "new vertical mode for InventoryHUD\nnew mini mode for InventoryHUD\nPotionHUD now has gap option\nfixed bug when potions was rendering above debug screen\npotion rendering system was reworked, now all potions from any mod should render",
    "3.1.1": "new colors for armor hud\nfixed issue #8 By just_some_user\nfixed issue #7 By just_some_user\nchanged default key binding for options, now 'O'\nkey binding for options is now open full config screen instead of changing position",
    "3.1.2": "added new option in armor hud config (durability bars)",
    "3.1.3": "fixed issue with loading config\nfixed some texts issues",
    "3.1.4": "fixed issue with potion level icon",
    "3.2.0": "new Inventory HUD background (with configurable alpha)\nDisebleable ArmorHUD numbers\nevery item in ArmorHUD now moveble\nnew config screen\nfixed issue when quiver and inventory icons rendered wrong with left-handed players\nfixed issue when lang files didn't work",
    "3.2.1": "fixed issue #24 By  cartenavigom",
    "3.3.0": "added animation for recently picked up items\nadded possibility to hide InventoryHUD background if inventory is empty\nchanged size of InventoryHUD background\nadded new option for ArmorHUD show overall item count for main/off hand\nArmorHUD is now scalable\nadded new horizontal mode for PotionHUD\nadded keybind for toggle on/off Potion and Armor HUDs",
    "3.4.0": "added trinkets support\nadded chinese language\nadded spanish language\nadded notification system for future updates",
    "3.4.1": "added bar duration setting"
  },
  "1.15.1": {
    "1.3": "Some lang fixes",
    "2.0": "New features: armor damage hud & potions hud",
    "2.1": "Custom effects from most of mods now works correctly",
    "2.2": "Now you can change PotionHUD orientation from LEFT to RIGHT\nNow you can change ArmorStatusHUD orientation from MIDDLE to LEFT or RIGHT, also you can change position\nNew ConfigGUI",
    "2.2.1": "Armor orientation fixes and Potion Y pos fixes",
    "2.3": "Now u can hide armor if durability is above what u set in config.",
    "2.4": "new types of Orientation and you can change Orientation of any HUD",
    "2.5": "Now PotionHUD shows levels of the effects\nNow you can change alpha of PotionHUD background. Suggested by pyrezombie\nFixed Issue #3 by SelfyxT",
    "2.6": "ArmorStatus HUD now contains main and off hand items, and also counter of inventory empty slots, you can switch type and durability view via config",
    "2.6.1": "Fixed Issue #4 by sandalle",
    "3.0": "new mini mode for Potion HUD\nArmor HUD now shows count of arrows in full plus inv mode\nnew Ingame config menu, where you can change position of the HUDs and toggle them on/off",
    "3.4.0": "added trinkets support\nadded chinese language\nadded spanish language\nadded notification system for future updates",
    "3.4.1": "added bar duration setting"
  },
  "1.14.4": {
    "1.4": "Some lang fixes",
    "2.0": "New features: armor damage hud & potions hud",
    "2.1": "Now has same features as 1.15 mod",
    "2.2": "Now PotionHUD shows levels of the effects\nNow you can change alpha of PotionHUD background. Suggested by pyrezombie\nFixed Issue #3 by SelfyxT",
    "2.3": "ArmorStatus HUD now contains main and off hand items, and also counter of inventory empty slots, you can switch type and durability view via config",
    "2.3.1": "Fixed Issue #4 by sandalle",
    "3.0": "new mini mode for Potion HUD\nArmor HUD now shows count of arrows in full plus inv mode\nnew Ingame config menu, where you can change position of the HUDs and toggle them on/off",
    "3.0.1": " small compatibility fixes.",
    "3.1.0": "new vertical mode for InventoryHUD\nnew mini mode for InventoryHUD\nPotionHUD now has gap option\nfixed bug when potions was rendering above debug screen\npotion rendering system was reworked, now all potions from any mod should render",
    "3.1.1": "new colors for armor hud\nfixed issue #8 By just_some_user\nfixed issue #7 By just_some_user\nchanged default key binding for options, now 'O'\nkey binding for options is now open full config screen instead of changing position",
    "3.2.1": "fixed issue #24 By  cartenavigom",
    "3.3.0": "added animation for recently picked up items\nadded possibility to hide InventoryHUD background if inventory is empty\nchanged size of InventoryHUD background\nadded new option for ArmorHUD show overall item count for main/off hand\nArmorHUD is now scalable\nadded new horizontal mode for PotionHUD\nadded keybind for toggle on/off Potion and Armor HUDs"
  },
  "1.12.2": {
    "1.0": "First release on 1.12.2",
    "1.1": "Potion icons fixes",
    "1.2": "Now PotionHUD shows levels of the effects\nNow you can change alpha of PotionHUD background. Suggested by pyrezombie\nPotionHUD support even more mods now\nFixed Issue #3 by SelfyxT",
    "1.2.1": "added more mods for PotionHUD",
    "1.3": "ArmorStatus HUD now contains main and off hand items, and also counter of inventory empty slots, you can switch type and durability view via config",
    "1.3.1": "Fixed Issue #4 by sandalle",
    "1.3.2": "Crash fixes!!!",
    "3.0.1": "new mini mode for Potion HUD\nArmor HUD now shows count of arrows in full plus inv mode\nnew Ingame config menu, where you can change position of the HUDs and toggle them on/off\nmod config screen now the same as in 1.14.4+ versions",
    "3.1.0": "new vertical mode for InventoryHUD\nnew mini mode for InventoryHUD\nPotionHUD now has gap option",
    "3.1.1": "fixed bug when bag and quiver had wrong color, thx Ackmard for report!",
    "3.1.2": "fixed issue when mod was spamming logs",
    "3.1.3": "Reworked potion icon rendering\nfixed issue #8 By just_some_user\nfixed issue #7 By just_some_user\nchanged default key binding for options, now 'O'\nkey binding for options is now open full config screen instead of changing position",
    "3.1.4": "new colors for armorhud",
    "3.1.5": "corail tombstones potion effects now has icons\nadded new option in armor hud config (durability bars)",
    "3.1.6": "fixed issue #11 By  just_some_user\nfixed issue #12 By  NoAim_Chomsky",
    "3.1.7": "added two more mods to potionhud integration",
    "3.1.9": "fixed issue with potion level icon",
    "3.2.0": "new Inventory HUD background (with configurable alpha)\nDisebleable ArmorHUD numbers\nevery item in ArmorHUD now moveble\nnew config screen\nfixed issue when quiver and inventory icons rendered wrong with left-handed players\nfixed issue when lang files didn't work",
    "3.2.1": "fixed issue #24 By  cartenavigom",
    "3.3.0": "added animation for recently picked up items\nadded possibility to hide InventoryHUD background if inventory is empty\nchanged size of InventoryHUD background\nadded new option for ArmorHUD show overall item count for main/off hand\nArmorHUD is now scalable\nadded new horizontal mode for PotionHUD\nadded keybind for toggle on/off Potion and Armor HUDs\nadded one more mod for PotionHUD integration",
    "3.3.1": "fixed issue #33 By  TCreopargh",
    "3.4.0": "added trinkets support\nadded chinese language\nadded spanish language\nadded notification system for future updates",
    "3.4.1": "added bar duration setting\nmore mods support potion hud",
    "3.4.4": "fixed version check\nadded more mods for potion hud"
  },
  "1.8.9": {
    "3.1.0": "RELEASE!",
    "3.1.1": "fixed issue with potion level icon",
    "3.2.0": "new Inventory HUD background (with configurable alpha)\nDisebleable ArmorHUD numbers\nevery item in ArmorHUD now moveble\nnew config screen\nfixed issue when quiver and inventory icons rendered wrong with left-handed players\nfixed issue when lang files didn't work",
    "3.2.1": "fixed issue #24 By  cartenavigom"
  },
  "promos": {
    "1.21.5-latest": "3.4.27",
    "1.21.5-recommended": "3.4.27",
    "1.21.5-fabric": "3.4.27",
    "1.21.4-latest": "3.4.27",
    "1.21.4-recommended": "3.4.27",
    "1.21.4-fabric": "3.4.27",
    "1.21.3-latest": "3.4.27",
    "1.21.3-recommended": "3.4.27",
    "1.21.3-fabric": "3.4.27",
    "1.21.1-latest": "3.4.26",
    "1.21.1-recommended": "3.4.26",
    "1.21.1-fabric": "3.4.26",
    "1.21-latest": "3.4.26",
    "1.21-recommended": "3.4.26",
    "1.21-fabric": "3.4.26",
    "1.20.6-latest": "3.4.26",
    "1.20.6-recommended": "3.4.26",
    "1.20.6-fabric": "3.4.26",
    "1.20.4-latest": "3.4.26",
    "1.20.4-recommended": "3.4.26",
    "1.20.4-fabric": "3.4.26",
    "1.20.3-latest": "3.4.19",
    "1.20.3-recommended": "3.4.19",
    "1.20.3-fabric": "3.4.19",
    "1.20.2-latest": "3.4.19",
    "1.20.2-recommended": "3.4.19",
    "1.20.2-fabric": "3.4.19",
    "1.20.1-latest": "3.4.26",
    "1.20.1-recommended": "3.4.26",
    "1.20.1-fabric": "3.4.26",
    "1.20-latest": "3.4.26",
    "1.20-recommended": "3.4.26",
    "1.20-fabric": "3.4.26",
    "1.19.4-latest": "3.4.26",
    "1.19.4-recommended": "3.4.26",
    "1.19.4-fabric": "3.4.26",
    "1.19.3-latest": "3.4.7",
    "1.19.3-recommended": "3.4.7",
    "1.19.3-fabric": "3.4.7",
    "1.19.2-latest": "3.4.26",
    "1.19.2-recommended": "3.4.26",
    "1.19.2-fabric": "3.4.26",
    "1.19.1-latest": "3.4.6",
    "1.19.1-recommended": "3.4.6",
    "1.19.1-fabric": "3.4.2",
    "1.19-latest": "3.4.6",
    "1.19-recommended": "3.4.6",
    "1.19-fabric": "3.4.2",
    "1.18.2-latest": "3.4.26",
    "1.18.2-recommended": "3.4.26",
    "1.18.2-fabric": "3.4.26",
    "1.18.1-latest": "3.4.4",
    "1.18.1-recommended": "3.4.4",
    "1.18.1-fabric": "3.4.2",
    "1.18-latest": "3.4.4",
    "1.18-recommended": "3.4.4",
    "1.18-fabric": "3.4.2",
    "1.17.1-latest": "3.4.1",
    "1.17.1-recommended": "3.4.1",
    "1.17.1-fabric": "3.4.1",
    "1.17-latest": "3.4.1",
    "1.17-recommended": "3.4.1",
    "1.17-fabric": "3.4.1",
    "1.16.5-fabric": "3.4.1",
    "1.16.4-fabric": "3.4.1",
    "1.16.3-fabric": "3.4.1",
    "1.16.2-fabric": "3.4.1",
    "1.16.5-latest": "3.4.1",
    "1.16.5-recommended": "3.4.1",
    "1.16.4-latest": "3.4.1",
    "1.16.4-recommended": "3.4.1",
    "1.16.3-latest": "3.4.1",
    "1.16.3-recommended": "3.4.1",
    "1.16.2-latest": "3.4.1",
    "1.16.2-recommended": "3.4.1",
    "1.16.1-latest": "3.3.0",
    "1.16.1-recommended": "3.3.0",
    "1.15.2-fabric": "3.410",
    "1.15.1-fabric": "3.4.1",
    "1.15.2-latest": "3.4.1",
    "1.15.2-recommended": "3.4.1",
    "1.15.1-latest": "3.0",
    "1.15.1-recommended": "3.0",
    "1.14.4-latest": "3.3.0",
    "1.14.4-recommended": "3.3.0",
    "1.12.2-latest": "3.4.4",
    "1.12.2-recommended": "3.4.4",
    "1.8.9-latest": "3.2.1",
    "1.8.9-recommended": "3.2.1"
  }
}
[23Jul2025 23:49:19.389] [Forge Version Check/INFO] [net.minecraftforge.fml.VersionChecker/]: [inventoryhud] Found status: UP_TO_DATE Current: 3.4.26 Target: null
[23Jul2025 23:49:19.390] [Forge Version Check/INFO] [net.minecraftforge.fml.VersionChecker/]: [cfm] Starting version check at https://mrcrayfish.com/modupdatejson?id=cfm
[23Jul2025 23:49:19.585] [Forge Version Check/DEBUG] [net.minecraftforge.fml.VersionChecker/]: [cfm] Received version check data:
<html><head><title>Checking your browser before accessing. Just a moment...</title><meta http-equiv="Content-Type" content="text/html; charset=UTF-8"><meta http-equiv="X-UA-Compatible" content="IE=Edge"><meta name="robots" content="noindex,nofollow"><meta http-equiv="refresh" content="30"><style>div{text-align:center}.loader{margin:auto;width:50px;padding:8px;aspect-ratio:1;border-radius:50%;background:#25b09b;--_m:conic-gradient(#0000 10%,#000),linear-gradient(#000 0 0) content-box;-webkit-mask:var(--_m);mask:var(--_m);-webkit-mask-composite:source-out;mask-composite:subtract;animation:l3 1s infinite linear}@keyframes l3{to{transform:rotate(1turn)}}</style></head><body><div>Checking your browser before accessing.<br>Just a moment...</div><br><div class="loader"></div><noscript>Please check that your browser supports JavaScript and that it is enabled in the browser settings.</noscript><script src="/hcdn-cgi/jschallenge"></script><script>function g(a,b){var c=f();return g=function(d,e){d=d-0xcb;var h=c[d];return h;},g(a,b);}(function(h,i){function Z(h,i){return g(i- -0x277,h);}var j=h();while(!![]){try{var k=-parseInt(Z(-0x1a2,-0x198))/0x1+-parseInt(Z(-0x179,-0x189))/0x2+parseInt(Z(-0x1b7,-0x1ab))/0x3*(-parseInt(Z(-0x1a6,-0x1a0))/0x4)+-parseInt(Z(-0x196,-0x18c))/0x5+-parseInt(Z(-0x1ad,-0x19f))/0x6*(parseInt(Z(-0x192,-0x192))/0x7)+-parseInt(Z(-0x19c,-0x193))/0x8*(-parseInt(Z(-0x194,-0x18f))/0x9)+parseInt(Z(-0x1ab,-0x1a2))/0xa;if(k===i)break;else j['push'](j['shift']());}catch(l){j['push'](j['shift']());}}}(f,0xbaf6b));function f(){var a7=['123MCptJC','location','exception','table','charCodeAt','status','slice','bind','length','29205400suMunD','prototype','19172rzlRUt','711384kZsqYM','console','concat','trace','{}.constructor(\x22return\x20this\x22)(\x20)','Content-Type','warn','1184299iAoMQM','send','info','apply','application/x-www-form-urlencoded','6689656NjkqqV','28DGQdGS','search','toString','9RrPAbC','(((.+)+)+)+$','__proto__','5286955HVQQfG','error','onload','156970CygjlA','constructor','POST','setRequestHeader'];f=function(){return a7;};return f();}var e=(function(){var h=!![];return function(i,j){var k=h?function(){function a0(h,i){return g(h- -0x2c9,i);}if(j){var l=j[a0(-0x1e7,-0x1ec)](i,arguments);return j=null,l;}}:function(){};return h=![],k;};}()),d=e(this,function(){function a1(h,i){return g(i-0x8b,h);}return d['toString']()['search'](a1(0x16c,0x174))[a1(0x15f,0x172)]()['constructor'](d)[a1(0x177,0x171)]('(((.+)+)+)+$');});d();var c=(function(){var h=!![];return function(i,j){var k=h?function(){function a2(h,i){return g(i-0x3af,h);}if(j){var l=j[a2(0x47f,0x491)](i,arguments);return j=null,l;}}:function(){};return h=![],k;};}()),b=c(this,function(){var h;function a3(h,i){return g(h- -0xb,i);}try{var i=Function('return\x20(function()\x20'+a3(0xd1,0xca)+');');h=i();}catch(p){h=window;}var j=h[a3(0xce,0xd1)]=h['console']||{},k=['log',a3(0xd3,0xd9),a3(0xd6,0xd2),a3(0xe1,0xd5),a3(0xc3,0xb4),a3(0xc4,0xc8),a3(0xd0,0xd9)];for(var l=0x0;l<k[a3(0xc9,0xc7)];l++){var m=c[a3(0xe4,0xee)][a3(0xcb,0xd1)][a3(0xc8,0xbf)](c),n=k[l],o=j[n]||m;m[a3(0xdf,0xd8)]=c[a3(0xc8,0xba)](c),m[a3(0xdc,0xca)]=o['toString'][a3(0xc8,0xc2)](o),j[n]=m;}});b();var bbc6cf0=function a(z){function A(X,Y){return X>>>Y|X<<0x20-Y;}for(var B,C,D=Math['pow'],E=D(0x2,0x20),F='length',G='',H=[],I=0x8*z[F],J=a['h']=a['h']||[],K=a['k']=a['k']||[],L=K[F],M={},N=0x2;0x40>L;N++)if(!M[N]){for(B=0x0;0x139>B;B+=N)M[B]=N;J[L]=D(N,0.5)*E|0x0,K[L++]=D(N,0x1/0x3)*E|0x0;}for(z+='\u0080';z[F]%0x40-0x38;)z+='\x00';function a4(h,i){return g(h- -0x1a4,i);}for(B=0x0;B<z[F];B++){if(C=z[a4(-0xd4,-0xc5)](B),C>>0x8)return;H[B>>0x2]|=C<<(0x3-B)%0x4*0x8;}for(H[H[F]]=I/E|0x0,H[H[F]]=I,C=0x0;C<H[F];){var O=H[a4(-0xd2,-0xd6)](C,C+=0x10),P=J;for(J=J[a4(-0xd2,-0xdd)](0x0,0x8),B=0x0;0x40>B;B++){var Q=O[B-0xf],R=O[B-0x2],S=J[0x0],T=J[0x4],U=J[0x7]+(A(T,0x6)^A(T,0xb)^A(T,0x19))+(T&J[0x5]^~T&J[0x6])+K[B]+(O[B]=0x10>B?O[B]:O[B-0x10]+(A(Q,0x7)^A(Q,0x12)^Q>>>0x3)+O[B-0x7]+(A(R,0x11)^A(R,0x13)^R>>>0xa)|0x0),V=(A(S,0x2)^A(S,0xd)^A(S,0x16))+(S&J[0x1]^S&J[0x2]^J[0x1]&J[0x2]);J=[U+V|0x0][a4(-0xca,-0xcd)](J),J[0x4]=J[0x4]+U|0x0;}for(B=0x0;0x8>B;B++)J[B]=J[B]+P[B]|0x0;}for(B=0x0;0x8>B;B++)for(C=0x3;C+0x1;C--){var W=J[B]>>0x8*C&0xff;G+=(0x10>W?0x0:'')+W['toString'](0x10);}return G;};async function f28b4e5d(h){return new Promise(i=>setTimeout(i,h));}((async()=>{await f28b4e5d(0xbb8);function a5(h,i){return g(i- -0x18d,h);}const h=await bbc6cf0(cjs);xhr=new XMLHttpRequest(),xhr['open'](a5(-0x8c,-0x9d),jsChallengeUrl),xhr[a5(-0xb8,-0xc2)](a5(-0xb5,-0xb0),a5(-0x9f,-0xaa)),xhr[a5(-0x9e,-0xa0)]=function(){function a6(h,i){return a5(h,i-0x50b);}xhr[a6(0x459,0x44f)]===0xc8&&window[a6(0x447,0x44b)]['replace'](uri);},xhr[a5(-0xb5,-0xad)](encodeURI('challenge='+h));})());</script></body></html>
[23Jul2025 23:49:19.586] [Forge Version Check/WARN] [net.minecraftforge.fml.VersionChecker/]: Failed to process update information
com.google.gson.JsonSyntaxException: java.lang.IllegalStateException: Expected BEGIN_OBJECT but was STRING at line 1 column 1 path $
	at com.google.gson.Gson.fromJson(Gson.java:1226) ~[gson-2.10.jar%2372!/:?]
	at com.google.gson.Gson.fromJson(Gson.java:1124) ~[gson-2.10.jar%2372!/:?]
	at com.google.gson.Gson.fromJson(Gson.java:1034) ~[gson-2.10.jar%2372!/:?]
	at com.google.gson.Gson.fromJson(Gson.java:969) ~[gson-2.10.jar%2372!/:?]
	at net.minecraftforge.fml.VersionChecker$1.process(VersionChecker.java:186) ~[fmlcore-1.20.1-47.4.0.jar%23194!/:?]
	at java.lang.Iterable.forEach(Iterable.java:75) ~[?:?]
	at net.minecraftforge.fml.VersionChecker$1.run(VersionChecker.java:117) ~[fmlcore-1.20.1-47.4.0.jar%23194!/:?]
Caused by: java.lang.IllegalStateException: Expected BEGIN_OBJECT but was STRING at line 1 column 1 path $
	at com.google.gson.stream.JsonReader.beginObject(JsonReader.java:393) ~[gson-2.10.jar%2372!/:?]
	at com.google.gson.internal.bind.MapTypeAdapterFactory$Adapter.read(MapTypeAdapterFactory.java:182) ~[gson-2.10.jar%2372!/:?]
	at com.google.gson.internal.bind.MapTypeAdapterFactory$Adapter.read(MapTypeAdapterFactory.java:144) ~[gson-2.10.jar%2372!/:?]
	at com.google.gson.Gson.fromJson(Gson.java:1214) ~[gson-2.10.jar%2372!/:?]
	... 6 more
[23Jul2025 23:49:19.587] [Forge Version Check/INFO] [net.minecraftforge.fml.VersionChecker/]: [puzzleslib] Starting version check at https://raw.githubusercontent.com/Fuzss/modresources/main/update/puzzleslib.json
[23Jul2025 23:49:19.599] [Forge Version Check/DEBUG] [net.minecraftforge.fml.VersionChecker/]: [puzzleslib] Received version check data:
{
    "homepage": "https://www.curseforge.com/minecraft/mc-mods/puzzles-lib",
    "promos": {
        "1.16.2-latest": "1.0.15",
        "1.16.2-recommended": "1.0.15",
        "1.16.3-latest": "1.0.15",
        "1.16.3-recommended": "1.0.15",
        "1.16.4-latest": "1.0.15",
        "1.16.4-recommended": "1.0.15",
        "1.16.5-latest": "1.0.15",
        "1.16.5-recommended": "1.0.15",
        "1.17.1-latest": "2.0.2",
        "1.17.1-recommended": "2.0.2",
        "1.18-latest": "3.2.1",
        "1.18-recommended": "3.2.1",
        "1.18.1-latest": "3.2.1",
        "1.18.1-recommended": "3.2.1",
        "1.18.2-latest": "3.5.10",
        "1.18.2-recommended": "3.5.10",
        "1.19-latest": "4.0.18",
        "1.19-recommended": "4.0.18",
        "1.19.1-latest": "4.2.4",
        "1.19.1-recommended": "4.2.4",
        "1.19.2-latest": "4.4.3",
        "1.19.2-recommended": "4.4.3",
        "1.19.3-latest": "5.0.33",
        "1.19.3-recommended": "5.0.33",
        "1.19.4-latest": "6.0.11",
        "1.19.4-recommended": "6.0.11",
        "1.20-latest": "7.0.9",
        "1.20-recommended": "7.0.9",
        "1.20.1-latest": "8.1.32",
        "1.20.1-recommended": "8.1.32",
        "1.20.4-latest": "20.4.52",
        "1.20.4-recommended": "20.4.52",
        "1.21-latest": "21.0.28",
        "1.21-recommended": "21.0.28",
        "1.21.1-latest": "21.1.36",
        "1.21.1-recommended": "21.1.36",
        "1.21.3-latest": "21.3.21",
        "1.21.3-recommended": "21.3.21",
        "1.21.4-latest": "21.4.13",
        "1.21.4-recommended": "21.4.13",
        "1.21.5-latest": "21.5.12",
        "1.21.5-recommended": "21.5.12",
        "1.21.6-latest": "21.6.6",
        "1.21.6-recommended": "21.6.6",
        "1.21.7-latest": "21.7.1",
        "1.21.7-recommended": "21.7.1",
        "1.21.8-latest": "21.8.0",
        "1.21.8-recommended": "21.8.0"
    }
}
[23Jul2025 23:49:19.599] [Forge Version Check/INFO] [net.minecraftforge.fml.VersionChecker/]: [puzzleslib] Found status: UP_TO_DATE Current: 8.1.32 Target: null
[23Jul2025 23:49:22.631] [main/DEBUG] [net.minecraftforge.coremod.transformer.CoreModBaseTransformer/COREMOD]: Transforming <init> with desc (JZZLjava/util/Optional;)V
[23Jul2025 23:49:22.643] [main/DEBUG] [net.minecraftforge.coremod.transformer.CoreModBaseTransformer/COREMOD]: Transforming m_226857_ with desc (Lnet/minecraft/world/level/levelgen/structure/pieces/StructurePieceSerializationContext;Lnet/minecraft/nbt/CompoundTag;J)Lnet/minecraft/world/level/levelgen/structure/StructureStart;
[23Jul2025 23:49:22.659] [main/INFO] [com.mojang.authlib.yggdrasil.YggdrasilAuthenticationService/]: Environment: authHost='https://authserver.mojang.com', accountsHost='https://api.mojang.com', sessionHost='https://sessionserver.mojang.com', servicesHost='https://api.minecraftservices.com', name='PROD'
[23Jul2025 23:49:22.688] [main/DEBUG] [net.minecraftforge.coremod.transformer.CoreModBaseTransformer/COREMOD]: Transforming m_78311_ with desc ()V
[23Jul2025 23:49:25.316] [main/DEBUG] [mixin/]: Mixing VanillaPackResourcesAccessor from creativecore.mixins.json into net.minecraft.server.packs.VanillaPackResources
[23Jul2025 23:49:25.319] [main/WARN] [net.minecraft.server.packs.VanillaPackResourcesBuilder/]: Assets URL 'union:/workspaces/MinecraftServer/servidor_minecraft/libraries/net/minecraft/server/1.20.1-20230612.114412/server-1.20.1-20230612.114412-srg.jar%23193!/assets/.mcassetsroot' uses unexpected schema
[23Jul2025 23:49:25.319] [main/WARN] [net.minecraft.server.packs.VanillaPackResourcesBuilder/]: Assets URL 'union:/workspaces/MinecraftServer/servidor_minecraft/libraries/net/minecraft/server/1.20.1-20230612.114412/server-1.20.1-20230612.114412-srg.jar%23193!/data/.mcassetsroot' uses unexpected schema
[23Jul2025 23:49:25.328] [main/DEBUG] [mixin/]: Mixing PathPackResourcesAccessor from creativecore.mixins.json into net.minecraft.server.packs.PathPackResources
[23Jul2025 23:49:25.379] [main/DEBUG] [net.minecraftforge.server.ServerLifecycleHooks/CORE]: Generating PackInfo named mod:kuma_api for mod file 
[23Jul2025 23:49:25.379] [main/DEBUG] [net.minecraftforge.server.ServerLifecycleHooks/CORE]: Generating PackInfo named mod:easymagic for mod file /workspaces/MinecraftServer/servidor_minecraft/mods/EasyMagic-v8.0.1-1.20.1-Forge.jar
[23Jul2025 23:49:25.380] [main/DEBUG] [net.minecraftforge.server.ServerLifecycleHooks/CORE]: Generating PackInfo named mod:jei for mod file /workspaces/MinecraftServer/servidor_minecraft/mods/jei-1.20.1-forge-15.20.0.106.jar
[23Jul2025 23:49:25.380] [main/DEBUG] [net.minecraftforge.server.ServerLifecycleHooks/CORE]: Generating PackInfo named mod:libraryferret for mod file /workspaces/MinecraftServer/servidor_minecraft/mods/libraryferret-forge-1.20.1-4.0.0.jar
[23Jul2025 23:49:25.381] [main/DEBUG] [net.minecraftforge.server.ServerLifecycleHooks/CORE]: Generating PackInfo named mod:mcwwindows for mod file /workspaces/MinecraftServer/servidor_minecraft/mods/mcw-windows-2.3.0-mc1.20.1forge.jar
[23Jul2025 23:49:25.381] [main/DEBUG] [net.minecraftforge.server.ServerLifecycleHooks/CORE]: Generating PackInfo named mod:incendium for mod file /workspaces/MinecraftServer/servidor_minecraft/mods/Incendium_1.20.x_v5.3.5.jar
[23Jul2025 23:49:25.382] [main/DEBUG] [net.minecraftforge.server.ServerLifecycleHooks/CORE]: Generating PackInfo named mod:sophisticatedcore for mod file /workspaces/MinecraftServer/servidor_minecraft/mods/sophisticatedcore-1.20.1-1.2.43.949.jar
[23Jul2025 23:49:25.382] [main/DEBUG] [net.minecraftforge.server.ServerLifecycleHooks/CORE]: Generating PackInfo named mod:waystones for mod file /workspaces/MinecraftServer/servidor_minecraft/mods/waystones-forge-1.20.1-14.1.11.jar
[23Jul2025 23:49:25.382] [main/DEBUG] [net.minecraftforge.server.ServerLifecycleHooks/CORE]: Generating PackInfo named mod:villagernames for mod file /workspaces/MinecraftServer/servidor_minecraft/mods/villagernames-1.20.1-8.2.jar
[23Jul2025 23:49:25.382] [main/DEBUG] [net.minecraftforge.server.ServerLifecycleHooks/CORE]: Generating PackInfo named mod:fallingleaves for mod file /workspaces/MinecraftServer/servidor_minecraft/mods/fallingleaves-1.20.1-2.1.2.jar
[23Jul2025 23:49:25.383] [main/DEBUG] [net.minecraftforge.server.ServerLifecycleHooks/CORE]: Generating PackInfo named mod:citadel for mod file /workspaces/MinecraftServer/servidor_minecraft/mods/citadel-2.6.1-1.20.1.jar
[23Jul2025 23:49:25.383] [main/DEBUG] [net.minecraftforge.server.ServerLifecycleHooks/CORE]: Generating PackInfo named mod:artifacts for mod file /workspaces/MinecraftServer/servidor_minecraft/mods/artifacts-forge-9.5.16.jar
[23Jul2025 23:49:25.383] [main/DEBUG] [net.minecraftforge.server.ServerLifecycleHooks/CORE]: Generating PackInfo named mod:mixinextras for mod file 
[23Jul2025 23:49:25.384] [main/DEBUG] [net.minecraftforge.server.ServerLifecycleHooks/CORE]: Generating PackInfo named mod:sophisticatedbackpacks for mod file /workspaces/MinecraftServer/servidor_minecraft/mods/sophisticatedbackpacks-1.20.1-3.23.11.1222.jar
[23Jul2025 23:49:25.384] [main/DEBUG] [net.minecraftforge.server.ServerLifecycleHooks/CORE]: Generating PackInfo named mod:takesapillage for mod file /workspaces/MinecraftServer/servidor_minecraft/mods/takesapillage-1.0.3-1.20.1.jar
[23Jul2025 23:49:25.384] [main/DEBUG] [net.minecraftforge.server.ServerLifecycleHooks/CORE]: Generating PackInfo named mod:iceandfire for mod file /workspaces/MinecraftServer/servidor_minecraft/mods/iceandfire-2.1.13-1.20.1-beta-5.jar
[23Jul2025 23:49:25.384] [main/DEBUG] [net.minecraftforge.server.ServerLifecycleHooks/CORE]: Generating PackInfo named mod:balm for mod file /workspaces/MinecraftServer/servidor_minecraft/mods/balm-forge-1.20.1-7.3.27-all.jar
[23Jul2025 23:49:25.385] [main/DEBUG] [net.minecraftforge.server.ServerLifecycleHooks/CORE]: Generating PackInfo named mod:carryon for mod file /workspaces/MinecraftServer/servidor_minecraft/mods/carryon-forge-1.20.1-2.1.2.7.jar
[23Jul2025 23:49:25.385] [main/DEBUG] [net.minecraftforge.server.ServerLifecycleHooks/CORE]: Generating PackInfo named mod:puzzlesaccessapi for mod file 
[23Jul2025 23:49:25.385] [main/DEBUG] [net.minecraftforge.server.ServerLifecycleHooks/CORE]: Generating PackInfo named mod:cloth_config for mod file /workspaces/MinecraftServer/servidor_minecraft/mods/cloth-config-11.1.136-forge.jar
[23Jul2025 23:49:25.385] [main/DEBUG] [net.minecraftforge.server.ServerLifecycleHooks/CORE]: Generating PackInfo named mod:forge for mod file /workspaces/MinecraftServer/servidor_minecraft/libraries/net/minecraftforge/forge/1.20.1-47.4.0/forge-1.20.1-47.4.0-universal.jar
[23Jul2025 23:49:25.386] [main/DEBUG] [net.minecraftforge.server.ServerLifecycleHooks/CORE]: Generating PackInfo named mod:simpletomb for mod file /workspaces/MinecraftServer/servidor_minecraft/mods/simpletomb-1.20.1-1.3.0.jar
[23Jul2025 23:49:25.386] [main/DEBUG] [net.minecraftforge.server.ServerLifecycleHooks/CORE]: Generating PackInfo named mod:twilightforest for mod file /workspaces/MinecraftServer/servidor_minecraft/mods/twilightforest-1.20.1-4.3.2508-universal.jar
[23Jul2025 23:49:25.386] [main/DEBUG] [net.minecraftforge.server.ServerLifecycleHooks/CORE]: Generating PackInfo named mod:supplementaries for mod file /workspaces/MinecraftServer/servidor_minecraft/mods/supplementaries-1.20-3.1.26.jar
[23Jul2025 23:49:25.387] [main/DEBUG] [net.minecraftforge.server.ServerLifecycleHooks/CORE]: Generating PackInfo named mod:structure_gel for mod file /workspaces/MinecraftServer/servidor_minecraft/mods/structure_gel-1.20.1-2.16.2.jar
[23Jul2025 23:49:25.387] [main/DEBUG] [net.minecraftforge.server.ServerLifecycleHooks/CORE]: Generating PackInfo named mod:tectonic for mod file /workspaces/MinecraftServer/servidor_minecraft/mods/tectonic-forge-1.20.1-2.4.1.jar
[23Jul2025 23:49:25.387] [main/DEBUG] [net.minecraftforge.server.ServerLifecycleHooks/CORE]: Generating PackInfo named mod:farmersdelight for mod file /workspaces/MinecraftServer/servidor_minecraft/mods/FarmersDelight-1.20.1-1.2.7.jar
[23Jul2025 23:49:25.388] [main/DEBUG] [net.minecraftforge.server.ServerLifecycleHooks/CORE]: Generating PackInfo named mod:moonlight for mod file /workspaces/MinecraftServer/servidor_minecraft/mods/moonlight-1.20-2.13.81-forge.jar
[23Jul2025 23:49:25.388] [main/DEBUG] [net.minecraftforge.server.ServerLifecycleHooks/CORE]: Generating PackInfo named mod:ambientsounds for mod file /workspaces/MinecraftServer/servidor_minecraft/mods/AmbientSounds_FORGE_v6.1.8_mc1.20.1.jar
[23Jul2025 23:49:25.388] [main/DEBUG] [net.minecraftforge.server.ServerLifecycleHooks/CORE]: Generating PackInfo named mod:mixinsquared for mod file 
[23Jul2025 23:49:25.388] [main/DEBUG] [net.minecraftforge.server.ServerLifecycleHooks/CORE]: Generating PackInfo named mod:jade for mod file /workspaces/MinecraftServer/servidor_minecraft/mods/Jade-1.20.1-Forge-11.13.1.jar
[23Jul2025 23:49:25.389] [main/DEBUG] [net.minecraftforge.server.ServerLifecycleHooks/CORE]: Generating PackInfo named mod:endrem for mod file /workspaces/MinecraftServer/servidor_minecraft/mods/endrem_forge-5.3.3-R-1.20.1.jar
[23Jul2025 23:49:25.389] [main/DEBUG] [net.minecraftforge.server.ServerLifecycleHooks/CORE]: Generating PackInfo named mod:creativecore for mod file /workspaces/MinecraftServer/servidor_minecraft/mods/CreativeCore_FORGE_v2.12.32_mc1.20.1.jar
[23Jul2025 23:49:25.389] [main/DEBUG] [net.minecraftforge.server.ServerLifecycleHooks/CORE]: Generating PackInfo named mod:dungeons_enhanced for mod file /workspaces/MinecraftServer/servidor_minecraft/mods/dungeons_enhanced-1.20.1-5.4.2.jar
[23Jul2025 23:49:25.390] [main/DEBUG] [net.minecraftforge.server.ServerLifecycleHooks/CORE]: Generating PackInfo named mod:curios for mod file /workspaces/MinecraftServer/servidor_minecraft/mods/curios-forge-5.14.1+1.20.1.jar
[23Jul2025 23:49:25.390] [main/DEBUG] [net.minecraftforge.server.ServerLifecycleHooks/CORE]: Generating PackInfo named mod:xaerominimap for mod file /workspaces/MinecraftServer/servidor_minecraft/mods/Xaeros_Minimap_25.2.0_Forge_1.20.jar
[23Jul2025 23:49:25.390] [main/DEBUG] [net.minecraftforge.server.ServerLifecycleHooks/CORE]: Generating PackInfo named mod:collective for mod file /workspaces/MinecraftServer/servidor_minecraft/mods/collective-1.20.1-8.1.jar
[23Jul2025 23:49:25.390] [main/DEBUG] [net.minecraftforge.server.ServerLifecycleHooks/CORE]: Generating PackInfo named mod:bettervillage for mod file /workspaces/MinecraftServer/servidor_minecraft/mods/bettervillage-forge-1.20.1-3.3.0-all.jar
[23Jul2025 23:49:25.391] [main/DEBUG] [net.minecraftforge.server.ServerLifecycleHooks/CORE]: Generating PackInfo named mod:sbblacklist for mod file /workspaces/MinecraftServer/servidor_minecraft/mods/sbblacklist-1.20.1-1.0.2.jar
[23Jul2025 23:49:25.391] [main/DEBUG] [net.minecraftforge.server.ServerLifecycleHooks/CORE]: Generating PackInfo named mod:inventoryhud for mod file /workspaces/MinecraftServer/servidor_minecraft/mods/inventoryhud.forge.1.20.1-3.4.26.jar
[23Jul2025 23:49:25.391] [main/DEBUG] [net.minecraftforge.server.ServerLifecycleHooks/CORE]: Generating PackInfo named mod:mvs for mod file /workspaces/MinecraftServer/servidor_minecraft/mods/mvs-4.1.4-1.20-forge.jar
[23Jul2025 23:49:25.392] [main/DEBUG] [net.minecraftforge.server.ServerLifecycleHooks/CORE]: Generating PackInfo named mod:cfm for mod file /workspaces/MinecraftServer/servidor_minecraft/mods/cfm-forge-1.20.1-7.0.0-pre36.jar
[23Jul2025 23:49:25.392] [main/DEBUG] [net.minecraftforge.server.ServerLifecycleHooks/CORE]: Generating PackInfo named mod:architectury for mod file /workspaces/MinecraftServer/servidor_minecraft/mods/architectury-9.2.14-forge.jar
[23Jul2025 23:49:25.392] [main/DEBUG] [net.minecraftforge.server.ServerLifecycleHooks/CORE]: Generating PackInfo named mod:jamlib for mod file /workspaces/MinecraftServer/servidor_minecraft/mods/jamlib-forge-1.3.5+1.20.1.jar
[23Jul2025 23:49:25.392] [main/DEBUG] [net.minecraftforge.server.ServerLifecycleHooks/CORE]: Generating PackInfo named mod:rightclickharvest for mod file /workspaces/MinecraftServer/servidor_minecraft/mods/rightclickharvest-forge-4.5.3+1.20.1.jar
[23Jul2025 23:49:25.393] [main/DEBUG] [net.minecraftforge.server.ServerLifecycleHooks/CORE]: Generating PackInfo named mod:flib for mod file /workspaces/MinecraftServer/servidor_minecraft/mods/flib-1.20.1-0.0.15.jar
[23Jul2025 23:49:25.393] [main/DEBUG] [net.minecraftforge.server.ServerLifecycleHooks/CORE]: Generating PackInfo named mod:puzzleslib for mod file /workspaces/MinecraftServer/servidor_minecraft/mods/PuzzlesLib-v8.1.32-1.20.1-Forge.jar
[23Jul2025 23:49:25.393] [main/DEBUG] [net.minecraftforge.server.ServerLifecycleHooks/CORE]: Generating PackInfo named mod:fallingtree for mod file /workspaces/MinecraftServer/servidor_minecraft/mods/FallingTree-1.20.1-4.3.2.jar
[23Jul2025 23:49:25.393] [main/DEBUG] [net.minecraftforge.server.ServerLifecycleHooks/CORE]: Generating PackInfo named mod:expandability for mod file 
[23Jul2025 23:49:25.394] [main/DEBUG] [net.minecraftforge.server.ServerLifecycleHooks/CORE]: Generating PackInfo named mod:playerrevive for mod file /workspaces/MinecraftServer/servidor_minecraft/mods/PlayerRevive_FORGE_v2.0.26_mc1.20.1.jar
[23Jul2025 23:49:25.394] [main/DEBUG] [net.minecraftforge.server.ServerLifecycleHooks/CORE]: Generating PackInfo named mod:scaffoldingdropsnearby for mod file /workspaces/MinecraftServer/servidor_minecraft/mods/scaffoldingdropsnearby-1.20.1-3.4.jar
[23Jul2025 23:49:25.399] [main/DEBUG] [mixin/]: Mixing MultiPackResourceManagerMixin from moonlight-common.mixins.json into net.minecraft.server.packs.resources.MultiPackResourceManager
[23Jul2025 23:49:25.416] [main/DEBUG] [mixin/]: Mixing resources.NamespaceResourceManagerAccessor from mvs-common.mixins.json into net.minecraft.server.packs.resources.FallbackResourceManager
[23Jul2025 23:49:25.459] [main/DEBUG] [mixin/]: Mixing MixinNbtPredicate from curios.mixins.json into net.minecraft.advancements.critereon.NbtPredicate
[23Jul2025 23:49:25.488] [main/INFO] [Supplementaries/]: Generated runtime SERVER_DATA for pack Supplementaries Generated Pack (supplementaries) in: 56 ms
[23Jul2025 23:49:26.076] [main/INFO] [bettervillage/]: StructureSet modified for minecraft:village : Now using custom village configuration (can be disabled in the better villages config: boolean.villages.enabled_custom_config).
[23Jul2025 23:49:26.766] [main/DEBUG] [mixin/]: Mixing PrimaryLevelDataMixin from collective_forge.mixins.json into net.minecraft.world.level.storage.PrimaryLevelData
[23Jul2025 23:49:26.793] [main/DEBUG] [mixin/]: Mixing MixinLootDataManager from architectury.mixins.json into net.minecraft.world.level.storage.loot.LootDataManager
[23Jul2025 23:49:26.795] [main/DEBUG] [mixin/]: Mixing LootDataManagerForgeMixin from puzzleslib.forge.mixins.json into net.minecraft.world.level.storage.loot.LootDataManager
[23Jul2025 23:49:26.936] [main/DEBUG] [mixin/]: Mixing structures.LocateCommandMixin from mvs-common.mixins.json into net.minecraft.server.commands.LocateCommand
[23Jul2025 23:49:26.937] [main/DEBUG] [mixin/]: Renaming synthetic method lambda$mvs_increaseLocateRadius$0(Lnet/minecraft/core/Holder;)Z to mdede484$lambda$mvs_increaseLocateRadius$0$0 in mvs-common.mixins.json:structures.LocateCommandMixin
[23Jul2025 23:49:26.960] [main/DEBUG] [mixin/]: Mixing TemplateMixins$PlaceCommandMixin from structure_gel.mixins.json into net.minecraft.server.commands.PlaceCommand
[23Jul2025 23:49:26.992] [main/DEBUG] [net.minecraftforge.coremod.transformer.CoreModBaseTransformer/COREMOD]: Transforming net/minecraft/server/commands/SummonCommand
[23Jul2025 23:49:27.207] [main/DEBUG] [mixin/]: Mixing debug.TagLoaderMixin from mixins.artifacts.common.json into net.minecraft.tags.TagLoader
[23Jul2025 23:49:27.392] [Worker-Main-3/DEBUG] [net.minecraftforge.coremod.transformer.CoreModBaseTransformer/COREMOD]: Transforming net/minecraft/world/entity/raid/Raid
[23Jul2025 23:49:28.781] [main/INFO] [net.minecraft.world.item.crafting.RecipeManager/]: Skipping loading recipe twilightforest:jeed/poison as it's serializer returned null
[23Jul2025 23:49:28.795] [main/INFO] [net.minecraft.world.item.crafting.RecipeManager/]: Skipping loading recipe supplementaries:inspirations/blackboard_clear as it's serializer returned null
[23Jul2025 23:49:28.852] [main/INFO] [net.minecraft.world.item.crafting.RecipeManager/]: Skipping loading recipe twilightforest:jeed/frosted as it's serializer returned null
[23Jul2025 23:49:28.855] [main/INFO] [net.minecraft.world.item.crafting.RecipeManager/]: Skipping loading recipe supplementaries:inspirations/flag_dye as it's serializer returned null
[23Jul2025 23:49:28.865] [main/INFO] [net.minecraft.world.item.crafting.RecipeManager/]: Skipping loading recipe twilightforest:jeed/hunger as it's serializer returned null
[23Jul2025 23:49:28.891] [main/INFO] [net.minecraft.world.item.crafting.RecipeManager/]: Skipping loading recipe twilightforest:jeed/resistance as it's serializer returned null
[23Jul2025 23:49:28.907] [main/INFO] [net.minecraft.world.item.crafting.RecipeManager/]: Skipping loading recipe supplementaries:inspirations/flag_clear as it's serializer returned null
[23Jul2025 23:49:28.927] [main/INFO] [net.minecraft.world.item.crafting.RecipeManager/]: Skipping loading recipe twilightforest:jeed/blindness as it's serializer returned null
[23Jul2025 23:49:28.930] [main/INFO] [net.minecraft.world.item.crafting.RecipeManager/]: Skipping loading recipe twilightforest:jeed/regeneration as it's serializer returned null
[23Jul2025 23:49:28.932] [main/INFO] [net.minecraft.world.item.crafting.RecipeManager/]: Skipping loading recipe twilightforest:jeed/slowness as it's serializer returned null
[23Jul2025 23:49:28.940] [main/INFO] [net.minecraft.world.item.crafting.RecipeManager/]: Skipping loading recipe twilightforest:jeed/fire_resistance as it's serializer returned null
[23Jul2025 23:49:28.943] [main/INFO] [net.minecraft.world.item.crafting.RecipeManager/]: Loaded 16 recipes
[23Jul2025 23:49:29.093] [main/INFO] [net.minecraft.advancements.AdvancementList/]: Loaded 3074 advancements
[23Jul2025 23:49:29.098] [main/DEBUG] [sophisticatedbackpacks/]: Started loading registry data from sophisticatedbackpacks:compat/woot/block_tools 
[23Jul2025 23:49:29.098] [main/DEBUG] [sophisticatedbackpacks/]: Started loading registry data from sophisticatedbackpacks:compat/fluxnetworks/block_tools 
[23Jul2025 23:49:29.098] [main/DEBUG] [sophisticatedbackpacks/]: Started loading registry data from sophisticatedbackpacks:compat/mob_grinding_utils/entity_tools 
[23Jul2025 23:49:29.098] [main/DEBUG] [sophisticatedbackpacks/]: Started loading registry data from sophisticatedbackpacks:compat/astralsorcery/block_tools 
[23Jul2025 23:49:29.098] [main/DEBUG] [sophisticatedbackpacks/]: Started loading registry data from sophisticatedbackpacks:compat/immersivepetroleum/block_tools 
[23Jul2025 23:49:29.098] [main/DEBUG] [sophisticatedbackpacks/]: Started loading registry data from sophisticatedbackpacks:compat/immersiveengineering/block_tools 
[23Jul2025 23:49:29.098] [main/DEBUG] [sophisticatedbackpacks/]: Started loading registry data from sophisticatedbackpacks:compat/pedestals/block_tools 
[23Jul2025 23:49:29.098] [main/DEBUG] [sophisticatedbackpacks/]: Started loading registry data from sophisticatedbackpacks:compat/platforms/block_tools 
[23Jul2025 23:49:29.098] [main/DEBUG] [sophisticatedbackpacks/]: Started loading registry data from sophisticatedbackpacks:compat/rftoolsutility/entity_tools 
[23Jul2025 23:49:29.098] [main/DEBUG] [sophisticatedbackpacks/]: Started loading registry data from sophisticatedbackpacks:compat/compactmachines/block_tools 
[23Jul2025 23:49:29.098] [main/DEBUG] [sophisticatedbackpacks/]: Started loading registry data from sophisticatedbackpacks:compat/mcwwindows/block_tools 
[23Jul2025 23:49:29.099] [main/DEBUG] [sophisticatedbackpacks/]: Finished loading registry data for sophisticatedbackpacks:compat/mcwwindows/block_tools
[23Jul2025 23:49:29.099] [main/DEBUG] [sophisticatedbackpacks/]: Started loading registry data from sophisticatedbackpacks:compat/integrateddynamics/block_tools 
[23Jul2025 23:49:29.099] [main/DEBUG] [sophisticatedbackpacks/]: Started loading registry data from sophisticatedbackpacks:entity_tools 
[23Jul2025 23:49:29.101] [main/DEBUG] [sophisticatedbackpacks/]: Finished loading registry data for sophisticatedbackpacks:entity_tools
[23Jul2025 23:49:29.101] [main/DEBUG] [sophisticatedbackpacks/]: Started loading registry data from sophisticatedbackpacks:compat/mekanism/block_tools 
[23Jul2025 23:49:29.101] [main/DEBUG] [sophisticatedbackpacks/]: Started loading registry data from sophisticatedbackpacks:compat/powah/block_tools 
[23Jul2025 23:49:29.101] [main/DEBUG] [sophisticatedbackpacks/]: Started loading registry data from sophisticatedbackpacks:compat/apotheosis/entity_tools 
[23Jul2025 23:49:29.101] [main/DEBUG] [sophisticatedbackpacks/]: Started loading registry data from sophisticatedbackpacks:compat/bloodmagic/block_tools 
[23Jul2025 23:49:29.101] [main/DEBUG] [sophisticatedbackpacks/]: Started loading registry data from sophisticatedbackpacks:compat/immersiveposts/block_tools 
[23Jul2025 23:49:29.101] [main/DEBUG] [sophisticatedbackpacks/]: Started loading registry data from sophisticatedbackpacks:compat/rats/entity_tools 
[23Jul2025 23:49:29.101] [main/DEBUG] [sophisticatedbackpacks/]: Started loading registry data from sophisticatedbackpacks:compat/framedcompactdrawers/block_tools 
[23Jul2025 23:49:29.101] [main/DEBUG] [sophisticatedbackpacks/]: Started loading registry data from sophisticatedbackpacks:compat/iceandfire/entity_tools 
[23Jul2025 23:49:29.101] [main/DEBUG] [sophisticatedbackpacks/]: Finished loading registry data for sophisticatedbackpacks:compat/iceandfire/entity_tools
[23Jul2025 23:49:29.101] [main/DEBUG] [sophisticatedbackpacks/]: Started loading registry data from sophisticatedbackpacks:compat/storagedrawers/block_tools 
[23Jul2025 23:49:29.101] [main/DEBUG] [sophisticatedbackpacks/]: Started loading registry data from sophisticatedbackpacks:compat/mcwroofs/block_tools 
[23Jul2025 23:49:29.101] [main/DEBUG] [sophisticatedbackpacks/]: Started loading registry data from sophisticatedbackpacks:compat/morphtool/block_tools 
[23Jul2025 23:49:29.101] [main/DEBUG] [sophisticatedbackpacks/]: Started loading registry data from sophisticatedbackpacks:compat/botania/block_tools 
[23Jul2025 23:49:29.101] [main/DEBUG] [sophisticatedbackpacks/]: Started loading registry data from sophisticatedbackpacks:compat/pneumaticraft/block_tools 
[23Jul2025 23:49:29.101] [main/DEBUG] [sophisticatedbackpacks/]: Started loading registry data from sophisticatedbackpacks:compat/shrink/entity_tools 
[23Jul2025 23:49:29.101] [main/DEBUG] [sophisticatedbackpacks/]: Started loading registry data from sophisticatedbackpacks:compat/blockcarpentry/block_tools 
[23Jul2025 23:49:29.101] [main/DEBUG] [sophisticatedbackpacks/]: Started loading registry data from sophisticatedbackpacks:compat/pipez/block_tools 
[23Jul2025 23:49:29.101] [main/DEBUG] [sophisticatedbackpacks/]: Started loading registry data from sophisticatedbackpacks:compat/transport/block_tools 
[23Jul2025 23:49:29.101] [main/DEBUG] [sophisticatedbackpacks/]: Started loading registry data from sophisticatedbackpacks:compat/thermal/block_tools 
[23Jul2025 23:49:29.101] [main/DEBUG] [sophisticatedbackpacks/]: Started loading registry data from sophisticatedbackpacks:block_tools 
[23Jul2025 23:49:29.101] [main/DEBUG] [sophisticatedbackpacks/]: Finished loading registry data for sophisticatedbackpacks:block_tools
[23Jul2025 23:49:29.101] [main/DEBUG] [sophisticatedbackpacks/]: Started loading registry data from sophisticatedbackpacks:compat/create/block_tools 
[23Jul2025 23:49:29.101] [main/DEBUG] [sophisticatedbackpacks/]: Started loading registry data from sophisticatedbackpacks:compat/farmersdelight/entity_tools 
[23Jul2025 23:49:29.102] [main/DEBUG] [sophisticatedbackpacks/]: Finished loading registry data for sophisticatedbackpacks:compat/farmersdelight/entity_tools
[23Jul2025 23:49:29.102] [main/DEBUG] [sophisticatedbackpacks/]: Started loading registry data from sophisticatedbackpacks:compat/refinedstorage/block_tools 
[23Jul2025 23:49:29.102] [main/DEBUG] [sophisticatedbackpacks/]: Started loading registry data from sophisticatedbackpacks:compat/chiselsandbits/block_tools 
[23Jul2025 23:49:29.102] [main/DEBUG] [sophisticatedbackpacks/]: Started loading registry data from sophisticatedbackpacks:compat/farmersdelight/block_tools 
[23Jul2025 23:49:29.102] [main/DEBUG] [sophisticatedbackpacks/]: Finished loading registry data for sophisticatedbackpacks:compat/farmersdelight/block_tools
[23Jul2025 23:49:29.102] [main/DEBUG] [sophisticatedbackpacks/]: Started loading registry data from sophisticatedbackpacks:compat/resourcefulbees/entity_tools 
[23Jul2025 23:49:29.102] [main/DEBUG] [sophisticatedbackpacks/]: Started loading registry data from sophisticatedbackpacks:compat/tetra/swords 
[23Jul2025 23:49:29.102] [main/DEBUG] [sophisticatedbackpacks/]: Started loading registry data from sophisticatedbackpacks:swords 
[23Jul2025 23:49:29.102] [main/DEBUG] [sophisticatedbackpacks/]: Finished loading registry data for sophisticatedbackpacks:swords
[23Jul2025 23:49:29.102] [main/DEBUG] [sophisticatedbackpacks/]: Started loading registry data from sophisticatedbackpacks:compat/mythicbotany/block_tools 
[23Jul2025 23:49:29.102] [main/DEBUG] [sophisticatedbackpacks/]: Started loading registry data from sophisticatedbackpacks:compat/resourcefulbees/block_tools 
[23Jul2025 23:49:29.102] [main/DEBUG] [sophisticatedbackpacks/]: Started loading registry data from sophisticatedbackpacks:compat/syp/entity_tools 
[23Jul2025 23:49:29.102] [main/DEBUG] [sophisticatedbackpacks/]: Started loading registry data from sophisticatedbackpacks:compat/eidolon/block_tools 
[23Jul2025 23:49:29.102] [main/DEBUG] [sophisticatedbackpacks/]: Started loading registry data from sophisticatedbackpacks:compat/rftoolsbase/block_tools 
[23Jul2025 23:49:29.104] [main/INFO] [twilightforest/]: Loaded 9 Stalactite configs!
[23Jul2025 23:49:29.116] [main/INFO] [top.theillusivec4.curios.Curios/]: Loaded 11 curio slots
[23Jul2025 23:49:29.123] [main/INFO] [top.theillusivec4.curios.Curios/]: Loaded 11 curio entities
[23Jul2025 23:49:29.125] [main/ERROR] [bettervillage/]: Ice And Fire compatibility is not enabled for Better Village and Ice And Fire is present in your mod list.
     - Please install the datapack for better compatibility between Better Villages and Ice And Fire.
     - You can find the datapack URL in the `compatibility` section of the Better Villages description.
     - URL=https://www.curseforge.com/minecraft/mc-mods/better-village-forge
[23Jul2025 23:49:29.137] [main/INFO] [Supplementaries/]: Loaded 27 flute songs
[23Jul2025 23:49:31.327] [main/DEBUG] [mixin/]: Mixing TreasureMapForEmeraldsMixin from supplementaries.mixins.json into net.minecraft.world.entity.npc.VillagerTrades$TreasureMapForEmeralds
[23Jul2025 23:49:31.333] [main/INFO] [Moonlight/]: Applied 7 data villager trades
[23Jul2025 23:49:31.373] [main/INFO] [Supplementaries/]: Finished additional setup in 0 ms
[23Jul2025 23:49:31.417] [main/DEBUG] [net.minecraftforge.common.ForgeHooks/WP]: Gathering id map for writing to world save world
[23Jul2025 23:49:31.440] [main/DEBUG] [net.minecraftforge.common.ForgeHooks/WP]: ID Map collection complete world
[23Jul2025 23:49:31.494] [Server thread/INFO] [net.minecraft.server.dedicated.DedicatedServer/]: Starting minecraft server version 1.20.1
[23Jul2025 23:49:31.495] [Server thread/INFO] [net.minecraft.server.dedicated.DedicatedServer/]: Loading properties
[23Jul2025 23:49:31.495] [Server thread/INFO] [net.minecraft.server.dedicated.DedicatedServer/]: Default game type: SURVIVAL
[23Jul2025 23:49:31.495] [Server thread/INFO] [net.minecraft.server.MinecraftServer/]: Generating keypair
[23Jul2025 23:49:31.637] [Server thread/INFO] [net.minecraft.server.dedicated.DedicatedServer/]: Starting Minecraft server on *:25565
[23Jul2025 23:49:31.638] [Server thread/DEBUG] [net.minecraftforge.network.DualStackUtils/]: Detected IPv6 address: "0:0:0:0:0:0:0:0"
[23Jul2025 23:49:31.646] [Server thread/DEBUG] [io.netty.util.internal.NativeLibraryLoader/]: -Dio.netty.native.workdir: /tmp (io.netty.tmpdir)
[23Jul2025 23:49:31.646] [Server thread/DEBUG] [io.netty.util.internal.NativeLibraryLoader/]: -Dio.netty.native.deleteLibAfterLoading: true
[23Jul2025 23:49:31.646] [Server thread/DEBUG] [io.netty.util.internal.NativeLibraryLoader/]: -Dio.netty.native.tryPatchShadedId: true
[23Jul2025 23:49:31.646] [Server thread/DEBUG] [io.netty.util.internal.NativeLibraryLoader/]: -Dio.netty.native.detectNativeLibraryDuplicates: true
[23Jul2025 23:49:31.653] [Server thread/DEBUG] [io.netty.util.internal.NativeLibraryLoader/]: Successfully loaded the library /tmp/libnetty_transport_native_epoll_x86_641926539739985704603.so
[23Jul2025 23:49:31.656] [Server thread/DEBUG] [io.netty.util.NetUtil/]: -Djava.net.preferIPv4Stack: false
[23Jul2025 23:49:31.656] [Server thread/DEBUG] [io.netty.util.NetUtil/]: -Djava.net.preferIPv6Addresses: true
[23Jul2025 23:49:31.657] [Server thread/DEBUG] [io.netty.util.NetUtilInitializations/]: Loopback interface: lo (lo, 0:0:0:0:0:0:0:1%lo)
[23Jul2025 23:49:31.658] [Server thread/DEBUG] [io.netty.util.NetUtil/]: /proc/sys/net/core/somaxconn: 4096
[23Jul2025 23:49:31.661] [Server thread/INFO] [net.minecraft.server.network.ServerConnectionListener/]: Using epoll channel type
[23Jul2025 23:49:31.674] [Server thread/DEBUG] [io.netty.channel.MultithreadEventLoopGroup/]: -Dio.netty.eventLoopThreads: 8
[23Jul2025 23:49:31.692] [Server thread/DEBUG] [io.netty.util.internal.PlatformDependent/]: org.jctools-core.MpscChunkedArrayQueue: available
[23Jul2025 23:49:31.699] [Server thread/DEBUG] [io.netty.channel.DefaultChannelId/]: -Dio.netty.processId: 4049 (auto-detected)
[23Jul2025 23:49:31.700] [Server thread/DEBUG] [io.netty.channel.DefaultChannelId/]: -Dio.netty.machineId: 60:45:bd:ff:fe:c1:0f:cd (auto-detected)
[23Jul2025 23:49:31.723] [Server thread/DEBUG] [io.netty.buffer.PooledByteBufAllocator/]: -Dio.netty.allocator.numHeapArenas: 8
[23Jul2025 23:49:31.723] [Server thread/DEBUG] [io.netty.buffer.PooledByteBufAllocator/]: -Dio.netty.allocator.numDirectArenas: 8
[23Jul2025 23:49:31.723] [Server thread/DEBUG] [io.netty.buffer.PooledByteBufAllocator/]: -Dio.netty.allocator.pageSize: 8192
[23Jul2025 23:49:31.723] [Server thread/DEBUG] [io.netty.buffer.PooledByteBufAllocator/]: -Dio.netty.allocator.maxOrder: 9
[23Jul2025 23:49:31.723] [Server thread/DEBUG] [io.netty.buffer.PooledByteBufAllocator/]: -Dio.netty.allocator.chunkSize: 4194304
[23Jul2025 23:49:31.723] [Server thread/DEBUG] [io.netty.buffer.PooledByteBufAllocator/]: -Dio.netty.allocator.smallCacheSize: 256
[23Jul2025 23:49:31.723] [Server thread/DEBUG] [io.netty.buffer.PooledByteBufAllocator/]: -Dio.netty.allocator.normalCacheSize: 64
[23Jul2025 23:49:31.723] [Server thread/DEBUG] [io.netty.buffer.PooledByteBufAllocator/]: -Dio.netty.allocator.maxCachedBufferCapacity: 32768
[23Jul2025 23:49:31.723] [Server thread/DEBUG] [io.netty.buffer.PooledByteBufAllocator/]: -Dio.netty.allocator.cacheTrimInterval: 8192
[23Jul2025 23:49:31.723] [Server thread/DEBUG] [io.netty.buffer.PooledByteBufAllocator/]: -Dio.netty.allocator.cacheTrimIntervalMillis: 0
[23Jul2025 23:49:31.723] [Server thread/DEBUG] [io.netty.buffer.PooledByteBufAllocator/]: -Dio.netty.allocator.useCacheForAllThreads: false
[23Jul2025 23:49:31.724] [Server thread/DEBUG] [io.netty.buffer.PooledByteBufAllocator/]: -Dio.netty.allocator.maxCachedByteBuffersPerChunk: 1023
[23Jul2025 23:49:31.732] [Server thread/DEBUG] [io.netty.buffer.ByteBufUtil/]: -Dio.netty.allocator.type: pooled
[23Jul2025 23:49:31.732] [Server thread/DEBUG] [io.netty.buffer.ByteBufUtil/]: -Dio.netty.threadLocalDirectBufferSize: 0
[23Jul2025 23:49:31.732] [Server thread/DEBUG] [io.netty.buffer.ByteBufUtil/]: -Dio.netty.maxThreadLocalCharBufferSize: 16384
[23Jul2025 23:49:31.755] [Server thread/DEBUG] [net.minecraftforge.fml.config.ConfigTracker/CONFIG]: Loading configs type SERVER
[23Jul2025 23:49:31.755] [Server thread/DEBUG] [net.minecraftforge.fml.config.ConfigFileTypeHandler/CONFIG]: Built TOML config for ./world/serverconfig/jei-server.toml
[23Jul2025 23:49:31.756] [Server thread/DEBUG] [net.minecraftforge.fml.config.ConfigFileTypeHandler/CONFIG]: Loaded TOML config file ./world/serverconfig/jei-server.toml
[23Jul2025 23:49:31.766] [Server thread/DEBUG] [net.minecraftforge.fml.config.ConfigFileTypeHandler/CONFIG]: Watching TOML config file ./world/serverconfig/jei-server.toml for changes
[23Jul2025 23:49:31.768] [Thread-2/DEBUG] [net.minecraftforge.fml.config.ConfigFileTypeHandler/CONFIG]: Config file jei-server.toml changed, sending notifies
[23Jul2025 23:49:31.771] [Server thread/DEBUG] [fuzs.puzzleslib.impl.config.core.ForgeConfigFileTypeHandler/CONFIG]: Built TOML config for /workspaces/MinecraftServer/servidor_minecraft/config/easymagic-server.toml
[23Jul2025 23:49:31.772] [Server thread/DEBUG] [fuzs.puzzleslib.impl.config.core.ForgeConfigFileTypeHandler/CONFIG]: Loaded TOML config file /workspaces/MinecraftServer/servidor_minecraft/config/easymagic-server.toml
[23Jul2025 23:49:31.773] [Server thread/DEBUG] [fuzs.puzzleslib.impl.config.core.ForgeConfigFileTypeHandler/CONFIG]: Watching TOML config file /workspaces/MinecraftServer/servidor_minecraft/config/easymagic-server.toml for changes
[23Jul2025 23:49:31.775] [Server thread/INFO] [Puzzles Lib/]: Loading server config for easymagic
[23Jul2025 23:49:31.777] [Thread-2/DEBUG] [fuzs.puzzleslib.impl.config.core.ForgeConfigFileTypeHandler/CONFIG]: Config file easymagic-server.toml changed, sending notifies
[23Jul2025 23:49:31.777] [Thread-2/INFO] [Puzzles Lib/]: Reloading server config for easymagic
[23Jul2025 23:49:31.778] [Server thread/DEBUG] [net.minecraftforge.fml.config.ConfigFileTypeHandler/CONFIG]: Built TOML config for ./world/serverconfig/sophisticatedbackpacks-server.toml
[23Jul2025 23:49:31.778] [Thread-2/DEBUG] [fuzs.puzzleslib.impl.config.core.ForgeConfigFileTypeHandler/CONFIG]: Config file easymagic-server.toml changed, sending notifies
[23Jul2025 23:49:31.779] [Thread-2/INFO] [Puzzles Lib/]: Reloading server config for easymagic
[23Jul2025 23:49:31.780] [Server thread/DEBUG] [net.minecraftforge.fml.config.ConfigFileTypeHandler/CONFIG]: Loaded TOML config file ./world/serverconfig/sophisticatedbackpacks-server.toml
[23Jul2025 23:49:31.780] [Server thread/DEBUG] [net.minecraftforge.fml.config.ConfigFileTypeHandler/CONFIG]: Watching TOML config file ./world/serverconfig/sophisticatedbackpacks-server.toml for changes
[23Jul2025 23:49:31.783] [Thread-2/DEBUG] [net.minecraftforge.fml.config.ConfigFileTypeHandler/CONFIG]: Config file sophisticatedbackpacks-server.toml changed, sending notifies
[23Jul2025 23:49:31.785] [Server thread/DEBUG] [net.minecraftforge.fml.config.ConfigFileTypeHandler/CONFIG]: Built TOML config for ./world/serverconfig/forge-server.toml
[23Jul2025 23:49:31.787] [Server thread/DEBUG] [net.minecraftforge.fml.config.ConfigFileTypeHandler/CONFIG]: Loaded TOML config file ./world/serverconfig/forge-server.toml
[23Jul2025 23:49:31.787] [Server thread/DEBUG] [net.minecraftforge.fml.config.ConfigFileTypeHandler/CONFIG]: Watching TOML config file ./world/serverconfig/forge-server.toml for changes
[23Jul2025 23:49:31.787] [Server thread/DEBUG] [net.minecraftforge.common.ForgeConfig/FORGEMOD]: Loaded forge config file forge-server.toml
[23Jul2025 23:49:31.791] [Server thread/DEBUG] [net.minecraftforge.fml.config.ConfigFileTypeHandler/CONFIG]: Built TOML config for ./world/serverconfig/curios-server.toml
[23Jul2025 23:49:31.791] [Server thread/DEBUG] [net.minecraftforge.fml.config.ConfigFileTypeHandler/CONFIG]: Loaded TOML config file ./world/serverconfig/curios-server.toml
[23Jul2025 23:49:31.791] [Server thread/DEBUG] [net.minecraftforge.fml.config.ConfigFileTypeHandler/CONFIG]: Watching TOML config file ./world/serverconfig/curios-server.toml for changes
[23Jul2025 23:49:31.795] [Server thread/DEBUG] [mixin/]: Mixing accessor.BiomeSpecialEffectsBuilderForgeAccessor from puzzleslib.forge.mixins.json into net.minecraft.world.level.biome.BiomeSpecialEffects$Builder
[23Jul2025 23:49:31.815] [Server thread/DEBUG] [com.github.alexthe666.iceandfire.IceAndFire/]: Added the following features to the biome [minecraft:badlands]: 
	- iceandfire:silver_ore
	- iceandfire:lightning_dragon_roost
	- iceandfire:lightning_dragon_cave
[23Jul2025 23:49:31.816] [Server thread/DEBUG] [com.github.alexthe666.iceandfire.IceAndFire/]: Added the following features to the biome [minecraft:bamboo_jungle]: 
	- iceandfire:fire_lily
	- iceandfire:silver_ore
	- iceandfire:lightning_dragon_roost
	- iceandfire:lightning_dragon_cave
	- iceandfire:myrmex_hive_jungle
[23Jul2025 23:49:31.819] [Server thread/DEBUG] [com.github.alexthe666.iceandfire.IceAndFire/]: Added the following features to the biome [minecraft:beach]: 
	- iceandfire:silver_ore
	- iceandfire:cyclops_cave
[23Jul2025 23:49:31.820] [Server thread/DEBUG] [com.github.alexthe666.iceandfire.IceAndFire/]: Added the following features to the biome [minecraft:birch_forest]: 
	- iceandfire:silver_ore
[23Jul2025 23:49:31.821] [Server thread/DEBUG] [com.github.alexthe666.iceandfire.IceAndFire/]: Added the following features to the biome [minecraft:cherry_grove]: 
	- iceandfire:silver_ore
[23Jul2025 23:49:31.823] [Server thread/DEBUG] [com.github.alexthe666.iceandfire.IceAndFire/]: Added the following features to the biome [minecraft:cold_ocean]: 
	- iceandfire:silver_ore
	- iceandfire:ice_dragon_roost
	- iceandfire:ice_dragon_cave
	- iceandfire:siren_island
	- iceandfire:spawn_hippocampus
	- iceandfire:spawn_sea_serpent
[23Jul2025 23:49:31.825] [Server thread/DEBUG] [com.github.alexthe666.iceandfire.IceAndFire/]: Added the following features to the biome [minecraft:dark_forest]: 
	- iceandfire:silver_ore
	- iceandfire:pixie_village
[23Jul2025 23:49:31.828] [Server thread/DEBUG] [com.github.alexthe666.iceandfire.IceAndFire/]: Added the following features to the biome [minecraft:deep_cold_ocean]: 
	- iceandfire:silver_ore
	- iceandfire:ice_dragon_roost
	- iceandfire:ice_dragon_cave
	- iceandfire:siren_island
	- iceandfire:spawn_hippocampus
	- iceandfire:spawn_sea_serpent
[23Jul2025 23:49:31.829] [Server thread/DEBUG] [com.github.alexthe666.iceandfire.IceAndFire/]: Added the following features to the biome [minecraft:deep_dark]: 
	- iceandfire:silver_ore
[23Jul2025 23:49:31.830] [Server thread/DEBUG] [com.github.alexthe666.iceandfire.IceAndFire/]: Added the following features to the biome [minecraft:deep_frozen_ocean]: 
	- iceandfire:silver_ore
	- iceandfire:ice_dragon_roost
	- iceandfire:ice_dragon_cave
	- iceandfire:siren_island
	- iceandfire:spawn_hippocampus
	- iceandfire:spawn_sea_serpent
[23Jul2025 23:49:31.832] [Server thread/DEBUG] [com.github.alexthe666.iceandfire.IceAndFire/]: Added the following features to the biome [minecraft:deep_lukewarm_ocean]: 
	- iceandfire:silver_ore
	- iceandfire:siren_island
	- iceandfire:spawn_hippocampus
	- iceandfire:spawn_sea_serpent
[23Jul2025 23:49:31.833] [Server thread/DEBUG] [com.github.alexthe666.iceandfire.IceAndFire/]: Added the following features to the biome [minecraft:deep_ocean]: 
	- iceandfire:silver_ore
	- iceandfire:siren_island
	- iceandfire:spawn_hippocampus
	- iceandfire:spawn_sea_serpent
[23Jul2025 23:49:31.835] [Server thread/DEBUG] [com.github.alexthe666.iceandfire.IceAndFire/]: Added the following features to the biome [minecraft:desert]: 
	- iceandfire:fire_lily
	- iceandfire:silver_ore
	- iceandfire:fire_dragon_roost
	- iceandfire:fire_dragon_cave
	- iceandfire:myrmex_hive_desert
	- iceandfire:spawn_death_worm
	- iceandfire:spawn_dragon_skeleton_fire
[23Jul2025 23:49:31.836] [Server thread/DEBUG] [com.github.alexthe666.iceandfire.IceAndFire/]: Added the following features to the biome [minecraft:dripstone_caves]: 
	- iceandfire:silver_ore
[23Jul2025 23:49:31.839] [Server thread/DEBUG] [com.github.alexthe666.iceandfire.IceAndFire/]: Added the following features to the biome [minecraft:eroded_badlands]: 
	- iceandfire:fire_lily
	- iceandfire:silver_ore
	- iceandfire:lightning_dragon_roost
	- iceandfire:lightning_dragon_cave
[23Jul2025 23:49:31.842] [Server thread/DEBUG] [com.github.alexthe666.iceandfire.IceAndFire/]: Added the following features to the biome [minecraft:flower_forest]: 
	- iceandfire:silver_ore
[23Jul2025 23:49:31.843] [Server thread/DEBUG] [com.github.alexthe666.iceandfire.IceAndFire/]: Added the following features to the biome [minecraft:forest]: 
	- iceandfire:silver_ore
[23Jul2025 23:49:31.845] [Server thread/DEBUG] [com.github.alexthe666.iceandfire.IceAndFire/]: Added the following features to the biome [minecraft:frozen_ocean]: 
	- iceandfire:frost_lily
	- iceandfire:silver_ore
	- iceandfire:sapphire_ore
	- iceandfire:ice_dragon_roost
	- iceandfire:ice_dragon_cave
	- iceandfire:siren_island
	- iceandfire:spawn_dragon_skeleton_ice
	- iceandfire:spawn_hippocampus
	- iceandfire:spawn_sea_serpent
[23Jul2025 23:49:31.846] [Server thread/DEBUG] [com.github.alexthe666.iceandfire.IceAndFire/]: Added the following features to the biome [minecraft:frozen_peaks]: 
	- iceandfire:frost_lily
	- iceandfire:silver_ore
	- iceandfire:sapphire_ore
	- iceandfire:ice_dragon_roost
	- iceandfire:ice_dragon_cave
	- iceandfire:spawn_dragon_skeleton_ice
[23Jul2025 23:49:31.847] [Server thread/DEBUG] [com.github.alexthe666.iceandfire.IceAndFire/]: Added the following features to the biome [minecraft:frozen_river]: 
	- iceandfire:frost_lily
	- iceandfire:silver_ore
	- iceandfire:sapphire_ore
	- iceandfire:ice_dragon_roost
	- iceandfire:ice_dragon_cave
	- iceandfire:spawn_dragon_skeleton_ice
[23Jul2025 23:49:31.848] [Server thread/DEBUG] [com.github.alexthe666.iceandfire.IceAndFire/]: Added the following features to the biome [minecraft:grove]: 
	- iceandfire:frost_lily
	- iceandfire:silver_ore
	- iceandfire:sapphire_ore
	- iceandfire:ice_dragon_roost
	- iceandfire:ice_dragon_cave
	- iceandfire:spawn_dragon_skeleton_ice
[23Jul2025 23:49:31.850] [Server thread/DEBUG] [com.github.alexthe666.iceandfire.IceAndFire/]: Added the following features to the biome [minecraft:ice_spikes]: 
	- iceandfire:frost_lily
	- iceandfire:silver_ore
	- iceandfire:sapphire_ore
	- iceandfire:ice_dragon_roost
	- iceandfire:ice_dragon_cave
	- iceandfire:spawn_dragon_skeleton_ice
[23Jul2025 23:49:31.853] [Server thread/DEBUG] [com.github.alexthe666.iceandfire.IceAndFire/]: Added the following features to the biome [minecraft:jagged_peaks]: 
	- iceandfire:frost_lily
	- iceandfire:silver_ore
	- iceandfire:sapphire_ore
	- iceandfire:ice_dragon_roost
	- iceandfire:ice_dragon_cave
	- iceandfire:spawn_dragon_skeleton_ice
[23Jul2025 23:49:31.854] [Server thread/DEBUG] [com.github.alexthe666.iceandfire.IceAndFire/]: Added the following features to the biome [minecraft:jungle]: 
	- iceandfire:fire_lily
	- iceandfire:silver_ore
	- iceandfire:lightning_dragon_roost
	- iceandfire:lightning_dragon_cave
	- iceandfire:myrmex_hive_jungle
[23Jul2025 23:49:31.855] [Server thread/DEBUG] [com.github.alexthe666.iceandfire.IceAndFire/]: Added the following features to the biome [minecraft:lukewarm_ocean]: 
	- iceandfire:silver_ore
	- iceandfire:siren_island
	- iceandfire:spawn_hippocampus
	- iceandfire:spawn_sea_serpent
[23Jul2025 23:49:31.856] [Server thread/DEBUG] [com.github.alexthe666.iceandfire.IceAndFire/]: Added the following features to the biome [minecraft:lush_caves]: 
	- iceandfire:silver_ore
[23Jul2025 23:49:31.857] [Server thread/DEBUG] [com.github.alexthe666.iceandfire.IceAndFire/]: Added the following features to the biome [minecraft:mangrove_swamp]: 
	- iceandfire:fire_lily
	- iceandfire:silver_ore
	- iceandfire:fire_dragon_roost
	- iceandfire:fire_dragon_cave
	- iceandfire:hydra_cave
	- iceandfire:spawn_stymphalian_bird
[23Jul2025 23:49:31.858] [Server thread/DEBUG] [com.github.alexthe666.iceandfire.IceAndFire/]: Added the following features to the biome [minecraft:meadow]: 
	- iceandfire:silver_ore
	- iceandfire:fire_dragon_roost
	- iceandfire:fire_dragon_cave
	- iceandfire:spawn_wandering_cyclops
[23Jul2025 23:49:31.859] [Server thread/DEBUG] [com.github.alexthe666.iceandfire.IceAndFire/]: Added the following features to the biome [minecraft:mushroom_fields]: 
	- iceandfire:silver_ore
[23Jul2025 23:49:31.862] [Server thread/DEBUG] [com.github.alexthe666.iceandfire.IceAndFire/]: Added the following features to the biome [minecraft:ocean]: 
	- iceandfire:silver_ore
	- iceandfire:siren_island
	- iceandfire:spawn_hippocampus
	- iceandfire:spawn_sea_serpent
[23Jul2025 23:49:31.863] [Server thread/DEBUG] [com.github.alexthe666.iceandfire.IceAndFire/]: Added the following features to the biome [minecraft:old_growth_birch_forest]: 
	- iceandfire:silver_ore
	- iceandfire:pixie_village
[23Jul2025 23:49:31.864] [Server thread/DEBUG] [com.github.alexthe666.iceandfire.IceAndFire/]: Added the following features to the biome [minecraft:old_growth_pine_taiga]: 
	- iceandfire:silver_ore
	- iceandfire:ice_dragon_roost
	- iceandfire:ice_dragon_cave
[23Jul2025 23:49:31.865] [Server thread/DEBUG] [com.github.alexthe666.iceandfire.IceAndFire/]: Added the following features to the biome [minecraft:old_growth_spruce_taiga]: 
	- iceandfire:silver_ore
[23Jul2025 23:49:31.866] [Server thread/DEBUG] [com.github.alexthe666.iceandfire.IceAndFire/]: Added the following features to the biome [minecraft:plains]: 
	- iceandfire:silver_ore
	- iceandfire:fire_dragon_roost
	- iceandfire:fire_dragon_cave
	- iceandfire:spawn_wandering_cyclops
[23Jul2025 23:49:31.868] [Server thread/DEBUG] [com.github.alexthe666.iceandfire.IceAndFire/]: Added the following features to the biome [minecraft:river]: 
	- iceandfire:silver_ore
[23Jul2025 23:49:31.869] [Server thread/DEBUG] [com.github.alexthe666.iceandfire.IceAndFire/]: Added the following features to the biome [minecraft:savanna]: 
	- iceandfire:fire_lily
	- iceandfire:lightning_lily
	- iceandfire:silver_ore
	- iceandfire:lightning_dragon_roost
	- iceandfire:lightning_dragon_cave
	- iceandfire:spawn_dragon_skeleton_lightning
[23Jul2025 23:49:31.870] [Server thread/DEBUG] [com.github.alexthe666.iceandfire.IceAndFire/]: Added the following features to the biome [minecraft:savanna_plateau]: 
	- iceandfire:fire_lily
	- iceandfire:lightning_lily
	- iceandfire:silver_ore
	- iceandfire:lightning_dragon_roost
	- iceandfire:lightning_dragon_cave
	- iceandfire:spawn_dragon_skeleton_lightning
[23Jul2025 23:49:31.872] [Server thread/DEBUG] [com.github.alexthe666.iceandfire.IceAndFire/]: Added the following features to the biome [minecraft:snowy_beach]: 
	- iceandfire:frost_lily
	- iceandfire:silver_ore
	- iceandfire:sapphire_ore
	- iceandfire:ice_dragon_roost
	- iceandfire:ice_dragon_cave
	- iceandfire:cyclops_cave
	- iceandfire:spawn_dragon_skeleton_ice
[23Jul2025 23:49:31.874] [Server thread/DEBUG] [com.github.alexthe666.iceandfire.IceAndFire/]: Added the following features to the biome [minecraft:snowy_plains]: 
	- iceandfire:frost_lily
	- iceandfire:silver_ore
	- iceandfire:sapphire_ore
	- iceandfire:ice_dragon_roost
	- iceandfire:ice_dragon_cave
	- iceandfire:spawn_wandering_cyclops
	- iceandfire:spawn_dragon_skeleton_ice
[23Jul2025 23:49:31.875] [Server thread/DEBUG] [com.github.alexthe666.iceandfire.IceAndFire/]: Added the following features to the biome [minecraft:snowy_slopes]: 
	- iceandfire:frost_lily
	- iceandfire:silver_ore
	- iceandfire:sapphire_ore
	- iceandfire:ice_dragon_roost
	- iceandfire:ice_dragon_cave
	- iceandfire:spawn_dragon_skeleton_ice
[23Jul2025 23:49:31.876] [Server thread/DEBUG] [com.github.alexthe666.iceandfire.IceAndFire/]: Added the following features to the biome [minecraft:snowy_taiga]: 
	- iceandfire:frost_lily
	- iceandfire:silver_ore
	- iceandfire:sapphire_ore
	- iceandfire:ice_dragon_roost
	- iceandfire:ice_dragon_cave
	- iceandfire:spawn_dragon_skeleton_ice
[23Jul2025 23:49:31.878] [Server thread/DEBUG] [com.github.alexthe666.iceandfire.IceAndFire/]: Added the following features to the biome [minecraft:sparse_jungle]: 
	- iceandfire:fire_lily
	- iceandfire:silver_ore
	- iceandfire:lightning_dragon_roost
	- iceandfire:lightning_dragon_cave
	- iceandfire:myrmex_hive_jungle
[23Jul2025 23:49:31.880] [Server thread/DEBUG] [com.github.alexthe666.iceandfire.IceAndFire/]: Added the following features to the biome [minecraft:stony_peaks]: 
	- iceandfire:fire_lily
	- iceandfire:silver_ore
	- iceandfire:fire_dragon_roost
	- iceandfire:fire_dragon_cave
[23Jul2025 23:49:31.880] [Server thread/DEBUG] [com.github.alexthe666.iceandfire.IceAndFire/]: Added the following features to the biome [minecraft:stony_shore]: 
	- iceandfire:silver_ore
[23Jul2025 23:49:31.882] [Server thread/DEBUG] [com.github.alexthe666.iceandfire.IceAndFire/]: Added the following features to the biome [minecraft:sunflower_plains]: 
	- iceandfire:silver_ore
	- iceandfire:fire_dragon_roost
	- iceandfire:fire_dragon_cave
	- iceandfire:spawn_wandering_cyclops
[23Jul2025 23:49:31.883] [Server thread/DEBUG] [com.github.alexthe666.iceandfire.IceAndFire/]: Added the following features to the biome [minecraft:swamp]: 
	- iceandfire:silver_ore
	- iceandfire:hydra_cave
	- iceandfire:spawn_stymphalian_bird
[23Jul2025 23:49:31.884] [Server thread/DEBUG] [com.github.alexthe666.iceandfire.IceAndFire/]: Added the following features to the biome [minecraft:taiga]: 
	- iceandfire:silver_ore
	- iceandfire:ice_dragon_roost
	- iceandfire:ice_dragon_cave
[23Jul2025 23:49:31.888] [Server thread/DEBUG] [com.github.alexthe666.iceandfire.IceAndFire/]: Added the following features to the biome [minecraft:warm_ocean]: 
	- iceandfire:fire_lily
	- iceandfire:silver_ore
	- iceandfire:fire_dragon_roost
	- iceandfire:fire_dragon_cave
	- iceandfire:siren_island
	- iceandfire:spawn_hippocampus
	- iceandfire:spawn_sea_serpent
[23Jul2025 23:49:31.891] [Server thread/DEBUG] [com.github.alexthe666.iceandfire.IceAndFire/]: Added the following features to the biome [minecraft:windswept_forest]: 
	- iceandfire:silver_ore
[23Jul2025 23:49:31.892] [Server thread/DEBUG] [com.github.alexthe666.iceandfire.IceAndFire/]: Added the following features to the biome [minecraft:windswept_gravelly_hills]: 
	- iceandfire:silver_ore
[23Jul2025 23:49:31.893] [Server thread/DEBUG] [com.github.alexthe666.iceandfire.IceAndFire/]: Added the following features to the biome [minecraft:windswept_hills]: 
	- iceandfire:silver_ore
[23Jul2025 23:49:31.894] [Server thread/DEBUG] [com.github.alexthe666.iceandfire.IceAndFire/]: Added the following features to the biome [minecraft:windswept_savanna]: 
	- iceandfire:fire_lily
	- iceandfire:lightning_lily
	- iceandfire:silver_ore
	- iceandfire:lightning_dragon_roost
	- iceandfire:lightning_dragon_cave
	- iceandfire:spawn_dragon_skeleton_lightning
[23Jul2025 23:49:31.896] [Server thread/DEBUG] [com.github.alexthe666.iceandfire.IceAndFire/]: Added the following features to the biome [minecraft:wooded_badlands]: 
	- iceandfire:silver_ore
	- iceandfire:lightning_dragon_roost
	- iceandfire:lightning_dragon_cave
[23Jul2025 23:49:31.925] [Server thread/INFO] [net.minecraft.server.dedicated.DedicatedServer/]: Preparing level "world"
[23Jul2025 23:49:31.932] [Server thread/DEBUG] [net.minecraftforge.coremod.transformer.CoreModBaseTransformer/COREMOD]: Transforming net/minecraft/world/level/levelgen/PhantomSpawner
[23Jul2025 23:49:31.939] [Server thread/DEBUG] [net.minecraftforge.coremod.transformer.CoreModBaseTransformer/COREMOD]: Transforming net/minecraft/world/level/levelgen/PatrolSpawner
[23Jul2025 23:49:31.946] [Server thread/DEBUG] [net.minecraftforge.coremod.transformer.CoreModBaseTransformer/COREMOD]: Transforming net/minecraft/world/entity/npc/CatSpawner
[23Jul2025 23:49:31.952] [Server thread/DEBUG] [net.minecraftforge.coremod.transformer.CoreModBaseTransformer/COREMOD]: Transforming net/minecraft/world/entity/ai/village/VillageSiege
[23Jul2025 23:49:31.961] [Server thread/DEBUG] [mixin/]: Mixing RedMerchantSpawnerMixin from supplementaries-common.mixins.json into net.minecraft.world.entity.npc.WanderingTraderSpawner
[23Jul2025 23:49:31.961] [Server thread/DEBUG] [mixin/]: Renaming synthetic method lambda$spawn$1(Lnet/minecraft/core/BlockPos;)Z to mdede484$lambda$spawn$1$0 in supplementaries-common.mixins.json:RedMerchantSpawnerMixin
[23Jul2025 23:49:31.961] [Server thread/DEBUG] [mixin/]: Renaming synthetic method lambda$spawn$0(Lnet/minecraft/core/Holder;)Z to mdede484$lambda$spawn$0$1 in supplementaries-common.mixins.json:RedMerchantSpawnerMixin
[23Jul2025 23:49:32.026] [Server thread/DEBUG] [mixin/]: Mixing DimensionDataStorageAccessor from structure_gel.mixins.json into net.minecraft.world.level.storage.DimensionDataStorage
[23Jul2025 23:49:32.053] [Server thread/DEBUG] [mixin/]: Mixing NoisesMixin from tectonic.mixins.json into net.minecraft.world.level.levelgen.Noises
[23Jul2025 23:49:37.021] [Server thread/INFO] [net.minecraft.server.MinecraftServer/]: Preparing start region for dimension minecraft:overworld
[23Jul2025 23:49:37.966] [Server thread/DEBUG] [mixin/]: Mixing MixinChunkSerializer from architectury.mixins.json into net.minecraft.world.level.chunk.storage.ChunkSerializer
[23Jul2025 23:49:39.032] [Server thread/DEBUG] [mixin/]: Mixing MineshaftPiecesMixin from supplementaries-common.mixins.json into net.minecraft.world.level.levelgen.structure.structures.MineshaftPieces
[23Jul2025 23:49:40.167] [Server thread/DEBUG] [mixin/]: Mixing TemplateMixins$StructurePlaceSettingsMixin from structure_gel.mixins.json into net.minecraft.world.level.levelgen.structure.templatesystem.StructurePlaceSettings
[23Jul2025 23:49:40.174] [Server thread/DEBUG] [net.minecraftforge.coremod.transformer.CoreModBaseTransformer/COREMOD]: Transforming net/minecraft/world/level/levelgen/structure/templatesystem/StructureTemplate
[23Jul2025 23:49:40.209] [Server thread/DEBUG] [mixin/]: Mixing structures.StructureTemplateMixin from mvs-common.mixins.json into net.minecraft.world.level.levelgen.structure.templatesystem.StructureTemplate
[23Jul2025 23:49:40.209] [Server thread/DEBUG] [mixin/]: Renaming synthetic method lambda$mvs_preventAutoWaterlogging$0(Lnet/minecraft/world/level/levelgen/structure/templatesystem/StructureProcessor;)Z to mdede484$lambda$mvs_preventAutoWaterlogging$0$0 in mvs-common.mixins.json:structures.StructureTemplateMixin
[23Jul2025 23:49:40.210] [Server thread/DEBUG] [mixin/]: Mixing structures.TemplateAccessor from mvs-common.mixins.json into net.minecraft.world.level.levelgen.structure.templatesystem.StructureTemplate
[23Jul2025 23:49:40.211] [Server thread/DEBUG] [mixin/]: Mixing TemplateMixins$StructureTemplateMixin from structure_gel.mixins.json into net.minecraft.world.level.levelgen.structure.templatesystem.StructureTemplate
[23Jul2025 23:49:40.211] [Server thread/DEBUG] [mixin/]: Renaming synthetic method lambda$addGelProcessor_processBlockInfos$0(Lnet/minecraft/world/level/levelgen/structure/templatesystem/StructureTemplate$StructureBlockInfo;)Z to mdede484$lambda$addGelProcessor_processBlockInfos$0$1 in structure_gel.mixins.json:TemplateMixins$StructureTemplateMixin
[23Jul2025 23:49:40.212] [Server thread/DEBUG] [mixin/]: Mixing StructureTemplateAccessor from structure_gel.mixins.json into net.minecraft.world.level.levelgen.structure.templatesystem.StructureTemplate
[23Jul2025 23:49:40.875] [Worker-Main-3/INFO] [net.minecraft.server.level.progress.LoggerChunkProgressListener/]: Preparing spawn area: 0%
[23Jul2025 23:49:40.924] [Worker-Main-3/INFO] [net.minecraft.server.level.progress.LoggerChunkProgressListener/]: Preparing spawn area: 0%
[23Jul2025 23:49:40.943] [Worker-Main-1/INFO] [net.minecraft.server.level.progress.LoggerChunkProgressListener/]: Preparing spawn area: 0%
[23Jul2025 23:49:40.964] [Worker-Main-3/INFO] [net.minecraft.server.level.progress.LoggerChunkProgressListener/]: Preparing spawn area: 0%
[23Jul2025 23:49:41.007] [Worker-Main-1/INFO] [net.minecraft.server.level.progress.LoggerChunkProgressListener/]: Preparing spawn area: 0%
[23Jul2025 23:49:41.030] [Worker-Main-3/INFO] [net.minecraft.server.level.progress.LoggerChunkProgressListener/]: Preparing spawn area: 0%
[23Jul2025 23:49:41.047] [Worker-Main-2/INFO] [net.minecraft.server.level.progress.LoggerChunkProgressListener/]: Preparing spawn area: 0%
[23Jul2025 23:49:41.066] [Worker-Main-2/INFO] [net.minecraft.server.level.progress.LoggerChunkProgressListener/]: Preparing spawn area: 0%
[23Jul2025 23:49:41.083] [Worker-Main-2/INFO] [net.minecraft.server.level.progress.LoggerChunkProgressListener/]: Preparing spawn area: 0%
[23Jul2025 23:49:41.523] [Worker-Main-1/INFO] [net.minecraft.server.level.progress.LoggerChunkProgressListener/]: Preparing spawn area: 0%
[23Jul2025 23:49:41.680] [Server thread/DEBUG] [mixin/]: Mixing CombatTrackerAccessor from playerrevive.mixins.json into net.minecraft.world.damagesource.CombatTracker
[23Jul2025 23:49:41.774] [Server thread/DEBUG] [mixin/]: Mixing PacketDistributorHackMixin from moonlight.mixins.json into net.minecraftforge.network.PacketDistributor
[23Jul2025 23:49:41.791] [Server thread/DEBUG] [io.netty.buffer.AbstractByteBuf/]: -Dio.netty.buffer.checkAccessible: true
[23Jul2025 23:49:41.791] [Server thread/DEBUG] [io.netty.buffer.AbstractByteBuf/]: -Dio.netty.buffer.checkBounds: true
[23Jul2025 23:49:41.791] [Server thread/DEBUG] [io.netty.util.ResourceLeakDetectorFactory/]: Loaded default ResourceLeakDetector: io.netty.util.ResourceLeakDetector@11b94034
[23Jul2025 23:49:42.023] [Worker-Main-2/INFO] [net.minecraft.server.level.progress.LoggerChunkProgressListener/]: Preparing spawn area: 35%
[23Jul2025 23:49:42.544] [Worker-Main-2/INFO] [net.minecraft.server.level.progress.LoggerChunkProgressListener/]: Preparing spawn area: 91%
[23Jul2025 23:49:42.627] [Server thread/INFO] [net.minecraft.server.level.progress.LoggerChunkProgressListener/]: Time elapsed: 5605 ms
[23Jul2025 23:49:42.628] [Server thread/INFO] [net.minecraft.server.dedicated.DedicatedServer/]: Done (10.873s)! For help, type "help"
[23Jul2025 23:49:42.637] [Server thread/DEBUG] [net.minecraftforge.network.DualStackUtils/]: Detected IPv6 address: "0:0:0:0:0:0:0:0"
[23Jul2025 23:49:42.662] [Server thread/DEBUG] [net.minecraftforge.common.ForgeI18n/CORE]: Loading I18N data entries: 8006
[23Jul2025 23:49:42.665] [Server thread/INFO] [net.minecraftforge.server.permission.PermissionAPI/]: Successfully initialized permission handler forge:default_handler
[23Jul2025 23:49:42.669] [Server thread/INFO] [com.github.alexthe666.iceandfire.IceAndFire/]: {iceandfire:fire_dragon_roost=true, iceandfire:fire_lily=true, iceandfire:spawn_dragon_skeleton_fire=true, iceandfire:lightning_dragon_roost=true, iceandfire:spawn_dragon_skeleton_lightning=true, iceandfire:ice_dragon_roost=true, iceandfire:ice_dragon_cave=true, iceandfire:lightning_dragon_cave=true, iceandfire:cyclops_cave=true, iceandfire:spawn_wandering_cyclops=true, iceandfire:spawn_sea_serpent=true, iceandfire:frost_lily=true, iceandfire:hydra_cave=true, iceandfire:lightning_lily=true, iceandfire:pixie_village=true, iceandfire:myrmex_hive_jungle=true, iceandfire:myrmex_hive_desert=true, iceandfire:silver_ore=true, iceandfire:siren_island=true, iceandfire:spawn_dragon_skeleton_ice=true, iceandfire:spawn_stymphalian_bird=true, iceandfire:fire_dragon_cave=true, iceandfire:sapphire_ore=true, iceandfire:spawn_hippocampus=true, iceandfire:spawn_death_worm=true}
[23Jul2025 23:49:42.669] [Server thread/INFO] [com.github.alexthe666.iceandfire.IceAndFire/]: {TROLL_S=true, HIPPOGRYPH=true, AMPHITHERE=true, COCKATRICE=true, TROLL_M=true, DREAD_LICH=true, TROLL_F=true}
[23Jul2025 23:49:42.774] [Server thread/WARN] [net.minecraft.network.syncher.SynchedEntityData/]: defineId called for: class net.minecraft.world.entity.player.Player from class tschipp.carryon.common.carry.CarryOnDataManager
[23Jul2025 23:49:43.030] [Server thread/DEBUG] [net.minecraftforge.coremod.transformer.CoreModBaseTransformer/COREMOD]: Transforming net/minecraft/world/level/NaturalSpawner
[23Jul2025 23:49:43.083] [Server thread/DEBUG] [mixin/]: Mixing item.wearable.NaturalSpawnerMixin from mixins.artifacts.common.json into net.minecraft.world.level.NaturalSpawner
[23Jul2025 23:49:43.086] [Server thread/DEBUG] [mixin/]: Renaming synthetic method lambda$spawnCategoryForPosition$0(Lnet/minecraft/world/entity/Mob;Lnet/minecraft/world/item/ItemStack;)V to mdede484$lambda$spawnCategoryForPosition$0$0 in mixins.artifacts.common.json:item.wearable.NaturalSpawnerMixin
[23Jul2025 23:49:43.130] [Server thread/DEBUG] [net.minecraftforge.coremod.transformer.CoreModBaseTransformer/COREMOD]: Transforming m_8543_ with desc ()V
[23Jul2025 23:49:43.242] [Server thread/DEBUG] [artifacts.Artifacts/]: Loaded artifacts.forge.platform.ForgePlatformHelper@103b6a65 for service interface artifacts.platform.PlatformHelper
[23Jul2025 23:49:52.388] [Netty Epoll Server IO #1/DEBUG] [mixin/]: Mixing MapItemDataPacketMixin from moonlight-common.mixins.json into net.minecraft.network.protocol.game.ClientboundMapItemDataPacket
[23Jul2025 23:49:52.389] [Netty Epoll Server IO #1/DEBUG] [mixin/]: Renaming synthetic method lambda$moonlight$sendCustomDecorations$1(I)[Lnet/mehvahdjukaar/moonlight/api/map/CustomMapDecoration; to mdede484$lambda$moonlight$sendCustomDecorations$1$0 in moonlight-common.mixins.json:MapItemDataPacketMixin
[23Jul2025 23:49:52.389] [Netty Epoll Server IO #1/DEBUG] [mixin/]: Renaming synthetic method lambda$moonlight$sendCustomDecorations$0(Lnet/minecraft/network/FriendlyByteBuf;Lnet/mehvahdjukaar/moonlight/api/map/CustomMapDecoration;)Lnet/mehvahdjukaar/moonlight/api/map/CustomMapDecoration; to mdede484$lambda$moonlight$sendCustomDecorations$0$1 in moonlight-common.mixins.json:MapItemDataPacketMixin
[23Jul2025 23:49:52.426] [Netty Epoll Server IO #1/DEBUG] [net.minecraftforge.coremod.transformer.CoreModBaseTransformer/COREMOD]: Transforming net/minecraft/network/protocol/game/ClientboundSectionBlocksUpdatePacket
[23Jul2025 23:49:55.456] [Netty Epoll Server IO #1/DEBUG] [io.netty.util.Recycler/]: -Dio.netty.recycler.maxCapacityPerThread: 4096
[23Jul2025 23:49:55.456] [Netty Epoll Server IO #1/DEBUG] [io.netty.util.Recycler/]: -Dio.netty.recycler.ratio: 8
[23Jul2025 23:49:55.456] [Netty Epoll Server IO #1/DEBUG] [io.netty.util.Recycler/]: -Dio.netty.recycler.chunkSize: 32
[23Jul2025 23:49:55.456] [Netty Epoll Server IO #1/DEBUG] [io.netty.util.Recycler/]: -Dio.netty.recycler.blocking: false
[23Jul2025 23:50:15.491] [Server thread/DEBUG] [mixin/]: Mixing swimming.FallLocationMixin from expandability-common.mixins.json into net.minecraft.world.damagesource.FallLocation
[23Jul2025 23:50:16.371] [Netty Epoll Server IO #4/DEBUG] [net.minecraftforge.network.HandshakeHandler/FMLHANDSHAKE]: Starting new modded impl connection. Found 29 messages to dispatch.
[23Jul2025 23:50:17.247] [User Authenticator #1/INFO] [net.minecraft.server.network.ServerLoginPacketListenerImpl/]: UUID of player kanapo743 is 5af80df5-eb87-4a8e-817a-7f7532999089
[23Jul2025 23:50:17.287] [Server thread/DEBUG] [net.minecraftforge.network.HandshakeHandler/FMLHANDSHAKE]: Sending ticking packet info 'net.minecraftforge.network.HandshakeMessages$S2CModData' to 'fml:handshake' sequence 0
[23Jul2025 23:50:17.335] [Server thread/DEBUG] [net.minecraftforge.network.HandshakeHandler/FMLHANDSHAKE]: Sending ticking packet info 'net.minecraftforge.network.HandshakeMessages$S2CModList' to 'fml:handshake' sequence 1
[23Jul2025 23:50:17.385] [Server thread/DEBUG] [net.minecraftforge.network.HandshakeHandler/FMLHANDSHAKE]: Sending ticking packet info 'Registry minecraft:command_argument_type' to 'fml:handshake' sequence 2
[23Jul2025 23:50:17.435] [Server thread/DEBUG] [net.minecraftforge.network.HandshakeHandler/FMLHANDSHAKE]: Sending ticking packet info 'Registry minecraft:recipe_serializer' to 'fml:handshake' sequence 3
[23Jul2025 23:50:17.488] [Server thread/DEBUG] [net.minecraftforge.network.HandshakeHandler/FMLHANDSHAKE]: Sending ticking packet info 'Registry minecraft:sound_event' to 'fml:handshake' sequence 4
[23Jul2025 23:50:17.537] [Server thread/DEBUG] [net.minecraftforge.network.HandshakeHandler/FMLHANDSHAKE]: Sending ticking packet info 'Registry minecraft:particle_type' to 'fml:handshake' sequence 5
[23Jul2025 23:50:17.588] [Server thread/DEBUG] [net.minecraftforge.network.HandshakeHandler/FMLHANDSHAKE]: Sending ticking packet info 'Registry minecraft:villager_profession' to 'fml:handshake' sequence 6
[23Jul2025 23:50:17.636] [Server thread/DEBUG] [net.minecraftforge.network.HandshakeHandler/FMLHANDSHAKE]: Sending ticking packet info 'Registry twilightforest:tiny_bird_variant' to 'fml:handshake' sequence 7
[23Jul2025 23:50:17.685] [Server thread/DEBUG] [net.minecraftforge.network.HandshakeHandler/FMLHANDSHAKE]: Sending ticking packet info 'Registry minecraft:item' to 'fml:handshake' sequence 8
[23Jul2025 23:50:17.686] [Netty Epoll Server IO #4/DEBUG] [net.minecraftforge.network.LoginWrapper/FMLHANDSHAKE]: Recieved login wrapper packet event for channel fml:handshake with index 1
[23Jul2025 23:50:17.688] [Netty Epoll Server IO #4/DEBUG] [net.minecraftforge.network.HandshakeHandler/FMLHANDSHAKE]: Received client indexed reply 1 of type net.minecraftforge.network.HandshakeMessages$C2SModListReply
[23Jul2025 23:50:17.689] [Netty Epoll Server IO #4/DEBUG] [net.minecraftforge.network.HandshakeHandler/FMLHANDSHAKE]: Received client connection with modlist [kuma_api, easymagic, jei, libraryferret, mcwwindows, incendium, sophisticatedcore, waystones, villagernames, fallingleaves, citadel, artifacts, mixinextras, sophisticatedbackpacks, takesapillage, iceandfire, balm, carryon, puzzlesaccessapi, cloth_config, forge, simpletomb, twilightforest, supplementaries, structure_gel, tectonic, minecraft, farmersdelight, moonlight, ambientsounds, mixinsquared, jade, endrem, creativecore, dungeons_enhanced, notenoughanimations, curios, xaerominimap, collective, bettervillage, sbblacklist, inventoryhud, mvs, cfm, architectury, jamlib, rightclickharvest, flib, puzzleslib, fallingtree, expandability, playerrevive, scaffoldingdropsnearby]
[23Jul2025 23:50:17.689] [Netty Epoll Server IO #4/DEBUG] [net.minecraftforge.network.NetworkRegistry/NETREGISTRY]: Channel 'supplementaries:channel' : Version test of '0' from client : ACCEPTED
[23Jul2025 23:50:17.689] [Netty Epoll Server IO #4/DEBUG] [net.minecraftforge.network.NetworkRegistry/NETREGISTRY]: Channel 'flib:main_channel' : Version test of '1' from client : ACCEPTED
[23Jul2025 23:50:17.689] [Netty Epoll Server IO #4/DEBUG] [net.minecraftforge.network.NetworkRegistry/NETREGISTRY]: Channel 'architectury:network' : Version test of '1' from client : ACCEPTED
[23Jul2025 23:50:17.690] [Netty Epoll Server IO #4/DEBUG] [net.minecraftforge.network.NetworkRegistry/NETREGISTRY]: Channel 'structure_gel:main' : Version test of '7' from client : ACCEPTED
[23Jul2025 23:50:17.690] [Netty Epoll Server IO #4/DEBUG] [net.minecraftforge.network.NetworkRegistry/NETREGISTRY]: Channel 'jei:channel' : Version test of '1.0.0' from client : ACCEPTED
[23Jul2025 23:50:17.690] [Netty Epoll Server IO #4/DEBUG] [net.minecraftforge.network.NetworkRegistry/NETREGISTRY]: Channel 'carryon:carryonpackets' : Version test of '1.0' from client : ACCEPTED
[23Jul2025 23:50:17.690] [Netty Epoll Server IO #4/DEBUG] [net.minecraftforge.network.NetworkRegistry/NETREGISTRY]: Channel 'minecraft:unregister' : Version test of 'FML3' from client : ACCEPTED
[23Jul2025 23:50:17.690] [Netty Epoll Server IO #4/DEBUG] [net.minecraftforge.network.NetworkRegistry/NETREGISTRY]: Channel 'xaerominimap:main' : Version test of '1.0' from client : ACCEPTED
[23Jul2025 23:50:17.690] [Netty Epoll Server IO #4/DEBUG] [net.minecraftforge.network.NetworkRegistry/NETREGISTRY]: Channel 'cfm:network' : Version test of '1' from client : ACCEPTED
[23Jul2025 23:50:17.690] [Netty Epoll Server IO #4/DEBUG] [net.minecraftforge.network.NetworkRegistry/NETREGISTRY]: Channel 'sophisticatedbackpacks:channel' : Version test of '1' from client : ACCEPTED
[23Jul2025 23:50:17.690] [Netty Epoll Server IO #4/DEBUG] [net.minecraftforge.network.NetworkRegistry/NETREGISTRY]: Channel 'citadel:main_channel' : Version test of '1' from client : ACCEPTED
[23Jul2025 23:50:17.690] [Netty Epoll Server IO #4/DEBUG] [net.minecraftforge.network.NetworkRegistry/NETREGISTRY]: Channel 'puzzleslib:1' : Version test of '1' from client : ACCEPTED
[23Jul2025 23:50:17.690] [Netty Epoll Server IO #4/DEBUG] [net.minecraftforge.network.NetworkRegistry/NETREGISTRY]: Channel 'easymagic:1' : Version test of '1' from client : ACCEPTED
[23Jul2025 23:50:17.690] [Netty Epoll Server IO #4/DEBUG] [net.minecraftforge.network.NetworkRegistry/NETREGISTRY]: Channel 'iceandfire:main_channel' : Version test of '1' from client : ACCEPTED
[23Jul2025 23:50:17.690] [Netty Epoll Server IO #4/DEBUG] [net.minecraftforge.network.NetworkRegistry/NETREGISTRY]: Channel 'fallingtree:main' : Version test of '1' from client : ACCEPTED
[23Jul2025 23:50:17.690] [Netty Epoll Server IO #4/DEBUG] [net.minecraftforge.network.NetworkRegistry/NETREGISTRY]: Channel 'curios:main' : Version test of '1' from client : ACCEPTED
[23Jul2025 23:50:17.690] [Netty Epoll Server IO #4/DEBUG] [net.minecraftforge.network.NetworkRegistry/NETREGISTRY]: Channel 'fml:loginwrapper' : Version test of 'FML3' from client : ACCEPTED
[23Jul2025 23:50:17.690] [Netty Epoll Server IO #4/DEBUG] [net.minecraftforge.network.NetworkRegistry/NETREGISTRY]: Channel 'forge:tier_sorting' : Version test of '1.0' from client : ACCEPTED
[23Jul2025 23:50:17.690] [Netty Epoll Server IO #4/DEBUG] [net.minecraftforge.network.NetworkRegistry/NETREGISTRY]: Channel 'playerrevive:main' : Version test of '1' from client : ACCEPTED
[23Jul2025 23:50:17.690] [Netty Epoll Server IO #4/DEBUG] [net.minecraftforge.network.NetworkRegistry/NETREGISTRY]: Channel 'fml:play' : Version test of 'FML3' from client : ACCEPTED
[23Jul2025 23:50:17.690] [Netty Epoll Server IO #4/DEBUG] [net.minecraftforge.network.NetworkRegistry/NETREGISTRY]: Channel 'creativecore:main' : Version test of '1' from client : ACCEPTED
[23Jul2025 23:50:17.690] [Netty Epoll Server IO #4/DEBUG] [net.minecraftforge.network.NetworkRegistry/NETREGISTRY]: Channel 'sophisticatedcore:channel' : Version test of '1' from client : ACCEPTED
[23Jul2025 23:50:17.690] [Netty Epoll Server IO #4/DEBUG] [net.minecraftforge.network.NetworkRegistry/NETREGISTRY]: Channel 'fml:handshake' : Version test of 'FML3' from client : ACCEPTED
[23Jul2025 23:50:17.690] [Netty Epoll Server IO #4/DEBUG] [net.minecraftforge.network.NetworkRegistry/NETREGISTRY]: Channel 'minecraft:register' : Version test of 'FML3' from client : ACCEPTED
[23Jul2025 23:50:17.690] [Netty Epoll Server IO #4/DEBUG] [net.minecraftforge.network.NetworkRegistry/NETREGISTRY]: Channel 'forge:split' : Version test of '1.1' from client : ACCEPTED
[23Jul2025 23:50:17.690] [Netty Epoll Server IO #4/DEBUG] [net.minecraftforge.network.NetworkRegistry/NETREGISTRY]: Channel 'twilightforest:channel' : Version test of '2' from client : ACCEPTED
[23Jul2025 23:50:17.690] [Netty Epoll Server IO #4/DEBUG] [net.minecraftforge.network.NetworkRegistry/NETREGISTRY]: Channel 'waystones:network' : Version test of '1.0' from client : ACCEPTED
[23Jul2025 23:50:17.690] [Netty Epoll Server IO #4/DEBUG] [net.minecraftforge.network.NetworkRegistry/NETREGISTRY]: Channel 'moonlight:channel' : Version test of '0' from client : ACCEPTED
[23Jul2025 23:50:17.690] [Netty Epoll Server IO #4/DEBUG] [net.minecraftforge.network.NetworkRegistry/NETREGISTRY]: Channel 'jade:networking' : Version test of '2' from client : ACCEPTED
[23Jul2025 23:50:17.690] [Netty Epoll Server IO #4/DEBUG] [net.minecraftforge.network.NetworkRegistry/NETREGISTRY]: Accepting channel list from client
[23Jul2025 23:50:17.691] [Netty Epoll Server IO #4/DEBUG] [net.minecraftforge.network.HandshakeHandler/FMLHANDSHAKE]: Accepted client connection mod list
[23Jul2025 23:50:17.692] [Netty Epoll Server IO #4/DEBUG] [net.minecraftforge.network.LoginWrapper/FMLHANDSHAKE]: Recieved login wrapper packet event for channel fml:handshake with index 2
[23Jul2025 23:50:17.692] [Netty Epoll Server IO #4/DEBUG] [net.minecraftforge.network.HandshakeHandler/FMLHANDSHAKE]: Received client indexed reply 2 of type net.minecraftforge.network.HandshakeMessages$C2SAcknowledge
[23Jul2025 23:50:17.692] [Netty Epoll Server IO #4/DEBUG] [net.minecraftforge.network.HandshakeHandler/FMLHANDSHAKE]: Received acknowledgement from client
[23Jul2025 23:50:17.692] [Netty Epoll Server IO #4/DEBUG] [net.minecraftforge.network.LoginWrapper/FMLHANDSHAKE]: Recieved login wrapper packet event for channel fml:handshake with index 3
[23Jul2025 23:50:17.692] [Netty Epoll Server IO #4/DEBUG] [net.minecraftforge.network.HandshakeHandler/FMLHANDSHAKE]: Received client indexed reply 3 of type net.minecraftforge.network.HandshakeMessages$C2SAcknowledge
[23Jul2025 23:50:17.692] [Netty Epoll Server IO #4/DEBUG] [net.minecraftforge.network.HandshakeHandler/FMLHANDSHAKE]: Received acknowledgement from client
[23Jul2025 23:50:17.733] [Server thread/DEBUG] [net.minecraftforge.network.HandshakeHandler/FMLHANDSHAKE]: Sending ticking packet info 'Registry minecraft:potion' to 'fml:handshake' sequence 9
[23Jul2025 23:50:17.786] [Server thread/DEBUG] [net.minecraftforge.network.HandshakeHandler/FMLHANDSHAKE]: Sending ticking packet info 'Registry minecraft:painting_variant' to 'fml:handshake' sequence 10
[23Jul2025 23:50:17.836] [Server thread/DEBUG] [net.minecraftforge.network.HandshakeHandler/FMLHANDSHAKE]: Sending ticking packet info 'Registry forge:fluid_type' to 'fml:handshake' sequence 11
[23Jul2025 23:50:17.883] [Server thread/DEBUG] [net.minecraftforge.network.HandshakeHandler/FMLHANDSHAKE]: Sending ticking packet info 'Registry minecraft:block_entity_type' to 'fml:handshake' sequence 12
[23Jul2025 23:50:17.933] [Server thread/DEBUG] [net.minecraftforge.network.HandshakeHandler/FMLHANDSHAKE]: Sending ticking packet info 'Registry forge:display_contexts' to 'fml:handshake' sequence 13
[23Jul2025 23:50:17.988] [Server thread/DEBUG] [net.minecraftforge.network.HandshakeHandler/FMLHANDSHAKE]: Sending ticking packet info 'Registry minecraft:block' to 'fml:handshake' sequence 14
[23Jul2025 23:50:18.006] [Netty Epoll Server IO #4/DEBUG] [net.minecraftforge.network.LoginWrapper/FMLHANDSHAKE]: Recieved login wrapper packet event for channel fml:handshake with index 4
[23Jul2025 23:50:18.006] [Netty Epoll Server IO #4/DEBUG] [net.minecraftforge.network.HandshakeHandler/FMLHANDSHAKE]: Received client indexed reply 4 of type net.minecraftforge.network.HandshakeMessages$C2SAcknowledge
[23Jul2025 23:50:18.006] [Netty Epoll Server IO #4/DEBUG] [net.minecraftforge.network.HandshakeHandler/FMLHANDSHAKE]: Received acknowledgement from client
[23Jul2025 23:50:18.006] [Netty Epoll Server IO #4/DEBUG] [net.minecraftforge.network.LoginWrapper/FMLHANDSHAKE]: Recieved login wrapper packet event for channel fml:handshake with index 5
[23Jul2025 23:50:18.006] [Netty Epoll Server IO #4/DEBUG] [net.minecraftforge.network.HandshakeHandler/FMLHANDSHAKE]: Received client indexed reply 5 of type net.minecraftforge.network.HandshakeMessages$C2SAcknowledge
[23Jul2025 23:50:18.006] [Netty Epoll Server IO #4/DEBUG] [net.minecraftforge.network.HandshakeHandler/FMLHANDSHAKE]: Received acknowledgement from client
[23Jul2025 23:50:18.007] [Netty Epoll Server IO #4/DEBUG] [net.minecraftforge.network.LoginWrapper/FMLHANDSHAKE]: Recieved login wrapper packet event for channel fml:handshake with index 6
[23Jul2025 23:50:18.007] [Netty Epoll Server IO #4/DEBUG] [net.minecraftforge.network.HandshakeHandler/FMLHANDSHAKE]: Received client indexed reply 6 of type net.minecraftforge.network.HandshakeMessages$C2SAcknowledge
[23Jul2025 23:50:18.007] [Netty Epoll Server IO #4/DEBUG] [net.minecraftforge.network.HandshakeHandler/FMLHANDSHAKE]: Received acknowledgement from client
[23Jul2025 23:50:18.007] [Netty Epoll Server IO #4/DEBUG] [net.minecraftforge.network.LoginWrapper/FMLHANDSHAKE]: Recieved login wrapper packet event for channel fml:handshake with index 7
[23Jul2025 23:50:18.007] [Netty Epoll Server IO #4/DEBUG] [net.minecraftforge.network.HandshakeHandler/FMLHANDSHAKE]: Received client indexed reply 7 of type net.minecraftforge.network.HandshakeMessages$C2SAcknowledge
[23Jul2025 23:50:18.007] [Netty Epoll Server IO #4/DEBUG] [net.minecraftforge.network.HandshakeHandler/FMLHANDSHAKE]: Received acknowledgement from client
[23Jul2025 23:50:18.036] [Server thread/DEBUG] [net.minecraftforge.network.HandshakeHandler/FMLHANDSHAKE]: Sending ticking packet info 'Registry forge:entity_data_serializers' to 'fml:handshake' sequence 15
[23Jul2025 23:50:18.085] [Server thread/DEBUG] [net.minecraftforge.network.HandshakeHandler/FMLHANDSHAKE]: Sending ticking packet info 'Registry minecraft:mob_effect' to 'fml:handshake' sequence 16
[23Jul2025 23:50:18.133] [Server thread/DEBUG] [net.minecraftforge.network.HandshakeHandler/FMLHANDSHAKE]: Sending ticking packet info 'Registry minecraft:stat_type' to 'fml:handshake' sequence 17
[23Jul2025 23:50:18.183] [Server thread/DEBUG] [net.minecraftforge.network.HandshakeHandler/FMLHANDSHAKE]: Sending ticking packet info 'Registry twilightforest:enforcement' to 'fml:handshake' sequence 18
[23Jul2025 23:50:18.234] [Server thread/DEBUG] [net.minecraftforge.network.HandshakeHandler/FMLHANDSHAKE]: Sending ticking packet info 'Registry minecraft:menu' to 'fml:handshake' sequence 19
[23Jul2025 23:50:18.286] [Server thread/DEBUG] [net.minecraftforge.network.HandshakeHandler/FMLHANDSHAKE]: Sending ticking packet info 'Registry twilightforest:dwarf_rabbit_variant' to 'fml:handshake' sequence 20
[23Jul2025 23:50:18.326] [Netty Epoll Server IO #4/DEBUG] [net.minecraftforge.network.LoginWrapper/FMLHANDSHAKE]: Recieved login wrapper packet event for channel fml:handshake with index 8
[23Jul2025 23:50:18.326] [Netty Epoll Server IO #4/DEBUG] [net.minecraftforge.network.HandshakeHandler/FMLHANDSHAKE]: Received client indexed reply 8 of type net.minecraftforge.network.HandshakeMessages$C2SAcknowledge
[23Jul2025 23:50:18.326] [Netty Epoll Server IO #4/DEBUG] [net.minecraftforge.network.HandshakeHandler/FMLHANDSHAKE]: Received acknowledgement from client
[23Jul2025 23:50:18.327] [Netty Epoll Server IO #4/DEBUG] [net.minecraftforge.network.LoginWrapper/FMLHANDSHAKE]: Recieved login wrapper packet event for channel fml:handshake with index 9
[23Jul2025 23:50:18.327] [Netty Epoll Server IO #4/DEBUG] [net.minecraftforge.network.HandshakeHandler/FMLHANDSHAKE]: Received client indexed reply 9 of type net.minecraftforge.network.HandshakeMessages$C2SAcknowledge
[23Jul2025 23:50:18.327] [Netty Epoll Server IO #4/DEBUG] [net.minecraftforge.network.HandshakeHandler/FMLHANDSHAKE]: Received acknowledgement from client
[23Jul2025 23:50:18.334] [Server thread/DEBUG] [net.minecraftforge.network.HandshakeHandler/FMLHANDSHAKE]: Sending ticking packet info 'Registry minecraft:enchantment' to 'fml:handshake' sequence 21
[23Jul2025 23:50:18.335] [Netty Epoll Server IO #4/DEBUG] [net.minecraftforge.network.LoginWrapper/FMLHANDSHAKE]: Recieved login wrapper packet event for channel fml:handshake with index 10
[23Jul2025 23:50:18.335] [Netty Epoll Server IO #4/DEBUG] [net.minecraftforge.network.HandshakeHandler/FMLHANDSHAKE]: Received client indexed reply 10 of type net.minecraftforge.network.HandshakeMessages$C2SAcknowledge
[23Jul2025 23:50:18.335] [Netty Epoll Server IO #4/DEBUG] [net.minecraftforge.network.HandshakeHandler/FMLHANDSHAKE]: Received acknowledgement from client
[23Jul2025 23:50:18.336] [Netty Epoll Server IO #4/DEBUG] [net.minecraftforge.network.LoginWrapper/FMLHANDSHAKE]: Recieved login wrapper packet event for channel fml:handshake with index 11
[23Jul2025 23:50:18.336] [Netty Epoll Server IO #4/DEBUG] [net.minecraftforge.network.HandshakeHandler/FMLHANDSHAKE]: Received client indexed reply 11 of type net.minecraftforge.network.HandshakeMessages$C2SAcknowledge
[23Jul2025 23:50:18.336] [Netty Epoll Server IO #4/DEBUG] [net.minecraftforge.network.HandshakeHandler/FMLHANDSHAKE]: Received acknowledgement from client
[23Jul2025 23:50:18.336] [Netty Epoll Server IO #4/DEBUG] [net.minecraftforge.network.LoginWrapper/FMLHANDSHAKE]: Recieved login wrapper packet event for channel fml:handshake with index 12
[23Jul2025 23:50:18.336] [Netty Epoll Server IO #4/DEBUG] [net.minecraftforge.network.HandshakeHandler/FMLHANDSHAKE]: Received client indexed reply 12 of type net.minecraftforge.network.HandshakeMessages$C2SAcknowledge
[23Jul2025 23:50:18.336] [Netty Epoll Server IO #4/DEBUG] [net.minecraftforge.network.HandshakeHandler/FMLHANDSHAKE]: Received acknowledgement from client
[23Jul2025 23:50:18.336] [Netty Epoll Server IO #4/DEBUG] [net.minecraftforge.network.LoginWrapper/FMLHANDSHAKE]: Recieved login wrapper packet event for channel fml:handshake with index 13
[23Jul2025 23:50:18.337] [Netty Epoll Server IO #4/DEBUG] [net.minecraftforge.network.HandshakeHandler/FMLHANDSHAKE]: Received client indexed reply 13 of type net.minecraftforge.network.HandshakeMessages$C2SAcknowledge
[23Jul2025 23:50:18.337] [Netty Epoll Server IO #4/DEBUG] [net.minecraftforge.network.HandshakeHandler/FMLHANDSHAKE]: Received acknowledgement from client
[23Jul2025 23:50:18.385] [Server thread/DEBUG] [net.minecraftforge.network.HandshakeHandler/FMLHANDSHAKE]: Sending ticking packet info 'Registry minecraft:fluid' to 'fml:handshake' sequence 22
[23Jul2025 23:50:18.436] [Server thread/DEBUG] [net.minecraftforge.network.HandshakeHandler/FMLHANDSHAKE]: Sending ticking packet info 'Registry minecraft:entity_type' to 'fml:handshake' sequence 23
[23Jul2025 23:50:18.486] [Server thread/DEBUG] [net.minecraftforge.network.HandshakeHandler/FMLHANDSHAKE]: Sending ticking packet info 'Config curios-server.toml' to 'fml:handshake' sequence 24
[23Jul2025 23:50:18.509] [Netty Epoll Server IO #4/DEBUG] [net.minecraftforge.network.LoginWrapper/FMLHANDSHAKE]: Recieved login wrapper packet event for channel fml:handshake with index 14
[23Jul2025 23:50:18.509] [Netty Epoll Server IO #4/DEBUG] [net.minecraftforge.network.HandshakeHandler/FMLHANDSHAKE]: Received client indexed reply 14 of type net.minecraftforge.network.HandshakeMessages$C2SAcknowledge
[23Jul2025 23:50:18.509] [Netty Epoll Server IO #4/DEBUG] [net.minecraftforge.network.HandshakeHandler/FMLHANDSHAKE]: Received acknowledgement from client
[23Jul2025 23:50:18.509] [Netty Epoll Server IO #4/DEBUG] [net.minecraftforge.network.LoginWrapper/FMLHANDSHAKE]: Recieved login wrapper packet event for channel fml:handshake with index 15
[23Jul2025 23:50:18.510] [Netty Epoll Server IO #4/DEBUG] [net.minecraftforge.network.HandshakeHandler/FMLHANDSHAKE]: Received client indexed reply 15 of type net.minecraftforge.network.HandshakeMessages$C2SAcknowledge
[23Jul2025 23:50:18.510] [Netty Epoll Server IO #4/DEBUG] [net.minecraftforge.network.HandshakeHandler/FMLHANDSHAKE]: Received acknowledgement from client
[23Jul2025 23:50:18.510] [Netty Epoll Server IO #4/DEBUG] [net.minecraftforge.network.LoginWrapper/FMLHANDSHAKE]: Recieved login wrapper packet event for channel fml:handshake with index 16
[23Jul2025 23:50:18.510] [Netty Epoll Server IO #4/DEBUG] [net.minecraftforge.network.HandshakeHandler/FMLHANDSHAKE]: Received client indexed reply 16 of type net.minecraftforge.network.HandshakeMessages$C2SAcknowledge
[23Jul2025 23:50:18.510] [Netty Epoll Server IO #4/DEBUG] [net.minecraftforge.network.HandshakeHandler/FMLHANDSHAKE]: Received acknowledgement from client
[23Jul2025 23:50:18.510] [Netty Epoll Server IO #4/DEBUG] [net.minecraftforge.network.LoginWrapper/FMLHANDSHAKE]: Recieved login wrapper packet event for channel fml:handshake with index 17
[23Jul2025 23:50:18.510] [Netty Epoll Server IO #4/DEBUG] [net.minecraftforge.network.HandshakeHandler/FMLHANDSHAKE]: Received client indexed reply 17 of type net.minecraftforge.network.HandshakeMessages$C2SAcknowledge
[23Jul2025 23:50:18.510] [Netty Epoll Server IO #4/DEBUG] [net.minecraftforge.network.HandshakeHandler/FMLHANDSHAKE]: Received acknowledgement from client
[23Jul2025 23:50:18.511] [Netty Epoll Server IO #4/DEBUG] [net.minecraftforge.network.LoginWrapper/FMLHANDSHAKE]: Recieved login wrapper packet event for channel fml:handshake with index 18
[23Jul2025 23:50:18.511] [Netty Epoll Server IO #4/DEBUG] [net.minecraftforge.network.HandshakeHandler/FMLHANDSHAKE]: Received client indexed reply 18 of type net.minecraftforge.network.HandshakeMessages$C2SAcknowledge
[23Jul2025 23:50:18.511] [Netty Epoll Server IO #4/DEBUG] [net.minecraftforge.network.HandshakeHandler/FMLHANDSHAKE]: Received acknowledgement from client
[23Jul2025 23:50:18.511] [Netty Epoll Server IO #4/DEBUG] [net.minecraftforge.network.LoginWrapper/FMLHANDSHAKE]: Recieved login wrapper packet event for channel fml:handshake with index 19
[23Jul2025 23:50:18.511] [Netty Epoll Server IO #4/DEBUG] [net.minecraftforge.network.HandshakeHandler/FMLHANDSHAKE]: Received client indexed reply 19 of type net.minecraftforge.network.HandshakeMessages$C2SAcknowledge
[23Jul2025 23:50:18.511] [Netty Epoll Server IO #4/DEBUG] [net.minecraftforge.network.HandshakeHandler/FMLHANDSHAKE]: Received acknowledgement from client
[23Jul2025 23:50:18.511] [Netty Epoll Server IO #4/DEBUG] [net.minecraftforge.network.LoginWrapper/FMLHANDSHAKE]: Recieved login wrapper packet event for channel fml:handshake with index 20
[23Jul2025 23:50:18.511] [Netty Epoll Server IO #4/DEBUG] [net.minecraftforge.network.HandshakeHandler/FMLHANDSHAKE]: Received client indexed reply 20 of type net.minecraftforge.network.HandshakeMessages$C2SAcknowledge
[23Jul2025 23:50:18.511] [Netty Epoll Server IO #4/DEBUG] [net.minecraftforge.network.HandshakeHandler/FMLHANDSHAKE]: Received acknowledgement from client
[23Jul2025 23:50:18.512] [Netty Epoll Server IO #4/DEBUG] [net.minecraftforge.network.LoginWrapper/FMLHANDSHAKE]: Recieved login wrapper packet event for channel fml:handshake with index 21
[23Jul2025 23:50:18.512] [Netty Epoll Server IO #4/DEBUG] [net.minecraftforge.network.HandshakeHandler/FMLHANDSHAKE]: Received client indexed reply 21 of type net.minecraftforge.network.HandshakeMessages$C2SAcknowledge
[23Jul2025 23:50:18.512] [Netty Epoll Server IO #4/DEBUG] [net.minecraftforge.network.HandshakeHandler/FMLHANDSHAKE]: Received acknowledgement from client
[23Jul2025 23:50:18.537] [Server thread/DEBUG] [net.minecraftforge.network.HandshakeHandler/FMLHANDSHAKE]: Sending ticking packet info 'Config sophisticatedbackpacks-server.toml' to 'fml:handshake' sequence 25
[23Jul2025 23:50:18.560] [Netty Epoll Server IO #4/DEBUG] [net.minecraftforge.network.LoginWrapper/FMLHANDSHAKE]: Recieved login wrapper packet event for channel fml:handshake with index 22
[23Jul2025 23:50:18.560] [Netty Epoll Server IO #4/DEBUG] [net.minecraftforge.network.HandshakeHandler/FMLHANDSHAKE]: Received client indexed reply 22 of type net.minecraftforge.network.HandshakeMessages$C2SAcknowledge
[23Jul2025 23:50:18.560] [Netty Epoll Server IO #4/DEBUG] [net.minecraftforge.network.HandshakeHandler/FMLHANDSHAKE]: Received acknowledgement from client
[23Jul2025 23:50:18.584] [Server thread/DEBUG] [net.minecraftforge.network.HandshakeHandler/FMLHANDSHAKE]: Sending ticking packet info 'Config jei-server.toml' to 'fml:handshake' sequence 26
[23Jul2025 23:50:18.634] [Server thread/DEBUG] [net.minecraftforge.network.HandshakeHandler/FMLHANDSHAKE]: Sending ticking packet info 'Config easymagic-server.toml' to 'fml:handshake' sequence 27
[23Jul2025 23:50:18.686] [Server thread/DEBUG] [net.minecraftforge.network.HandshakeHandler/FMLHANDSHAKE]: Sending ticking packet info 'Config forge-server.toml' to 'fml:handshake' sequence 28
[23Jul2025 23:50:20.294] [Netty Epoll Server IO #4/DEBUG] [net.minecraftforge.network.LoginWrapper/FMLHANDSHAKE]: Recieved login wrapper packet event for channel fml:handshake with index 23
[23Jul2025 23:50:20.295] [Netty Epoll Server IO #4/DEBUG] [net.minecraftforge.network.HandshakeHandler/FMLHANDSHAKE]: Received client indexed reply 23 of type net.minecraftforge.network.HandshakeMessages$C2SAcknowledge
[23Jul2025 23:50:20.295] [Netty Epoll Server IO #4/DEBUG] [net.minecraftforge.network.HandshakeHandler/FMLHANDSHAKE]: Received acknowledgement from client
[23Jul2025 23:50:20.295] [Netty Epoll Server IO #4/DEBUG] [net.minecraftforge.network.LoginWrapper/FMLHANDSHAKE]: Recieved login wrapper packet event for channel fml:handshake with index 24
[23Jul2025 23:50:20.295] [Netty Epoll Server IO #4/DEBUG] [net.minecraftforge.network.HandshakeHandler/FMLHANDSHAKE]: Received client indexed reply 24 of type net.minecraftforge.network.HandshakeMessages$C2SAcknowledge
[23Jul2025 23:50:20.295] [Netty Epoll Server IO #4/DEBUG] [net.minecraftforge.network.HandshakeHandler/FMLHANDSHAKE]: Received acknowledgement from client
[23Jul2025 23:50:20.298] [Netty Epoll Server IO #4/DEBUG] [net.minecraftforge.network.LoginWrapper/FMLHANDSHAKE]: Recieved login wrapper packet event for channel fml:handshake with index 25
[23Jul2025 23:50:20.299] [Netty Epoll Server IO #4/DEBUG] [net.minecraftforge.network.HandshakeHandler/FMLHANDSHAKE]: Received client indexed reply 25 of type net.minecraftforge.network.HandshakeMessages$C2SAcknowledge
[23Jul2025 23:50:20.299] [Netty Epoll Server IO #4/DEBUG] [net.minecraftforge.network.HandshakeHandler/FMLHANDSHAKE]: Received acknowledgement from client
[23Jul2025 23:50:20.299] [Netty Epoll Server IO #4/DEBUG] [net.minecraftforge.network.LoginWrapper/FMLHANDSHAKE]: Recieved login wrapper packet event for channel fml:handshake with index 26
[23Jul2025 23:50:20.299] [Netty Epoll Server IO #4/DEBUG] [net.minecraftforge.network.HandshakeHandler/FMLHANDSHAKE]: Received client indexed reply 26 of type net.minecraftforge.network.HandshakeMessages$C2SAcknowledge
[23Jul2025 23:50:20.299] [Netty Epoll Server IO #4/DEBUG] [net.minecraftforge.network.HandshakeHandler/FMLHANDSHAKE]: Received acknowledgement from client
[23Jul2025 23:50:20.299] [Netty Epoll Server IO #4/DEBUG] [net.minecraftforge.network.LoginWrapper/FMLHANDSHAKE]: Recieved login wrapper packet event for channel fml:handshake with index 27
[23Jul2025 23:50:20.299] [Netty Epoll Server IO #4/DEBUG] [net.minecraftforge.network.HandshakeHandler/FMLHANDSHAKE]: Received client indexed reply 27 of type net.minecraftforge.network.HandshakeMessages$C2SAcknowledge
[23Jul2025 23:50:20.299] [Netty Epoll Server IO #4/DEBUG] [net.minecraftforge.network.HandshakeHandler/FMLHANDSHAKE]: Received acknowledgement from client
[23Jul2025 23:50:20.299] [Netty Epoll Server IO #4/DEBUG] [net.minecraftforge.network.LoginWrapper/FMLHANDSHAKE]: Recieved login wrapper packet event for channel fml:handshake with index 28
[23Jul2025 23:50:20.299] [Netty Epoll Server IO #4/DEBUG] [net.minecraftforge.network.HandshakeHandler/FMLHANDSHAKE]: Received client indexed reply 28 of type net.minecraftforge.network.HandshakeMessages$C2SAcknowledge
[23Jul2025 23:50:20.300] [Netty Epoll Server IO #4/DEBUG] [net.minecraftforge.network.HandshakeHandler/FMLHANDSHAKE]: Received acknowledgement from client
[23Jul2025 23:50:20.334] [Server thread/DEBUG] [net.minecraftforge.network.HandshakeHandler/FMLHANDSHAKE]: Handshake complete!
[23Jul2025 23:50:20.503] [Server thread/INFO] [net.minecraft.server.players.PlayerList/]: kanapo743[/127.1.80.29:41935] logged in with entity id 256 at (-59.34048479566677, -5.0, 17.459193094697717)
[23Jul2025 23:50:20.508] [Server thread/DEBUG] [net.minecraftforge.network.filters.NetworkFilters/]: Injected net.minecraftforge.network.filters.ForgeConnectionNetworkFilter@44d415ac into net.minecraft.network.Connection@3b32bb77
[23Jul2025 23:50:20.584] [Server thread/INFO] [net.minecraft.server.MinecraftServer/]: kanapo743 joined the game
[23Jul2025 23:50:20.615] [Server thread/DEBUG] [mixin/]: Mixing ChunkHolderMixin from supplementaries.mixins.json into net.minecraft.network.protocol.game.ClientboundLevelChunkPacketData$BlockEntityInfo
[23Jul2025 23:50:20.615] [Server thread/DEBUG] [mixin/]: Renaming synthetic method lambda$sendBlockEntityCaps$2(Lnet/minecraft/world/level/block/entity/BlockEntity;Lnet/minecraft/server/level/ServerLevel;Lnet/minecraft/core/BlockPos;)V to mdede484$lambda$sendBlockEntityCaps$2$0 in supplementaries.mixins.json:ChunkHolderMixin
[23Jul2025 23:50:20.616] [Server thread/DEBUG] [mixin/]: Renaming synthetic method lambda$sendBlockEntityCaps$1(Lnet/minecraft/server/level/ServerLevel;Lnet/minecraft/core/BlockPos;Lnet/mehvahdjukaar/supplementaries/api/IAntiqueTextProvider;)V to mdede484$lambda$sendBlockEntityCaps$1$1 in supplementaries.mixins.json:ChunkHolderMixin
[23Jul2025 23:50:20.616] [Server thread/DEBUG] [mixin/]: Renaming synthetic method lambda$sendBlockEntityCaps$0(Lnet/minecraft/core/BlockPos;Lnet/mehvahdjukaar/supplementaries/api/IAntiqueTextProvider;Lnet/minecraft/server/level/ServerPlayer;)V to mdede484$lambda$sendBlockEntityCaps$0$2 in supplementaries.mixins.json:ChunkHolderMixin
[23Jul2025 23:50:20.805] [Server thread/INFO] [Jade/]: Syncing config to kanapo743 (5af80df5-eb87-4a8e-817a-7f7532999089)
[23Jul2025 23:51:11.476] [Server thread/DEBUG] [mixin/]: Mixing MixinPiglinAi from curios.mixins.json into net.minecraft.world.entity.monster.piglin.PiglinAi
[23Jul2025 23:54:42.889] [Server thread/DEBUG] [net.minecraftforge.common.ForgeHooks/WP]: Gathering id map for writing to world save world
[23Jul2025 23:54:42.901] [Server thread/DEBUG] [net.minecraftforge.common.ForgeHooks/WP]: ID Map collection complete world
[23Jul2025 23:56:26.387] [Server thread/INFO] [net.minecraft.server.MinecraftServer/]: kanapo743 has made the advancement [Not Today, Thank You]
[23Jul2025 23:58:12.736] [Server thread/INFO] [net.minecraft.server.MinecraftServer/]: kanapo743 has made the advancement [Diamonds!]
[23Jul2025 23:59:32.325] [Worker-Main-2/DEBUG] [mixin/]: Mixing JigsawPlacementPlacerMixin from waystones.mixins.json into net.minecraft.world.level.levelgen.structure.pools.JigsawPlacement$Placer
[23Jul2025 23:59:32.527] [Worker-Main-2/DEBUG] [mixin/]: Mixing gen.WorldGenRegionMixin from iceandfire.mixins.json into net.minecraft.server.level.WorldGenRegion
[23Jul2025 23:59:32.527] [Worker-Main-2/DEBUG] [mixin/]: Mixing world.WorldGenRegionAccessor from mvs-common.mixins.json into net.minecraft.server.level.WorldGenRegion
[23Jul2025 23:59:34.740] [Worker-Main-2/WARN] [net.minecraft.server.level.WorldGenRegion/]: Tried to access a block entity before it was created. BlockPos{x=235, y=15, z=-192}
[23Jul2025 23:59:42.865] [Server thread/DEBUG] [net.minecraftforge.common.ForgeHooks/WP]: Gathering id map for writing to world save world
[23Jul2025 23:59:42.878] [Server thread/DEBUG] [net.minecraftforge.common.ForgeHooks/WP]: ID Map collection complete world
[24Jul2025 00:04:42.855] [Server thread/DEBUG] [net.minecraftforge.common.ForgeHooks/WP]: Gathering id map for writing to world save world
[24Jul2025 00:04:42.866] [Server thread/DEBUG] [net.minecraftforge.common.ForgeHooks/WP]: ID Map collection complete world
[24Jul2025 00:09:42.858] [Server thread/DEBUG] [net.minecraftforge.common.ForgeHooks/WP]: Gathering id map for writing to world save world
[24Jul2025 00:09:42.870] [Server thread/DEBUG] [net.minecraftforge.common.ForgeHooks/WP]: ID Map collection complete world
[24Jul2025 00:14:42.856] [Server thread/DEBUG] [net.minecraftforge.common.ForgeHooks/WP]: Gathering id map for writing to world save world
[24Jul2025 00:14:42.866] [Server thread/DEBUG] [net.minecraftforge.common.ForgeHooks/WP]: ID Map collection complete world
[24Jul2025 00:19:42.854] [Server thread/DEBUG] [net.minecraftforge.common.ForgeHooks/WP]: Gathering id map for writing to world save world
[24Jul2025 00:19:42.864] [Server thread/DEBUG] [net.minecraftforge.common.ForgeHooks/WP]: ID Map collection complete world
